Car Model,KM Driven,Fuel Type,Transmission Type,Ownership,Price(in Lakhs),Car Age
Maruti Swift,60660,Diesel,Manual,1,2.79,10
Maruti Swift Dzire,150000,Petrol,Manual,2,3.57,6
Mahindra XUV500,48700,Diesel,Manual,2,11.63,4
Maruti OMNI E,55800,Petrol,Manual,3,1.46,10
Volkswagen Vento,49320,Petrol,Manual,1,1.79,15
Maruti Omni,99790,Petrol,Manual,1,1.65,9
Maruti OMNI E,86550,Petrol,Manual,1,1.5,12
Tata Hexa,150000,Diesel,Manual,1,4.77,8
Hyundai Creta,47760,Petrol,Manual,1,9.87,5
Tata PUNCH EV,15570,Electric,Auto,1,10.5,1
Hyundai i20,120000,Diesel,Manual,5,2.31,14
Maruti Alto 800,96290,Petrol,Manual,3,1.41,12
Maruti Wagon R 1.0,64530,Petrol,Manual,3,2.52,14
Maruti A Star,92050,Petrol,Auto,3,2.23,12
Maruti Ciaz,150000,Diesel,Manual,3,5.32,10
Volkswagen Polo,140000,Petrol,Manual,2,4.1,9
Tata Indigo ECS,150000,Diesel,Manual,1,1.0,15
Maruti Wagon R 1.0,99150,Petrol,Manual,2,5.18,8
Hyundai Verna,140000,Diesel,Manual,3,5.14,10
Maruti Ertiga,120000,Petrol,Manual,3,6.19,10
Hyundai VENUE,150000,Diesel,Manual,1,11.14,5
Hyundai Verna,99170,Petrol,Manual,4,3.21,12
Hyundai Creta,100000,Diesel,Manual,1,8.5,8
Maruti Wagon R 1.0,120000,Petrol,Manual,2,2.5,13
Honda City,79290,Petrol,Auto,2,6.78,10
Honda BR-V,290000,Diesel,Manual,1,6.11,9
Maruti Dzire,72020,Petrol,Manual,1,8.5,3
Ford FREESTYLE,68520,Petrol,Manual,1,5.5,4
BMW X1,110000,Diesel,Auto,3,5.09,13
Hyundai Santa Fe,220000,Diesel,Auto,4,5.67,11
Maruti Vitara Brezza,62670,Diesel,Manual,4,5.65,8
Maruti Ritz,190000,Diesel,Manual,2,1.69,14
Renault Kwid,110000,Petrol,Manual,3,1.99,5
Maruti Swift Dzire,150000,Diesel,Manual,4,2.76,11
Hyundai Elite i20,53970,Petrol,Manual,2,4.2,8
Hyundai i20,51020,Petrol,Manual,2,2.33,12
MG HECTOR PLUS,32000,Diesel,Manual,1,18.0,2
Hyundai i10,110000,Petrol,Manual,3,1.59,10
Volkswagen Vento,160000,Diesel,Manual,3,1.45,13
Hyundai i20,160000,Diesel,Manual,4,1.35,13
Mahindra XUV500,94550,Diesel,Manual,3,2.25,13
Honda Amaze,79330,Diesel,Manual,2,2.91,9
Maruti Swift Dzire,120000,Diesel,Manual,7,3.0,11
Datsun Redi Go,120000,Petrol,Manual,2,1.29,7
Renault Duster,160000,Diesel,Manual,3,1.38,13
Maruti Grand Vitara,12050,Petrol,Manual,1,9.7,1
Ford Figo Aspire,93210,Petrol,Manual,1,3.09,9
Volkswagen Polo,140000,Petrol,Manual,3,2.2,12
Maruti Alto,46430,Petrol,Manual,2,3.17,6
Nissan Terrano,98900,Diesel,Manual,4,1.91,11
Maruti Alto 800,160000,Petrol,Manual,1,1.75,10
Nissan Terrano,100000,Diesel,Manual,4,2.0,11
Mahindra Xylo,94580,Diesel,Manual,3,1.93,12
Hyundai Eon,100000,Petrol,Manual,3,1.0,13
Hyundai Grand i10,79500,Diesel,Manual,3,1.75,11
Hyundai Grand i10,78120,Diesel,Manual,1,2.69,12
Hyundai Verna,70760,Petrol,Manual,1,7.47,6
Maruti Swift,91410,Petrol,Manual,1,2.19,14
Volkswagen Ameo,120000,Petrol,Manual,1,3.5,8
Hyundai Verna,200000,Diesel,Manual,3,1.1,15
Maruti Baleno,35750,Petrol,Manual,3,3.95,8
Maruti Ritz,180000,Diesel,Manual,1,1.1,15
Maruti Swift Dzire,140000,Diesel,Manual,3,2.7,12
Tata PUNCH,4120,Petrol,Manual,1,6.12,1
Renault TRIBER,17110,Petrol,Manual,1,5.0,6
Maruti Baleno,80540,Petrol,Manual,2,3.86,9
Honda Brio,75150,Petrol,Manual,3,2.57,11
Maruti Vitara Brezza,100000,Petrol,Manual,1,7.2,4
Honda City,92270,Diesel,Manual,2,3.2,11
Honda City ZX,140000,Petrol,Manual,3,1.04,18
Toyota Etios,120000,Diesel,Manual,2,2.75,11
Maruti Wagon R 1.0,100000,Petrol,Manual,2,1.42,14
Maruti Swift,130000,Diesel,Manual,1,3.04,12
Datsun Redi Go,16500,Petrol,Manual,1,3.4,4
Maruti Alto,110000,Petrol,Manual,3,1.0,14
Honda Amaze,51670,Diesel,Manual,1,6.56,6
Renault Lodgy,140000,Diesel,Manual,1,2.5,10
Maruti Swift,95090,Diesel,Manual,3,2.9,11
Honda City,22750,Petrol,Auto,1,6.99,8
Hyundai Creta,88040,Petrol,Manual,2,7.0,8
Tata Harrier,110000,Diesel,Manual,1,13.0,4
Skoda Superb,76080,Diesel,Auto,1,3.23,13
Mahindra XUV500,91080,Diesel,Manual,3,5.0,10
Mahindra XUV500,120000,Diesel,Auto,2,7.5,8
Tata Harrier,53980,Diesel,Manual,1,15.0,3
Maruti XL6,75430,Petrol,Manual,1,9.2,3
Renault Kiger,91160,Petrol,Manual,1,5.16,4
Maruti IGNIS,66260,Petrol,Manual,1,4.24,2
Toyota Fortuner,360000,Diesel,Manual,1,9.69,13
Tata Tiago,100000,Petrol,Manual,1,3.91,6
Mahindra XUV500,130000,Diesel,Manual,2,5.6,9
Tata NEXON,42610,Petrol,Manual,1,8.2,3
Honda City,93790,Diesel,Manual,2,3.81,11
Jeep Compass,120000,Diesel,Manual,3,8.0,7
KIA SELTOS,90060,Diesel,Manual,1,11.0,3
KIA SONET,59850,Petrol,Manual,1,9.3,2
Hyundai Creta,160000,Diesel,Manual,1,8.45,8
Tata Harrier,46710,Diesel,Manual,1,16.0,2
MG HECTOR,30910,Petrol,Auto,1,15.94,4
Audi A4,120000,Diesel,Auto,3,5.11,14
Toyota Fortuner,160000,Diesel,Manual,3,6.5,14
Hyundai Verna,14140,Petrol,Manual,1,14.9,2
Tata Safari Storme,93000,Diesel,Manual,3,5.0,9
Audi A8L,94850,Diesel,Auto,2,10.0,14
Landrover Freelander 2,130000,Diesel,Auto,1,11.76,11
Hyundai VENUE,76260,Petrol,Auto,1,8.85,6
Tata Harrier,110000,Diesel,Manual,2,9.71,6
Mahindra XUV500,170000,Diesel,Manual,1,3.98,13
Tata NEXON,9730,Petrol,Manual,1,11.5,2
Hyundai Eon,62300,Petrol,Manual,2,1.82,13
Tata Manza,100000,Diesel,Manual,6,1.0,14
Maruti Baleno,52890,Petrol,Auto,3,4.85,8
Maruti Swift,130000,Diesel,Manual,3,3.0,14
Mahindra XUV500,150000,Diesel,Manual,1,8.5,8
Renault Duster,140000,Diesel,Manual,2,5.42,10
Mahindra XUV500,170000,Diesel,Manual,4,4.75,12
Hyundai ALCAZAR,88990,Diesel,Manual,1,13.8,3
Maruti S Cross,110000,Diesel,Manual,2,7.3,8
Mercedes Benz E Class,110000,Diesel,Auto,1,13.5,9
Jeep Compass,48220,Diesel,Manual,2,11.0,8
Maruti Alto 800,17180,Petrol,Manual,2,3.1,9
Chevrolet Beat,33600,Petrol,Manual,2,1.3,11
Hyundai Verna,82170,Petrol,Manual,3,3.35,14
Volkswagen Polo,94400,Diesel,Manual,2,3.99,11
Maruti Swift,250000,Diesel,Manual,1,5.45,11
Tata PUNCH,3420,Petrol,Manual,1,9.5,1
Hyundai i10,56380,Petrol,Auto,2,1.78,15
Maruti Celerio,69200,Petrol,Auto,2,3.0,9
Maruti Ertiga,91580,Petrol,Manual,2,9.5,6
Maruti Ertiga,98440,Petrol,Manual,2,4.5,11
Hyundai NEW SANTRO,110000,Petrol,Manual,1,4.0,7
Ford Ecosport,97820,Diesel,Manual,1,8.0,7
Maruti Eeco,81260,Petrol,Manual,2,5.14,5
Tata PUNCH,35940,Petrol,Manual,1,6.37,2
Mahindra Kuv100,110000,Diesel,Manual,1,2.45,9
Tata Manza,68020,Petrol,Manual,2,1.21,14
Renault TRIBER,39990,Petrol,Manual,3,5.0,6
Maruti Swift Dzire,160000,Petrol,Manual,1,3.0,11
Maruti Alto K10,40210,Petrol,Manual,1,2.1,10
Maruti Swift Dzire,110000,Diesel,Manual,4,1.67,12
Tata Zest,75010,Diesel,Manual,2,1.79,10
Maruti Wagon R 1.0,97160,Petrol,Manual,5,1.97,10
Hyundai Eon,64910,Petrol,Manual,1,1.95,9
Hyundai i20 Active,120000,Diesel,Manual,1,2.8,10
Maruti Ertiga,150000,Diesel,Manual,3,4.25,11
Maruti Swift Dzire,120000,Diesel,Manual,2,4.13,10
Hyundai i10,74620,Petrol,Manual,2,1.0,14
Toyota Etios,80340,Petrol,Manual,3,2.3,11
Datsun Go,19910,Petrol,Manual,1,1.98,8
Maruti Baleno,82130,Petrol,Manual,2,3.53,9
Hyundai Elite i20,44270,Petrol,Manual,2,4.72,8
Honda Amaze,110000,Petrol,Manual,3,2.5,9
Toyota Etios Liva,56200,Petrol,Manual,1,1.53,14
Maruti Ciaz,66990,Diesel,Manual,2,2.9,10
Hyundai Verna,85560,Petrol,Auto,4,3.65,9
Hyundai Eon,100000,Petrol,Manual,3,1.1,13
Maruti Swift Dzire,72000,Petrol,Manual,1,3.5,9
Tata Bolt,180000,Diesel,Manual,2,1.6,11
Maruti Swift Dzire,190000,Diesel,Manual,2,3.5,9
Hyundai i10,85810,Petrol,Manual,2,1.25,13
Hyundai i10,74250,Petrol,Manual,1,1.28,15
Ford Fiesta Classic,140000,Diesel,Manual,1,1.42,13
Maruti Wagon R 1.0,88800,Petrol,Auto,1,2.74,9
Hyundai Verna,110000,Diesel,Manual,2,5.0,8
Honda Jazz,61540,Petrol,Manual,2,1.5,13
Maruti Ertiga,62120,Petrol,Manual,2,8.28,4
Renault Kwid,37780,Petrol,Manual,1,2.81,4
Maruti New Wagon-R,77150,Petrol,Manual,1,4.07,4
Maruti Baleno,38580,Petrol,Manual,1,5.75,4
Hyundai NEW SANTRO,56800,Petrol,Manual,3,3.78,6
Maruti Baleno,120000,Diesel,Manual,1,3.39,9
Maruti New Wagon-R,79840,Petrol,Manual,1,3.99,6
Tata NEXON,29160,Petrol,Manual,1,6.4,4
Chevrolet Captiva,96740,Diesel,Manual,2,2.3,14
Maruti Swift Dzire,110000,Diesel,Manual,2,3.0,10
Mahindra XUV700,24450,Petrol,Auto,1,16.5,2
Tata NEXON,34790,Petrol,Manual,1,6.65,4
Maruti Ciaz,110000,Diesel,Manual,2,3.66,9
Honda City,62500,Petrol,Manual,3,5.72,7
Maruti Ciaz,51870,Petrol,Manual,1,6.9,6
Maruti S PRESSO,9610,Petrol,Manual,1,4.66,3
Mahindra XUV500,78680,Diesel,Manual,2,7.0,8
KIA SONET,97110,Petrol,Manual,1,7.0,5
Hyundai Creta,150000,Diesel,Manual,1,7.13,9
Hyundai Creta,96000,Diesel,Manual,1,6.0,6
Skoda SLAVIA,48400,Petrol,Auto,1,11.5,3
Tata Tiago,64370,Petrol,Auto,1,4.65,6
Hyundai VENUE,30100,Diesel,Manual,1,9.76,2
Mahindra Kuv100,8760,Petrol,Manual,2,2.55,9
Renault Duster,98570,Diesel,Manual,2,3.0,11
Mahindra XUV500,110000,Diesel,Manual,2,2.99,11
Toyota Fortuner,120000,Diesel,Auto,3,8.5,13
Hyundai Creta,100000,Diesel,Manual,1,8.23,5
Hyundai Creta,100000,Diesel,Manual,2,6.6,8
Hyundai Creta,45940,Diesel,Manual,1,12.65,4
Hyundai New Elantra,98540,Diesel,Auto,2,3.14,12
Maruti Swift,90500,Diesel,Manual,1,5.05,6
Hyundai GRAND I10 NIOS,80480,Petrol,Manual,1,5.67,3
Renault Kiger,8570,Petrol,Manual,1,8.0,2
Maruti New Wagon-R,11820,Petrol,Manual,1,5.85,1
Mahindra MARAZZO,440000,Diesel,Manual,1,6.0,6
Toyota Innova,240000,Diesel,Manual,1,3.8,14
Hyundai VENUE,37070,Diesel,Manual,1,9.3,3
Ford Ecosport,110000,Diesel,Manual,2,3.21,10
Maruti Ertiga,55500,Petrol,Manual,2,7.5,6
Hyundai Tucson,110000,Diesel,Auto,2,8.75,8
MG HECTOR,160000,Diesel,Manual,1,11.5,4
Renault Captur,110000,Diesel,Manual,1,4.0,8
Toyota Fortuner,150000,Diesel,Manual,2,6.8,12
Toyota Innova Crysta,94520,Diesel,Manual,1,16.29,6
Hyundai VENUE,54620,Petrol,Manual,1,6.35,4
Honda City,45150,Petrol,Manual,1,2.21,13
Nissan Terrano,130000,Diesel,Manual,2,1.62,11
Hyundai i10,68830,Petrol,Manual,2,1.21,13
Renault Kwid,35000,Petrol,Manual,1,2.66,6
Hyundai NEW I20,12850,Petrol,Manual,2,5.5,2
Hyundai Elite i20,80310,Diesel,Manual,1,3.3,8
Maruti Eeco,20040,Petrol,Manual,1,6.38,1
Tata Zest,89430,Diesel,Manual,1,2.02,10
Renault Kwid,100000,Petrol,Manual,1,1.5,9
Hyundai Grand i10,89870,Diesel,Manual,1,1.89,11
Maruti Swift Dzire,1260000,Diesel,Manual,5,1.67,11
Tata TIGOR,56160,Petrol,Manual,2,2.99,7
Maruti Alto 800,86820,Petrol,Manual,1,2.0,9
BMW X1,60400,Diesel,Auto,2,4.98,13
Maruti Swift,51740,Petrol,Manual,1,1.74,13
Hyundai Eon,62530,Petrol,Manual,2,1.62,11
Honda City,76440,Petrol,Manual,1,1.4,15
Maruti Vitara Brezza,20750,Petrol,Manual,1,6.6,5
Tata Zest,110000,Diesel,Manual,1,2.38,8
Maruti Swift Dzire,150000,Petrol,Manual,1,3.3,10
Ford Figo Aspire,100000,Diesel,Manual,1,1.48,10
Maruti Swift,91380,Petrol,Manual,1,4.8,6
Ford Figo Aspire,110000,Diesel,Manual,1,1.72,9
Maruti Dzire,24290,Petrol,Manual,1,4.73,7
Hyundai i20 Active,160000,Diesel,Manual,2,2.5,10
Maruti Celerio,25190,Petrol,Manual,1,3.5,8
Chevrolet Cruze,110000,Diesel,Auto,3,2.5,12
Volkswagen Passat,79650,Petrol,Manual,2,1.0,15
Volkswagen Polo,95430,Diesel,Manual,1,1.33,15
Maruti Swift,110000,Petrol,Manual,1,4.6,6
Tata NEXON,120000,Diesel,Manual,1,5.0,6
Maruti Alto K10,69150,Petrol,Manual,1,1.84,14
Ford Ecosport,43380,Petrol,Manual,1,5.14,6
Maruti Baleno,22930,Petrol,Auto,1,8.0,2
Ford Ecosport,150000,Diesel,Manual,3,2.39,12
Volkswagen Ameo,130000,Diesel,Manual,1,3.23,9
Hyundai Eon,53460,Petrol,Manual,1,2.67,8
KIA CARENS,42480,Diesel,Manual,1,12.47,1
Maruti Swift,110000,Petrol,Manual,2,1.15,15
Hyundai i20 Active,97600,Petrol,Manual,1,3.66,10
Tata NEXON,42810,Diesel,Manual,2,7.5,5
Hyundai Elite i20,78500,Diesel,Manual,1,5.13,8
Jeep Compass,140000,Diesel,Manual,2,6.19,7
Mahindra TUV300,87880,Diesel,Manual,2,5.39,8
Hyundai VENUE,20400,Petrol,Manual,1,8.49,2
Honda WR-V,240000,Diesel,Manual,1,5.2,8
Hyundai Elite i20,110000,Diesel,Manual,1,4.51,9
Maruti S Cross,260000,Diesel,Manual,1,4.0,10
Renault Duster,110000,Diesel,Manual,2,3.51,9
Skoda KUSHAQ,59930,Petrol,Manual,2,11.0,2
Ford Figo Aspire,63910,Diesel,Manual,1,4.55,7
Toyota YARIS,77840,Petrol,Auto,2,4.5,7
Mahindra Bolero,21170,Diesel,Manual,1,10.0,2
Hyundai ALCAZAR,100000,Diesel,Manual,1,14.47,3
Tata Harrier,65310,Diesel,Manual,1,9.87,6
Tata Harrier,270000,Diesel,Manual,1,8.64,6
Jeep Compass,130000,Diesel,Manual,1,10.31,7
MG HECTOR,150000,Diesel,Manual,1,10.5,4
Honda City,120000,Petrol,Manual,3,4.5,9
Maruti Baleno,210000,Petrol,Manual,1,3.4,8
Hyundai Creta,110000,Petrol,Manual,2,7.0,9
Hyundai i20,100000,Diesel,Manual,3,2.57,11
Honda Amaze,110000,Diesel,Manual,3,1.5,12
Hyundai Eon,51650,Petrol,Manual,3,1.55,11
Maruti Baleno,16720,Petrol,Manual,1,6.99,2
Maruti Ciaz,150000,Petrol,Manual,1,4.25,8
Maruti Alto 800,68940,Petrol,Manual,2,1.97,10
Hyundai Verna,82080,Diesel,Manual,2,6.25,7
Tata Harrier,43780,Diesel,Auto,1,16.85,2
Ford Figo Aspire,89170,Diesel,Manual,1,2.0,10
Volkswagen Polo,75870,Petrol,Manual,1,3.0,10
Maruti Swift Dzire,110000,Petrol,Manual,1,1.82,15
Tata Nano,34120,Petrol,Manual,3,1.38,11
Tata TIGOR,23660,Petrol,Manual,1,6.69,3
Maruti Swift,130000,Diesel,Manual,3,2.82,11
Hyundai i20,94150,Petrol,Manual,4,1.77,12
Renault TRIBER,33010,Petrol,Manual,1,4.86,5
Hyundai NEW SANTRO,70830,Petrol,Manual,1,2.89,7
Hyundai Eon,89710,Petrol,Manual,3,1.35,13
Maruti IGNIS,41140,Petrol,Manual,1,3.81,7
Maruti Ritz,100000,Petrol,Manual,2,1.94,12
Renault Duster,93880,Diesel,Manual,2,1.8,13
Honda City,79740,Petrol,Manual,1,1.3,15
Maruti Ciaz,120000,Petrol,Manual,3,3.14,10
Maruti Wagon R 1.0,49970,Petrol,Manual,2,1.38,13
Tata NEXON,190000,Diesel,Manual,1,5.0,4
Maruti Swift,87070,Petrol,Manual,2,4.45,7
Volkswagen Polo,180000,Diesel,Manual,4,1.11,14
Tata NEXON,190000,Diesel,Manual,1,6.98,4
Maruti Eeco,4450,Petrol,Manual,2,5.53,2
Honda City,88350,Diesel,Manual,2,3.91,10
Maruti Wagon R 1.0,88780,Petrol,Manual,3,2.94,7
Mahindra KUV 100 NXT,24090,Petrol,Manual,1,3.58,8
Hyundai Grand i10,130000,Diesel,Manual,3,3.13,8
Maruti Ritz,130000,Diesel,Manual,2,2.09,11
Toyota Etios,400000,Diesel,Manual,1,2.5,9
Maruti Alto K10,100000,Petrol,Manual,2,1.51,13
Hyundai Creta,130000,Diesel,Manual,2,5.85,8
Mahindra Thar,79230,Diesel,Manual,1,4.55,7
Volkswagen Polo,56400,Petrol,Manual,1,3.85,11
Maruti Ritz,89750,Petrol,Manual,4,1.15,14
Hyundai Elite i20,140000,Diesel,Manual,2,3.3,10
Ford FREESTYLE,29090,Petrol,Manual,1,5.41,5
Hyundai Creta,130000,Petrol,Auto,1,7.44,7
Maruti Ciaz,120000,Diesel,Manual,3,3.03,10
Hyundai Creta,140000,Diesel,Manual,1,8.0,6
Maruti S Cross,100000,Diesel,Manual,2,4.5,7
Audi A6,120000,Diesel,Auto,3,4.6,14
Mahindra Thar,76920,Diesel,Manual,1,11.5,4
Mahindra BOLERO NEO,92760,Diesel,Manual,2,7.4,3
Hyundai Verna,110000,Diesel,Manual,3,3.29,11
Maruti BREZZA,65710,Petrol,Manual,1,8.16,3
Ssangyong Rexton,94610,Diesel,Auto,5,3.27,12
MG HECTOR PLUS,60890,Diesel,Manual,1,18.16,3
Hyundai VENUE,49900,Petrol,Manual,1,8.83,3
Maruti Ciaz,170000,Diesel,Manual,2,3.55,9
Toyota Innova,60350,Diesel,Manual,2,5.24,12
Toyota Innova Crysta,150000,Diesel,Manual,1,12.9,8
Toyota Innova Crysta,190000,Diesel,Manual,1,10.5,8
Maruti XL6,50190,Petrol,Manual,1,10.99,2
Maruti BREZZA,67370,Petrol,Manual,1,10.0,2
Jeep Compass,100000,Diesel,Manual,1,10.0,6
MG HECTOR PLUS,35440,Diesel,Manual,1,17.5,2
Audi A3,67100,Diesel,Auto,3,14.1,10
Maruti Vitara Brezza,81940,Diesel,Auto,2,5.08,9
KIA SONET,93560,Diesel,Manual,1,10.5,3
Audi Q5,79440,Diesel,Auto,2,10.5,12
Tata ALTROZ,31150,Petrol,Manual,1,6.5,4
Hyundai ALCAZAR,72970,Diesel,Auto,2,16.59,3
Honda Amaze,92310,Petrol,Manual,1,4.69,6
Maruti Alto K10,84390,Petrol,Manual,1,2.28,10
Volkswagen Polo,75390,Petrol,Manual,2,3.99,6
Honda Amaze,35950,Petrol,Manual,1,6.4,2
Tata Tiago,66060,Petrol,Manual,1,3.09,7
Tata NEXON,20370,CNG,Manual,1,7.61,2
Hyundai VENUE,36180,Petrol,Manual,1,6.86,3
Jeep Compass,95730,Diesel,Manual,1,6.93,8
Hyundai Elite i20,32600,Petrol,Manual,2,4.25,9
Tata ALTROZ,19330,Petrol,Manual,1,6.01,4
Hyundai Grand i10,96570,Diesel,Manual,2,2.81,9
Maruti Alto,72000,Petrol,Manual,1,3.23,3
Maruti Grand Vitara,22520,Petrol,Manual,1,10.8,1
Skoda Rapid,71510,Diesel,Manual,2,4.01,8
Maruti Swift Dzire,54930,Petrol,Manual,1,3.15,11
Maruti Baleno,69580,Petrol,Manual,2,4.8,6
Tata PUNCH,24840,Petrol,Auto,2,5.01,3
Renault Kwid,50740,Petrol,Manual,1,3.18,4
Hyundai NEW I20,52360,Petrol,Manual,2,5.78,5
Tata ALTROZ,69810,Petrol,Manual,1,4.79,5
Tata ALTROZ,42830,Petrol,Manual,1,5.9,4
Hyundai Verna,150000,Diesel,Manual,2,6.27,7
Renault Kwid,97130,Petrol,Manual,1,2.0,9
KIA SELTOS,170000,Petrol,Manual,1,7.99,6
Mahindra Scorpio,160000,Diesel,Manual,1,11.1,5
Mahindra Scorpio,140000,Diesel,Manual,3,2.0,14
Maruti Wagon R 1.0,33920,Petrol,Manual,1,3.27,7
Maruti Wagon R 1.0,69610,Petrol,Manual,4,2.23,10
Hyundai Creta,140000,Diesel,Manual,3,5.62,9
Maruti Alto 800,92930,Petrol,Manual,2,2.67,8
Maruti Dzire,290000,Diesel,Manual,1,5.16,7
Tata Tiago,49000,Petrol,Manual,2,4.15,3
Tata NEXON,110000,Diesel,Manual,2,5.44,7
Tata Safari Storme,160000,Diesel,Manual,2,4.69,11
Mahindra TUV300,76150,Diesel,Manual,1,7.58,5
Toyota Innova,180000,Diesel,Manual,5,5.72,12
Renault Kwid,39110,Petrol,Manual,1,4.21,4
Mahindra NUVOSPORT,88810,Diesel,Manual,2,3.65,9
Tata NEXON,58880,Petrol,Manual,1,7.5,3
Maruti New Wagon-R,34620,Petrol,Manual,1,6.06,3
Toyota URBAN CRUISER,40620,Petrol,Manual,1,6.89,5
Maruti BREZZA,10150,Petrol,Manual,1,8.15,1
Mahindra XUV500,100000,Diesel,Manual,3,3.41,13
Nissan Terrano,220000,Diesel,Manual,1,6.99,7
Maruti Wagon R 1.0,36830,Petrol,Manual,2,3.1,11
Maruti FRONX,9480,Petrol,Auto,1,8.7,2
Skoda Fabia,170000,Petrol,Manual,3,1.42,13
Nissan Terrano,140000,Diesel,Manual,2,3.05,11
Renault Kwid,45900,Petrol,Manual,1,2.8,9
Maruti Alto K10,51580,Petrol,Manual,2,2.5,10
Ford Ecosport,62200,Diesel,Manual,1,6.5,7
Maruti Swift,130000,Diesel,Manual,1,1.69,15
Maruti Dzire,71930,Petrol,Manual,1,4.2,7
Tata Tiago,42650,Petrol,Manual,1,4.75,6
Maruti New Wagon-R,47440,Petrol,Manual,2,3.76,5
Hyundai Creta,65550,Diesel,Manual,1,6.8,10
Tata ALTROZ,31060,Petrol,Manual,1,5.5,3
Hyundai Grand i10,33170,Petrol,Manual,1,4.5,6
Hyundai Creta,65480,Diesel,Auto,2,9.5,7
Hyundai Elite i20,48210,Petrol,Manual,1,5.7,9
Hyundai Creta,52300,Diesel,Manual,1,9.5,6
Mahindra Bolero,63220,CNG,Manual,1,7.6,6
Honda Amaze,83870,Diesel,Manual,2,4.05,11
Chevrolet Beat,73370,Petrol,Manual,2,1.52,14
Maruti Baleno,80330,Petrol,Manual,2,4.75,7
Maruti Swift Dzire,110000,Diesel,Manual,1,5.28,12
Maruti Alto 800,16230,Petrol,Manual,2,2.75,9
Hyundai Grand i10,70860,Petrol,Manual,2,4.55,8
Hyundai i20 Active,130000,Diesel,Manual,1,6.5,7
Honda Amaze,76400,Diesel,Manual,1,3.72,12
Hyundai i20 Active,54850,Petrol,Manual,1,6.5,8
Tata NEXON,25110,Petrol,Manual,1,8.05,3
Hyundai NEW SANTRO,51890,Petrol,Manual,1,4.98,6
Hyundai Xcent,77010,Petrol,Manual,1,4.53,11
Renault Captur,48570,Diesel,Manual,2,7.74,7
Hyundai i10,71420,Petrol,Manual,1,2.3,13
Hyundai i10,81870,Petrol,Manual,2,2.45,16
Maruti Swift,120000,Diesel,Manual,2,4.31,11
Hyundai Grand i10,1019999,Diesel,Manual,1,1.84,10
Honda Amaze,57120,Petrol,Manual,1,5.5,7
Honda Jazz,88080,Petrol,Auto,2,2.25,10
Maruti Alto K10,71720,Petrol,Manual,2,3.4,7
Maruti Wagon R 1.0,80770,Petrol,Manual,2,2.9,9
Toyota Corolla Altis,100000,Diesel,Manual,1,3.15,14
Hyundai Grand i10,61600,Petrol,Manual,2,3.4,10
Renault Duster,100000,Diesel,Manual,3,2.14,12
Renault Kwid,12120,Petrol,Manual,1,3.8,3
Hyundai Elite i20,82980,Diesel,Manual,1,5.45,9
Honda Brio,51410,Petrol,Manual,2,2.6,12
Skoda Laura,96880,Diesel,Auto,1,2.25,14
Maruti Swift,18890,Petrol,Manual,1,6.68,3
Maruti Ertiga,180000,Diesel,Manual,1,4.5,10
Maruti Swift,95300,Diesel,Manual,2,3.0,13
Mahindra Thar,34340,Diesel,Auto,1,16.0,3
Toyota Etios,71790,Diesel,Manual,2,3.25,12
Honda Brio,33180,Petrol,Manual,1,2.71,12
Renault Kwid,78230,Petrol,Manual,2,3.0,6
Hyundai Elite i20,70370,Petrol,Manual,1,4.8,10
Volkswagen Vento,48830,Petrol,Manual,1,7.69,3
Hyundai GRAND I10 NIOS,35650,Petrol,Manual,1,5.1,4
Honda Jazz,36460,Petrol,Manual,1,4.18,8
Hyundai Verna,56550,Diesel,Manual,2,10.5,5
Hyundai Elite i20,74500,Petrol,Manual,2,5.25,8
Hyundai Creta,40440,Diesel,Auto,1,16.99,3
Toyota Fortuner,150000,Diesel,Auto,2,10.5,13
Maruti Alto K10,97820,Petrol,Auto,2,3.6,8
Maruti Swift,6470,Diesel,Manual,1,6.25,7
KIA SELTOS,68390,Diesel,Manual,1,9.1,6
Ford Ecosport,60800,Diesel,Manual,3,5.1,7
Maruti Vitara Brezza,45630,Petrol,Manual,1,7.02,4
Toyota Fortuner,200000,Diesel,Auto,1,14.25,11
Renault Duster,100000,Diesel,Manual,1,2.98,12
Maruti New Wagon-R,35960,Petrol,Manual,1,4.5,3
Skoda Rapid,91250,Diesel,Manual,1,5.14,9
Toyota Innova Crysta,140000,Diesel,Manual,2,12.24,8
KIA SONET,16710,Petrol,Auto,1,10.0,2
Toyota Innova Crysta,77100,Diesel,Auto,1,14.7,8
Hyundai NEW I20,27940,Diesel,Manual,1,9.13,3
Tata Safari Storme,94460,Diesel,Manual,1,3.63,12
Mercedes Benz GL Class,150000,Diesel,Auto,1,8.14,13
Audi Q7,160000,Diesel,Auto,2,7.24,14
Volkswagen Vento,92050,Diesel,Manual,2,2.1,15
Maruti Alto 800,71720,Petrol,Manual,1,2.21,7
Hyundai Verna,150000,Diesel,Manual,2,1.23,14
Tata Harrier,77160,Diesel,Auto,2,15.72,5
Hyundai Verna,100000,Diesel,Manual,3,1.96,13
Renault TRIBER,47380,Petrol,Manual,1,5.69,2
Maruti Wagon R 1.0,130000,Petrol,Manual,1,2.25,11
Volkswagen Vento,140000,Diesel,Manual,3,1.49,14
Hyundai i20,110000,Petrol,Manual,2,2.69,12
Hyundai Grand i10,88750,Diesel,Manual,2,2.7,10
Chevrolet Sail,140000,Petrol,Manual,1,1.5,12
Honda Amaze,150000,Petrol,Manual,1,4.23,7
Ford Fiesta,86180,Petrol,Manual,3,1.25,13
Hyundai i20,100000,Diesel,Manual,2,1.49,15
Maruti Eeco,160000,Petrol,Manual,2,1.8,11
Maruti Celerio,130000,Petrol,Manual,1,3.0,9
Maruti Wagon R 1.0,140000,Petrol,Manual,4,1.11,15
Toyota Etios Liva,150000,Diesel,Manual,4,1.48,13
Volkswagen VIRTUS,30510,Petrol,Manual,1,10.5,3
Maruti Wagon R 1.0,170000,Petrol,Manual,2,2.21,11
Honda City,140000,Petrol,Manual,1,3.64,11
Honda Amaze,120000,Petrol,Manual,2,3.3,10
Tata Tiago,70320,Petrol,Manual,2,3.35,8
Datsun Go,67280,Petrol,Manual,1,1.39,10
Datsun Go Plus,110000,Petrol,Manual,2,1.27,10
Tata Manza,150000,Diesel,Manual,1,1.0,14
Ford New Figo,45930,Diesel,Manual,1,3.56,10
Hyundai Xcent,140000,Diesel,Manual,2,2.55,10
Hyundai i10,77900,Petrol,Manual,2,2.2,12
Maruti Ertiga,110000,Diesel,Manual,3,2.8,13
Honda City,200000,Petrol,Auto,4,1.63,15
Skoda Rapid,220000,Diesel,Manual,1,4.35,8
Datsun Redi Go,160000,Petrol,Manual,1,1.1,9
Hyundai Verna,96780,Petrol,Auto,3,3.87,8
Ford Figo,220000,Diesel,Manual,2,1.55,11
Volkswagen Polo,110000,Diesel,Manual,2,1.2,15
Maruti Baleno,56630,Petrol,Manual,1,5.36,6
Honda Jazz,55480,Petrol,Manual,3,3.36,9
Maruti Ertiga,87660,Diesel,Manual,2,6.44,8
Maruti Wagon R 1.0,69610,Petrol,Manual,1,2.53,12
Hyundai Grand i10,180000,Petrol,Manual,1,4.0,7
Mahindra XUV500,100000,Diesel,Manual,1,6.39,8
Maruti Wagon R Duo,180000,Petrol,Manual,1,1.03,15
Maruti Swift,82590,Petrol,Manual,1,5.3,4
Volkswagen Polo,170000,Diesel,Manual,2,3.18,10
Maruti Vitara Brezza,160000,Diesel,Manual,1,6.45,8
Renault TRIBER,110000,Petrol,Manual,1,4.59,3
Tata Zest,100000,Petrol,Manual,2,2.42,8
Hyundai Creta,70840,Petrol,Manual,1,9.6,5
Mahindra Xylo,530000,Diesel,Manual,2,2.59,13
Maruti Vitara Brezza,81360,Petrol,Manual,1,6.74,5
Honda Amaze,72260,Diesel,Manual,1,3.89,8
Honda City,89880,Petrol,Manual,2,3.11,10
Honda City,170000,Petrol,Manual,1,5.9,8
KIA CARENS,26200,Petrol,Manual,1,9.65,2
Hyundai Verna,87770,Diesel,Auto,1,8.64,6
Maruti Ertiga,95940,Petrol,Manual,1,8.72,3
Maruti Dzire,110000,Diesel,Manual,1,5.14,8
Toyota URBAN CRUISER,477,Petrol,Auto,2,9.95,3
Maruti Ciaz,120000,Diesel,Manual,1,4.19,10
Hyundai Grand i10,110000,Petrol,Manual,1,4.31,6
Tata Harrier,90300,Diesel,Manual,1,16.5,3
Maruti Alto,5360,Petrol,Manual,2,3.89,3
Maruti Swift,81090,Petrol,Manual,2,4.8,3
Hyundai GRAND I10 NIOS,35460,Petrol,Manual,2,5.52,4
Mahindra KUV 100 NXT,66110,Petrol,Manual,1,3.1,7
Hyundai Creta,110000,Diesel,Manual,1,7.8,9
Maruti Swift Dzire,67490,Petrol,Manual,1,4.29,9
Honda City,29630,Petrol,Auto,1,6.69,7
Tata NEXON,23520,Diesel,Manual,1,13.77,1
Honda Mobilio,140000,Diesel,Manual,2,3.5,10
MG ASTOR,26840,Petrol,Manual,1,12.72,3
Mahindra Thar,25840,Petrol,Manual,1,11.09,3
Tata NEXON,90290,Petrol,Manual,1,5.83,6
Tata Hexa,110000,Diesel,Manual,1,6.32,7
Maruti Eeco,180000,Petrol,Manual,1,3.66,8
Maruti New Wagon-R,61960,Petrol,Manual,2,4.01,6
Tata NEXON,7160,Petrol,Manual,1,11.96,1
Toyota Innova,79210,Diesel,Manual,2,6.27,10
Renault Captur,100000,Diesel,Manual,3,4.23,8
MG HECTOR,120000,Diesel,Manual,1,9.95,6
Honda City,51600,Petrol,Auto,2,11.0,4
Hyundai Creta,55190,Diesel,Auto,2,13.5,3
Mercedes Benz C Class,190000,Diesel,Auto,2,16.89,8
Mahindra XUV300,33060,Petrol,Auto,2,7.5,4
MG HECTOR,43870,Petrol,Auto,1,14.27,3
Mahindra TUV 300 PLUS,180000,Diesel,Manual,1,6.65,5
Tata Harrier,31880,Diesel,Manual,1,16.5,2
Maruti Baleno,30280,Petrol,Manual,1,7.9,1
KIA SELTOS,28710,Diesel,Manual,1,15.15,3
Hyundai i20,74380,Petrol,Manual,2,1.4,14
Maruti Baleno,32759,Petrol,Manual,2,4.31,7
Hyundai Verna,78870,Diesel,Manual,2,6.94,7
Maruti Swift,29600,Petrol,Manual,2,2.99,9
Hyundai NEW I20,1420,Petrol,Manual,2,6.5,4
Maruti Ertiga,71550,Petrol,Manual,2,10.51,6
Mahindra Thar,15120,Diesel,Manual,1,10.64,1
Maruti Ritz,150000,Diesel,Manual,3,1.32,14
Renault TRIBER,86220,Petrol,Manual,1,5.69,4
Hyundai GRAND I10 NIOS,51010,Petrol,Manual,1,5.32,5
Maruti Dzire,69130,Petrol,Manual,1,7.32,1
Maruti New Wagon-R,43260,Petrol,Manual,2,4.7,5
Ford Figo,120000,Diesel,Manual,3,1.48,15
Maruti Swift,210000,Diesel,Manual,4,4.03,11
Nissan Micra,229999,Diesel,Manual,2,1.3,15
Mahindra Verito,229999,Diesel,Manual,3,1.37,13
Tata Tiago,67170,Diesel,Manual,2,3.35,7
Mahindra Xylo,160000,Diesel,Manual,6,2.34,12
Honda Amaze,37080,Petrol,Manual,3,2.2,12
Chevrolet Beat,64319,Petrol,Manual,2,1.7,15
Ford Figo Aspire,190000,Diesel,Manual,1,4.0,8
Maruti Swift,180000,Diesel,Manual,4,2.8,12
Maruti Wagon R 1.0,120000,Petrol,Manual,2,2.65,10
Tata NEXON,80570,Petrol,Manual,1,6.89,4
Hyundai i10,26830,Petrol,Manual,2,2.9,12
Volkswagen Vento,140000,Diesel,Manual,3,2.17,14
Maruti A Star,140000,Petrol,Manual,6,1.98,15
Honda Brio,50320,Petrol,Manual,2,2.0,12
Hyundai i20,140000,Diesel,Manual,5,2.5,13
Hyundai i20,92250,Petrol,Manual,4,3.0,12
Fiat Grand Punto,140000,Diesel,Manual,4,1.38,14
Volkswagen Vento,130000,Petrol,Manual,4,1.98,14
Maruti Wagon R 1.0,82880,Petrol,Manual,2,2.58,11
Maruti Wagon R 1.0,130000,Petrol,Manual,3,2.8,11
Hyundai Eon,58550,Petrol,Manual,2,1.84,10
Maruti Swift,64349,Petrol,Manual,1,6.0,5
Maruti Swift Dzire,100000,Petrol,Manual,1,5.0,9
Tata Tiago,66720,Diesel,Manual,2,3.44,7
Volkswagen Vento,79200,Petrol,Manual,4,1.87,13
Maruti Celerio,100000,Petrol,Manual,2,3.77,10
Maruti Ertiga,83710,Petrol,Manual,1,10.66,3
Hyundai i10,95430,Petrol,Auto,3,2.2,12
Hyundai i10,70780,Petrol,Manual,6,1.02,17
Tata Tiago,65269,Petrol,Manual,1,4.88,4
Maruti Alto K10,46570,Petrol,Manual,1,3.25,10
Maruti Wagon R 1.0,130000,Petrol,Manual,4,1.0,14
Tata Tiago,78270,Petrol,Manual,1,3.87,8
Tata PUNCH,14230,Petrol,Manual,1,7.0,2
Maruti Celerio,43370,Petrol,Manual,1,3.98,3
Volkswagen Polo,65349,Diesel,Manual,1,4.0,10
Maruti Alto,42310,Petrol,Manual,3,3.8,4
Hyundai Eon,110000,Petrol,Manual,3,1.78,10
Tata Manza,99240,Diesel,Manual,1,1.81,13
Ford Figo,100000,Diesel,Manual,2,1.76,14
Renault Duster,160000,Diesel,Manual,2,2.5,13
Maruti Alto 800,93380,Petrol,Manual,2,2.2,13
Hyundai i20,170000,Diesel,Manual,5,1.94,13
Volkswagen Polo,160000,Petrol,Manual,2,3.5,9
Hyundai i10,55080,Petrol,Manual,2,2.0,13
Maruti Alto K10,190000,Petrol,Manual,1,2.87,6
Tata TIAGO NRG,78110,Petrol,Manual,1,4.0,7
Maruti Baleno,49480,Petrol,Manual,1,5.5,3
Honda City,87640,Petrol,Manual,2,4.42,11
Hyundai Elite i20,110000,Petrol,Manual,2,4.05,8
Maruti Dzire,98640,Diesel,Manual,1,7.0,7
Volkswagen Ameo,110000,Petrol,Manual,1,4.0,7
Maruti Ertiga,74930,Diesel,Manual,2,7.4,8
Maruti Alto K10,79550,Petrol,Manual,2,1.4,14
Hyundai i10,16900,Petrol,Manual,2,3.1,10
Renault Pulse,79250,Diesel,Manual,3,1.6,10
Tata NEXON,88400,Petrol,Auto,2,8.25,5
Hyundai Eon,82980,Petrol,Manual,1,1.8,12
Mahindra XUV500,110000,Diesel,Manual,4,2.3,13
Hyundai i10,54450,Petrol,Manual,3,1.6,15
Tata NEXON,130000,Diesel,Manual,5,6.0,8
Nissan Sunny,73490,Diesel,Manual,1,2.57,13
Maruti Alto K10,120000,Petrol,Manual,1,1.5,15
KIA CARENS,150000,Diesel,Auto,1,17.0,3
Maruti Wagon R 1.0,91380,Petrol,Manual,3,2.49,11
Hyundai Grand i10,130000,Diesel,Manual,2,2.79,11
Hyundai Xcent,240000,Diesel,Manual,1,4.36,9
Nissan Sunny,140000,Diesel,Manual,3,1.8,10
Ford Figo,220000,Diesel,Manual,1,1.0,15
Hyundai i10,46230,Petrol,Manual,2,2.05,15
Tata Indica Vista,160000,Diesel,Manual,3,1.46,13
Maruti Alto 800,50360,Petrol,Manual,2,2.5,10
Maruti Wagon R 1.0,200000,Petrol,Manual,1,3.0,10
Maruti Ertiga,140000,Petrol,Manual,5,4.2,11
Hyundai Eon,23120,Petrol,Manual,1,2.8,8
Renault Kwid,50820,Petrol,Manual,1,3.5,6
Hyundai i10,59480,Petrol,Manual,4,1.5,14
Maruti Alto K10,62610,Petrol,Manual,3,1.35,13
Maruti Wagon R 1.0,94210,Petrol,Manual,5,1.51,14
Hyundai i10,60140,Petrol,Manual,1,2.75,12
Maruti FRONX,30400,Petrol,Manual,1,8.5,1
Maruti Ritz,130000,Diesel,Manual,3,1.75,14
Tata Nano,43570,Petrol,Auto,4,1.5,9
Maruti SX4,229999,Diesel,Manual,3,2.5,14
Hyundai New Elantra,890000,Diesel,Auto,5,2.14,13
Hyundai Verna,160000,Diesel,Manual,6,1.5,15
Toyota Innova,210000,Diesel,Manual,6,1.42,19
Chevrolet Beat,120000,Diesel,Manual,1,1.4,13
Honda Brio,70260,Petrol,Manual,2,2.04,14
Ford Fiesta,229999,Diesel,Manual,2,1.25,15
Maruti Ertiga,150000,Diesel,Manual,3,5.1,13
Mahindra TUV300,110000,Diesel,Manual,2,6.0,7
Ford Figo Aspire,250000,Diesel,Manual,1,3.5,9
Tata ALTROZ,13510,Petrol,Manual,1,7.0,2
Hyundai Grand i10,67290,Petrol,Manual,1,3.51,11
Honda Amaze,150000,Diesel,Manual,2,3.6,12
Volkswagen Vento,240000,Diesel,Manual,2,2.23,14
Maruti Swift,100000,Petrol,Manual,3,3.8,11
Maruti Alto K10,26440,Petrol,Manual,1,1.6,15
MG ASTOR,11500,Petrol,Manual,1,12.5,3
Maruti Swift,170000,Diesel,Manual,2,2.12,15
Tata PUNCH,33870,Petrol,Manual,1,7.0,2
Maruti Swift Dzire,200000,Diesel,Manual,2,4.2,12
Volkswagen Vento,150000,Petrol,Manual,3,2.75,14
Tata TIGOR,67590,Petrol,Manual,1,4.2,6
Datsun Redi Go,55470,Petrol,Manual,2,2.12,8
Hyundai i20,120000,Diesel,Manual,3,2.65,13
Maruti Celerio,170000,Petrol,Manual,2,4.0,5
Hyundai Elite i20,140000,Diesel,Manual,1,6.37,8
Honda Brio,96760,Petrol,Manual,3,2.55,11
Maruti Alto 800,63930,Petrol,Manual,3,2.75,7
Volkswagen Vento,190000,Diesel,Manual,1,3.76,12
Tata Indica Vista,180000,Diesel,Manual,3,1.14,13
Honda City,150000,Diesel,Manual,1,4.6,10
Tata Manza,180000,Diesel,Manual,3,1.42,13
Volkswagen VIRTUS,4220,Petrol,Auto,1,18.0,0
Maruti Wagon R 1.0,110000,Petrol,Manual,3,3.57,8
Honda City,41780,Petrol,Auto,1,10.5,4
Volkswagen Vento,55500,Diesel,Manual,2,3.29,12
Hyundai Grand i10,71980,Petrol,Manual,3,3.5,10
Maruti Ertiga,180000,Petrol,Manual,3,6.9,8
Maruti Wagon R 1.0,34200,Petrol,Manual,1,2.6,14
Hyundai i20,260000,Diesel,Manual,4,2.87,12
Hyundai Elite i20,84380,Petrol,Manual,3,4.0,10
Maruti Alto K10,99120,Petrol,Auto,3,3.4,8
Hyundai Elite i20,56670,Petrol,Manual,1,6.61,5
Hyundai Creta,78060,Petrol,Manual,2,7.19,7
BMW X1,120000,Diesel,Auto,3,4.5,14
BMW 3 Series,130000,Diesel,Auto,3,7.96,12
Tata NEXON,85000,Diesel,Auto,1,7.0,7
Honda City,96860,Petrol,Manual,2,4.84,10
Tata Indica Vista,97510,Diesel,Manual,3,1.35,11
Volkswagen Ameo,44910,Diesel,Auto,2,9.64,7
Maruti Celerio,80830,Petrol,Manual,2,4.2,8
Honda City,190000,Petrol,Manual,1,5.2,10
Hyundai Verna,110000,Petrol,Manual,1,5.0,9
Maruti Baleno,100000,Petrol,Manual,1,4.5,8
Toyota Glanza,29900,Petrol,Manual,1,6.5,2
Tata ALTROZ,31050,Petrol,Manual,1,6.5,3
Hyundai Grand i10,39740,Diesel,Manual,1,5.71,8
Hyundai i20,120000,Diesel,Manual,1,3.99,11
Datsun Go Plus,120000,Petrol,Manual,2,2.47,10
Hyundai Xcent,160000,Diesel,Manual,1,4.38,10
Renault Duster,110000,Diesel,Manual,2,2.45,13
Volkswagen Polo,100000,Diesel,Manual,2,4.0,10
Maruti Alto 800,110000,Petrol,Manual,4,2.4,10
Hyundai i20,77600,Diesel,Manual,3,2.9,12
Mahindra Kuv100,120000,Diesel,Manual,1,3.5,9
Maruti Wagon R 1.0,54350,Petrol,Auto,1,3.0,10
Maruti Swift,100000,Petrol,Manual,3,3.34,12
Maruti Swift Dzire,170000,Diesel,Manual,2,2.89,15
Toyota Innova,260000,Diesel,Manual,4,2.5,17
Hyundai Verna,270000,Diesel,Manual,4,3.0,13
Maruti IGNIS,67880,Diesel,Auto,1,5.5,8
Hyundai Creta,7400,Petrol,Manual,1,12.5,2
Renault Duster,110000,Diesel,Manual,2,3.0,12
Tata NEXON,160000,Diesel,Manual,1,7.0,7
Maruti Dzire,160000,Diesel,Auto,3,6.59,7
Maruti Wagon R 1.0,49100,Petrol,Manual,1,2.39,14
Maruti Ritz,170000,Diesel,Manual,4,2.5,12
Volkswagen Jetta,87630,Diesel,Manual,3,3.85,11
Honda Civic,190000,Petrol,Manual,1,2.6,14
Hyundai Grand i10,110000,Petrol,Manual,4,3.66,9
Mahindra Thar,11550,Diesel,Manual,2,15.5,4
Honda Amaze,70240,Petrol,Manual,1,6.8,4
Ford Figo Aspire,110000,Diesel,Manual,2,4.98,8
Mahindra XUV500,150000,Diesel,Manual,2,10.5,7
Mahindra XUV300,100000,Diesel,Manual,1,9.5,2
Hyundai Eon,73630,Petrol,Manual,3,2.62,10
Maruti Swift Dzire,390000,Diesel,Manual,4,2.67,15
Maruti Ciaz,140000,Diesel,Manual,1,5.95,9
Renault TRIBER,85990,Petrol,Manual,1,7.0,3
Tata NEXON,68430,Petrol,Manual,1,7.3,3
Hyundai GRAND I10 NIOS,40630,Petrol,Manual,1,6.59,4
Maruti Swift,94590,Petrol,Auto,1,5.0,7
KIA CARENS,41850,Petrol,Manual,1,11.1,2
Maruti Eeco,9630,Petrol,Manual,1,6.6,1
KIA SONET,29780,Petrol,Manual,1,8.95,5
Honda City,36930,Petrol,Manual,2,9.1,3
Maruti Baleno,39000,Petrol,Manual,2,5.5,5
Hyundai Creta,82750,Petrol,Manual,2,9.0,6
Hyundai Xcent,99630,Diesel,Manual,3,4.5,8
Hyundai Creta,210000,Diesel,Manual,1,10.5,5
Tata Tiago,39530,Petrol,Manual,1,7.0,1
Maruti Wagon R 1.0,80430,Petrol,Manual,2,4.0,8
Mahindra E20 Plus,95750,Electric,Auto,1,2.75,8
Tata PUNCH,37350,Petrol,Auto,1,8.2,2
Mahindra TUV300,120000,Diesel,Manual,4,5.54,7
Skoda Rapid,120000,Diesel,Manual,1,8.36,7
Hyundai Creta,89420,Diesel,Manual,2,7.5,10
Maruti Baleno,48040,Petrol,Manual,1,6.83,4
Renault Duster,110000,Diesel,Manual,1,8.0,6
Maruti Baleno,83870,Petrol,Manual,1,5.9,6
Jaguar XF,89390,Diesel,Auto,2,11.38,11
Mahindra Thar,49450,Diesel,Manual,1,13.87,2
Mahindra Thar,71550,Diesel,Auto,2,13.5,4
Volkswagen Polo,110000,Petrol,Manual,1,7.5,4
MG ASTOR,5200,Petrol,Manual,1,10.5,3
Tata ALTROZ,30820,Petrol,Auto,1,8.79,2
Renault TRIBER,68370,Petrol,Manual,2,6.04,6
Maruti Dzire,110000,Diesel,Auto,1,8.15,7
Maruti Swift Dzire,180000,Diesel,Manual,2,4.0,9
Maruti Wagon R 1.0,42720,Petrol,Auto,3,3.72,7
Volkswagen Vento,150000,Diesel,Manual,2,4.0,10
Maruti Ertiga,63390,Petrol,Manual,1,10.8,3
Tata NEXON,69450,Petrol,Manual,1,7.6,3
Maruti Vitara Brezza,140000,Diesel,Auto,1,7.35,7
Hyundai Creta,58820,Petrol,Manual,1,15.4,4
Mahindra XUV500,110000,Diesel,Auto,3,10.51,7
Skoda Superb,220000,Diesel,Auto,2,3.0,14
Maruti Ertiga,98210,Petrol,Manual,2,11.46,3
Tata TIGOR,110000,Petrol,Manual,1,7.0,2
KIA SELTOS,72160,Petrol,Manual,1,10.5,5
Skoda KUSHAQ,33370,Petrol,Auto,2,14.0,2
Audi A4,160000,Diesel,Auto,3,4.0,15
Toyota Innova,150000,Diesel,Manual,2,6.78,11
Toyota Etios Liva,130000,Diesel,Manual,1,3.0,13
Toyota Etios,190000,Diesel,Manual,3,3.6,10
Maruti Baleno,84180,Petrol,Manual,1,6.42,5
Maruti Ertiga,190000,Diesel,Manual,2,5.5,13
Hyundai Creta,64379,Petrol,Auto,2,13.0,5
Toyota Etios,520000,Diesel,Manual,3,3.08,10
Maruti Wagon R 1.0,50370,Petrol,Auto,1,3.65,8
Maruti Ciaz,100000,Diesel,Manual,2,6.4,7
Hyundai GRAND I10 NIOS,28650,Petrol,Auto,1,8.0,2
Mahindra TUV300,180000,Diesel,Manual,1,5.58,10
Volkswagen Vento,160000,Diesel,Auto,3,4.0,10
Renault Kwid,31180,Petrol,Auto,1,4.5,4
Skoda Rapid,170000,Diesel,Manual,2,3.34,12
Honda Mobilio,78470,Diesel,Manual,1,6.19,10
Hyundai Eon,34390,Petrol,Manual,2,2.99,9
Hyundai Verna,190000,Diesel,Manual,3,4.23,12
Hyundai Verna,180000,Diesel,Manual,3,3.25,13
Skoda Superb,160000,Petrol,Manual,4,3.28,12
Ford Ecosport,110000,Diesel,Manual,3,5.22,8
Hyundai VENUE,43740,Petrol,Manual,1,9.0,4
Maruti Baleno,130000,Petrol,Manual,1,6.75,6
Mahindra Thar,29390,Diesel,Manual,1,9.5,6
Renault Lodgy,120000,Diesel,Manual,2,5.38,9
Maruti Swift,130000,Diesel,Manual,1,3.2,13
Audi Q5,110000,Diesel,Auto,3,11.0,12
Maruti New Wagon-R,36870,Petrol,Manual,1,4.8,6
Honda City,180000,Diesel,Manual,1,8.0,7
Volkswagen Jetta,110000,Diesel,Auto,3,3.81,13
KIA SELTOS,13520,Petrol,Auto,1,17.01,1
Mahindra XUV500,140000,Diesel,Manual,1,14.9,6
KIA SONET,61810,Diesel,Manual,1,10.75,3
Hyundai GRAND I10 NIOS,100000,Diesel,Manual,2,6.95,4
Mahindra Scorpio,100000,Diesel,Manual,1,15.5,6
Tata ALTROZ,16760,Petrol,Manual,1,8.75,1
Mahindra E20 Plus,24440,Electric,Auto,3,3.72,8
Hyundai New Elantra,170000,Diesel,Manual,1,3.5,12
Maruti Ritz,180000,Diesel,Manual,4,3.08,10
Skoda KUSHAQ,14570,Petrol,Manual,1,13.0,3
Toyota Fortuner,250000,Diesel,Manual,3,8.5,14
Hyundai Verna,120000,Diesel,Manual,3,4.8,11
Renault Duster,160000,Diesel,Manual,1,3.39,12
Hyundai Creta,49980,Petrol,Manual,1,8.5,7
Renault Duster,120000,Diesel,Manual,1,5.0,9
Mahindra Thar,18350,Diesel,Manual,1,15.5,3
Hyundai Creta,87700,Diesel,Manual,1,15.0,4
Renault Duster,100000,Diesel,Manual,1,5.6,9
Maruti Swift,190000,Diesel,Manual,2,3.5,14
Maruti Alto K10,37980,Petrol,Manual,1,5.15,2
Mahindra XUV500,130000,Diesel,Manual,3,3.8,12
Mahindra XUV500,170000,Diesel,Manual,3,3.92,12
Maruti Ertiga,150000,Diesel,Manual,2,5.5,13
Tata NEXON,22110,Diesel,Manual,1,13.1,2
Maruti Grand Vitara,60830,Petrol,Auto,1,16.61,3
MG HECTOR PLUS,190000,Diesel,Manual,2,16.3,5
Audi Q3,160000,Diesel,Auto,2,12.5,9
KIA SELTOS,77170,Diesel,Manual,1,17.0,4
Skoda KUSHAQ,25570,Petrol,Manual,2,11.0,2
Mahindra Thar,15970,Diesel,Auto,2,15.0,2
MG ASTOR,21140,Petrol,Auto,1,15.0,2
Tata Tiago,26970,Petrol,Manual,1,5.0,6
Volkswagen TAIGUN,20310,Petrol,Manual,1,11.0,1
Jeep Compass,150000,Diesel,Manual,3,8.15,8
Tata PUNCH EV,10610,Electric,Auto,1,13.0,1
Hyundai Verna,43030,Petrol,Manual,1,14.0,2
Landrover Freelander 2,99300,Diesel,Auto,2,12.22,13
Mahindra XUV 3XO,38500,Petrol,Manual,1,10.5,1
Hyundai Verna,130000,Diesel,Manual,3,4.9,11
Mahindra XUV300,99520,Diesel,Manual,1,10.5,2
Jeep Compass,97490,Diesel,Manual,2,11.0,7
Skoda Rapid,76700,Diesel,Manual,2,4.17,11
Hyundai Elite i20,77460,Petrol,Manual,2,7.0,5
Skoda Octavia,110000,Diesel,Auto,2,10.0,9
Volkswagen Vento,53230,Petrol,Manual,2,8.2,4
Audi Q7,150000,Diesel,Auto,3,5.56,16
Tata Safari,130000,Diesel,Manual,1,14.5,4
Maruti Ertiga,260000,Diesel,Manual,3,4.5,13
MG HECTOR PLUS,130000,Diesel,Manual,1,15.5,5
Toyota Innova,260000,Diesel,Manual,2,5.5,13
KIA SONET,77740,Diesel,Manual,1,11.3,3
Toyota Innova,220000,Diesel,Manual,2,6.7,12
Mahindra XUV500,270000,Diesel,Manual,2,4.0,13
Tata Tigor Buzz,76810,Petrol,Manual,1,4.49,7
KIA SELTOS,60000,Diesel,Auto,2,11.5,5
MG ZS EV,64879,Electric,Auto,1,15.17,4
Renault Koleos,84720,Diesel,Auto,2,8.0,11
KIA SELTOS,79340,Diesel,Auto,1,15.0,5
Maruti Ertiga,110000,Petrol,Manual,2,10.5,6
Audi A6,130000,Diesel,Auto,4,12.5,13
Maruti Wagon R 1.0,30360,Petrol,Auto,1,4.3,7
Honda Amaze,28850,Petrol,Manual,1,8.0,2
Honda City,35480,Petrol,Auto,1,14.5,2
Mahindra Thar,26960,Diesel,Manual,1,14.0,5
Tata PUNCH EV,20370,Electric,Auto,1,12.5,1
Maruti Swift,120000,Diesel,Manual,2,4.29,11
KIA SELTOS,18750,Diesel,Auto,1,18.0,4
Tata NEXON,31110,Petrol,Auto,2,9.9,5
Tata Safari,73000,Diesel,Auto,1,18.5,3
Mahindra MARAZZO,220000,Diesel,Manual,1,8.0,7
Jeep Compass,80830,Diesel,Auto,2,15.0,5
Tata TIGOR EV,130000,Electric,Auto,1,8.48,3
Maruti Swift Dzire,100000,Petrol,Manual,1,1.32,15
Mahindra KUV 100 NXT,87070,Diesel,Manual,2,3.81,8
Maruti Swift,100000,Petrol,Manual,3,2.46,11
Honda City,130000,Hybrid,Auto,1,12.31,3
Maruti Swift,68000,Diesel,Manual,1,3.5,8
Maruti Celerio,75290,Petrol,Manual,1,3.5,7
Maruti Alto 800,130000,Petrol,Manual,2,1.7,10
Hyundai Verna,77810,Diesel,Manual,2,5.23,9
Honda Mobilio,93300,Diesel,Manual,1,2.3,11
Maruti Wagon R 1.0,81530,Petrol,Manual,2,1.62,12
Maruti Wagon R 1.0,130000,Petrol,Manual,2,1.32,14
Maruti Alto K10,110000,Petrol,Manual,1,2.4,8
Hyundai Grand i10,110000,Diesel,Manual,2,2.82,10
Hyundai Grand i10,91710,Petrol,Manual,2,2.7,11
Mahindra SCORPIO CLASSIC,16090,Diesel,Manual,1,14.5,1
Maruti Vitara Brezza,110000,Diesel,Manual,1,7.56,8
Hyundai GRAND I10 NIOS,84480,Petrol,Manual,1,4.65,4
Maruti Vitara Brezza,96300,Diesel,Auto,1,5.33,7
Ford Ecosport,140000,Diesel,Manual,1,6.52,8
Ford Figo,87900,Petrol,Manual,2,2.52,10
Maruti Vitara Brezza,87250,Diesel,Manual,1,5.73,9
Volkswagen Polo,97640,Petrol,Manual,2,3.96,7
Volkswagen Vento,130000,Diesel,Auto,1,6.67,7
Tata NEXON,79890,Diesel,Auto,1,6.5,7
Maruti Wagon R 1.0,70610,Petrol,Manual,1,3.49,7
Maruti Vitara Brezza,96000,Diesel,Manual,1,5.5,8
Ford Ecosport,64550,Petrol,Auto,2,4.81,8
Tata TIGOR,30840,Petrol,Auto,1,5.42,4
Maruti Swift,99580,Petrol,Manual,1,4.81,6
Tata PUNCH,23780,Petrol,Manual,1,6.62,2
Renault Kwid,95500,Petrol,Manual,1,3.1,7
Maruti Wagon R 1.0,100000,Petrol,Manual,2,2.45,13
Maruti Baleno,140000,Petrol,Manual,2,5.0,5
Maruti Wagon R Stingray,74310,Petrol,Manual,3,2.67,9
Maruti Alto K10,52740,Petrol,Manual,2,3.81,6
Maruti Swift,43520,Petrol,Auto,1,6.5,4
Maruti Alto,47450,Petrol,Manual,2,1.0,15
Ford Ecosport,63580,Diesel,Manual,3,5.46,8
Hyundai Elite i20,41810,Petrol,Manual,1,5.0,6
Honda City,130000,Petrol,Manual,1,3.15,10
Mahindra XUV300,64069,Petrol,Manual,1,5.5,6
Hyundai Creta,150000,Diesel,Auto,1,8.0,7
Maruti Alto K10,22330,Petrol,Manual,1,4.22,2
Ford Ecosport,110000,Diesel,Manual,3,2.52,11
Maruti Baleno,58570,Petrol,Manual,2,4.12,7
Tata Zest,63300,Diesel,Manual,1,3.29,8
Mahindra Scorpio,92650,Diesel,Manual,1,12.0,6
Ford New Figo,180000,Diesel,Manual,1,2.75,9
Hyundai Elite i20,120000,Diesel,Manual,1,5.42,9
Hyundai GRAND I10 NIOS,68520,Petrol,Manual,1,6.32,4
Hyundai Elite i20,98070,Diesel,Manual,2,4.0,9
Ford Ecosport,77280,Diesel,Manual,1,4.45,10
Maruti Vitara Brezza,110000,Diesel,Manual,1,5.0,8
Mahindra Thar,43490,Diesel,Auto,1,15.4,2
MG HECTOR,95600,Diesel,Manual,1,8.5,5
KIA SONET,44090,Petrol,Auto,1,9.47,5
KIA SELTOS,110000,Diesel,Manual,1,11.01,5
Maruti Vitara Brezza,150000,Diesel,Manual,1,5.56,6
Maruti Dzire,48830,Petrol,Manual,1,5.1,4
KIA SELTOS,91310,Petrol,Manual,1,10.81,3
Maruti Swift,98920,Petrol,Auto,1,5.75,4
Hyundai Verna,58970,Diesel,Manual,1,6.13,9
Maruti Vitara Brezza,140000,Diesel,Manual,1,6.73,7
Hyundai VENUE,80470,Diesel,Manual,2,7.08,5
Volkswagen Polo,84820,Petrol,Manual,3,4.57,8
Honda Brio,50550,Petrol,Manual,2,3.56,9
Hyundai Eon,80250,Petrol,Manual,3,2.55,10
Maruti Swift,140000,Diesel,Manual,1,5.12,12
Maruti Swift Dzire,160000,Diesel,Manual,2,4.58,13
Tata Indica Vista,290000,Diesel,Manual,4,1.47,14
Tata TIGOR,24030,Petrol,Manual,1,8.0,3
Ford Endeavour,130000,Diesel,Auto,1,3.37,14
Hyundai GRAND I10 NIOS,67020,Petrol,Manual,2,7.9,4
Honda WR-V,160000,Diesel,Manual,1,7.0,8
MG ASTOR,33000,Petrol,Manual,1,10.0,3
Chevrolet Enjoy,160000,Diesel,Manual,2,3.0,9
Hyundai ALCAZAR,93240,Diesel,Manual,1,18.0,3
KIA SELTOS,110000,Petrol,Manual,1,9.0,5
Toyota Innova,140000,Diesel,Manual,1,9.0,11
Skoda Octavia,200000,Diesel,Auto,2,9.0,8
BMW X3,160000,Diesel,Auto,2,8.5,13
Hyundai NEW I20,44440,Petrol,Manual,1,6.11,5
Maruti A Star,70970,Petrol,Manual,4,1.21,15
Maruti Dzire,98060,Petrol,Auto,1,6.0,5
Ford Figo,140000,Diesel,Manual,2,1.75,12
Hyundai Creta,75980,Petrol,Manual,1,8.15,5
Maruti Swift,99550,Diesel,Manual,3,3.71,9
Tata ALTROZ,20820,Diesel,Manual,1,7.5,2
Maruti Vitara Brezza,120000,Diesel,Manual,1,6.99,8
Skoda KUSHAQ,97300,Petrol,Manual,1,11.25,4
Tata NEXON,39480,Diesel,Manual,1,10.9,3
Tata NEXON,83350,Diesel,Manual,2,4.67,7
Renault Kwid,46680,Petrol,Manual,3,2.1,6
Hyundai Elite i20,71780,Diesel,Manual,1,3.8,8
Skoda Laura,74420,Petrol,Manual,4,1.64,14
Hyundai Grand i10,98480,Petrol,Manual,2,2.8,8
Toyota Etios Liva,170000,Diesel,Manual,2,1.66,13
Hyundai Xcent,66600,Petrol,Manual,1,2.3,11
Ford Figo,61690,Diesel,Manual,2,1.25,13
Datsun Redi Go,36350,Petrol,Manual,2,1.88,6
Hyundai i20,220000,Diesel,Manual,2,1.56,13
Maruti Wagon R 1.0,72910,Petrol,Manual,2,2.25,12
Maruti Wagon R 1.0,80470,Petrol,Manual,2,1.82,12
Maruti Celerio,79130,Petrol,Manual,1,2.09,11
Nissan Micra,140000,Petrol,Manual,2,1.55,11
Jeep Compass,96540,Diesel,Manual,1,7.5,6
Maruti Wagon R 1.0,66950,Petrol,Manual,1,2.75,8
Maruti Ertiga,93910,Diesel,Manual,2,4.5,10
Maruti Dzire,8800,Petrol,Manual,1,6.64,2
Maruti Swift Dzire,110000,Diesel,Manual,5,2.23,12
Maruti Swift Dzire,58630,Petrol,Manual,3,2.3,12
Maruti Wagon R 1.0,64510,Petrol,Manual,2,1.66,13
Maruti Wagon R 1.0,83490,Petrol,Manual,2,2.67,10
Mahindra XUV500,110000,Diesel,Manual,2,2.35,12
Honda Brio,51310,Petrol,Manual,1,2.13,12
Hyundai Creta,69670,Diesel,Manual,1,7.0,7
Renault Duster,140000,Diesel,Manual,4,1.99,12
Tata TIAGO NRG,52670,Petrol,Manual,1,3.31,6
Skoda Superb,68530,Petrol,Manual,4,1.74,14
Hyundai i10,54240,Petrol,Manual,1,1.0,15
Maruti Wagon R 1.0,98780,Petrol,Manual,1,2.16,11
Hyundai Verna,140000,Diesel,Manual,1,6.52,7
Toyota Glanza,27190,Petrol,Manual,1,5.2,4
Honda City,81980,Petrol,Manual,2,1.43,14
Maruti Swift Dzire,170000,Diesel,Manual,2,3.63,9
Honda Brio,41330,Petrol,Manual,1,1.63,12
Mahindra XUV500,67140,Diesel,Manual,2,2.85,12
Maruti IGNIS,58350,Petrol,Manual,1,4.66,5
Renault Duster,79860,Diesel,Manual,2,2.15,11
Maruti Ciaz,81390,Petrol,Manual,2,4.0,7
Tata TIGOR,45650,Diesel,Manual,2,3.52,7
Maruti IGNIS,71670,Petrol,Manual,1,3.6,8
Nissan Terrano,83210,Diesel,Manual,2,3.15,11
Ford New Figo,65260,Diesel,Manual,1,3.0,9
Maruti Ciaz,36210,Petrol,Auto,2,5.5,7
Maruti Swift,50680,Petrol,Manual,2,4.3,6
KIA SONET,12060,Petrol,Manual,2,8.25,4
Hyundai Creta,88400,Diesel,Auto,1,6.25,8
Ford Ecosport,70040,Diesel,Manual,1,3.65,11
Maruti Baleno,85970,Petrol,Manual,2,4.25,7
Mahindra Bolero,140000,Diesel,Manual,2,4.4,8
Mahindra Thar,21920,Diesel,Manual,2,11.2,2
Tata Safari,67140,Diesel,Manual,1,15.5,3
Maruti Vitara Brezza,79890,Diesel,Manual,1,4.95,8
Toyota Innova,140000,Diesel,Manual,1,6.5,11
Hyundai Xcent,62490,Diesel,Manual,3,2.55,7
Audi Q3,75110,Diesel,Manual,1,6.25,10
Maruti Celerio,110000,Petrol,Manual,1,3.0,10
Toyota Innova,110000,Diesel,Manual,2,5.55,12
Maruti Celerio,27730,Petrol,Manual,1,4.74,3
Mahindra Bolero,550000,Diesel,Manual,1,6.05,6
Hyundai Verna,90040,Diesel,Manual,1,4.21,12
Mahindra Thar,32870,Petrol,Manual,3,9.9,3
Jeep Compass,130000,Diesel,Manual,1,10.71,7
Tata Safari Storme,120000,Diesel,Manual,2,3.5,11
Honda City,18330,Petrol,Manual,1,10.5,2
Maruti Ertiga,150000,Diesel,Manual,4,3.5,12
Maruti Ciaz,58740,Petrol,Manual,3,3.72,9
Hyundai Xcent,38990,Petrol,Manual,2,4.08,6
KIA SELTOS,73500,Diesel,Auto,1,12.75,5
Mahindra SCORPIO-N,29290,Petrol,Auto,1,17.4,3
Toyota Innova,110000,Diesel,Manual,1,6.5,10
Honda Jazz,41710,Petrol,Auto,1,4.39,9
Audi A3,53430,Diesel,Auto,1,11.78,10
Mahindra ALTURAS G4,71050,Diesel,Auto,2,17.52,6
MG HECTOR PLUS,100000,Diesel,Manual,2,11.5,5
Mitsubishi Pajero Sport,120000,Diesel,Auto,2,6.12,10
Tata Harrier,110000,Diesel,Manual,1,8.75,6
Toyota Etios,130000,Petrol,Manual,3,1.65,14
Maruti Alto K10,170000,Petrol,Manual,2,2.21,13
Hyundai i10,64530,Petrol,Manual,4,1.57,10
Maruti Swift Dzire,72320,Petrol,Manual,2,2.82,9
Renault Kwid,65850,Petrol,Manual,1,2.5,4
Tata Tiago,45840,Petrol,Manual,1,3.96,6
Hyundai i20,140000,Diesel,Manual,2,1.94,12
Toyota Etios,140000,Diesel,Manual,3,2.14,13
Hyundai Xcent,110000,Diesel,Manual,2,2.3,11
Hyundai Elite i20,140000,Diesel,Manual,1,5.32,7
Hyundai Grand i10,74720,Diesel,Manual,2,1.9,11
Nissan MAGNITE,8540,Petrol,Manual,1,6.5,3
Mahindra XUV500,81590,Diesel,Manual,3,3.32,13
Skoda KUSHAQ,26730,Petrol,Manual,1,11.5,3
Maruti Baleno,13270,Petrol,Manual,1,9.36,1
Honda City,100000,Diesel,Manual,2,11.32,5
Maruti Vitara Brezza,150000,Diesel,Manual,1,5.5,6
Honda Amaze,16720,Petrol,Manual,1,8.95,1
Toyota Innova Crysta,160000,Diesel,Manual,2,17.74,6
Maruti XL6,57310,Petrol,Manual,1,7.5,6
Mahindra Thar,37100,Diesel,Manual,1,14.5,2
Skoda KUSHAQ,88650,Petrol,Auto,1,11.0,4
Toyota Glanza,19390,Petrol,Auto,2,8.0,4
Jeep Compass,73110,Diesel,Manual,2,10.91,7
Toyota Innova,120000,Diesel,Manual,3,6.5,12
Mahindra Scorpio,75950,Diesel,Manual,1,11.89,8
Toyota Fortuner,87100,Diesel,Manual,2,8.0,12
Toyota Innova,170000,Diesel,Manual,4,5.62,10
Tata Curvv,4990,Petrol,Manual,1,14.77,1
Maruti Celerio,190000,Petrol,Manual,3,3.57,11
Hyundai XCENT PRIME,140000,Diesel,Manual,3,3.77,8
Maruti Ritz,120000,Diesel,Manual,2,2.1,13
Toyota Innova,110000,Diesel,Manual,1,10.68,11
Maruti Swift,96490,Petrol,Manual,1,5.85,3
Maruti Alto 800,70610,Petrol,Manual,1,3.0,7
Maruti Wagon R 1.0,61590,Petrol,Manual,1,1.42,14
Volkswagen Vento,82480,Petrol,Manual,3,2.32,15
Maruti Baleno,30570,Petrol,Manual,1,6.49,2
Hyundai i20,79270,Petrol,Manual,3,3.32,12
Volkswagen Polo,100000,Petrol,Manual,4,4.5,8
Datsun Redi Go,47800,Petrol,Manual,2,1.73,7
Ford Classic,190000,Diesel,Manual,1,2.12,13
Tata ALTROZ,98380,Petrol,Manual,1,5.5,5
Maruti Alto K10,100000,Petrol,Manual,1,1.9,15
Hyundai Verna,140000,Petrol,Manual,2,1.88,15
Renault Duster,130000,Diesel,Manual,2,2.56,13
Tata Tiago,9660,Petrol,Manual,1,5.04,7
Honda City,150000,Diesel,Manual,2,4.28,10
Honda Amaze,100000,Diesel,Manual,2,3.48,10
Maruti Alto,95270,Petrol,Manual,2,2.02,15
Hyundai Creta,7420,Petrol,Manual,1,16.74,1
Maruti Baleno,140000,Petrol,Manual,1,6.11,5
Mahindra XUV500,150000,Diesel,Manual,3,8.6,7
KIA SONET,44830,Petrol,Manual,1,9.0,4
MG HECTOR,98700,Petrol,Auto,2,10.5,6
Mahindra XUV500,120000,Diesel,Manual,4,3.77,13
Mahindra XUV500,110000,Diesel,Manual,3,4.58,12
MG HECTOR,100000,Petrol,Manual,2,12.5,5
MG HECTOR PLUS,110000,Diesel,Manual,2,13.5,4
Maruti BREZZA,37900,Petrol,Manual,1,11.49,3
Mahindra Scorpio,56180,Diesel,Manual,1,11.49,7
KIA SONET,32350,Diesel,Manual,2,10.68,3
Mahindra Scorpio,190000,Diesel,Manual,2,4.24,12
Hyundai i20,89030,Petrol,Manual,2,2.98,13
Datsun Redi Go,61900,Petrol,Manual,1,3.21,6
Hyundai Creta,68620,Diesel,Manual,2,11.88,6
Mahindra MARAZZO,160000,Diesel,Manual,1,10.0,7
Skoda Laura,210000,Diesel,Manual,3,1.44,15
Maruti Celerio,110000,Petrol,Manual,2,2.86,8
Tata TIGOR,95090,Petrol,Manual,3,2.59,8
Maruti SX4,110000,Petrol,Manual,4,1.19,15
Renault Scala,68430,Diesel,Manual,2,1.89,12
Hyundai i10,83390,Petrol,Manual,2,2.66,10
Hyundai New Elantra,100000,Diesel,Auto,2,3.17,12
Volkswagen Vento,99730,Diesel,Manual,3,2.1,12
Maruti Swift Dzire,65630,Petrol,Manual,1,3.78,10
Mahindra XUV 3XO,13870,Petrol,Manual,1,9.47,1
Hyundai Elite i20,140000,Diesel,Manual,4,3.25,10
Maruti Wagon R 1.0,100000,Petrol,Manual,2,1.73,13
Tata PUNCH,23820,Petrol,Auto,1,5.93,3
Nissan Sunny,120000,Diesel,Manual,1,1.4,12
Volkswagen Polo,46950,Petrol,Manual,1,4.4,6
Hyundai i10,190000,Petrol,Manual,5,1.19,14
Hyundai i20,95340,Petrol,Manual,5,1.6,13
Honda City,130000,Diesel,Manual,2,3.11,11
Hyundai i20,160000,Diesel,Manual,3,1.5,13
Maruti Vitara Brezza,200000,Diesel,Manual,1,5.74,9
Maruti Celerio,180000,Petrol,Manual,1,3.0,6
Hyundai Verna,68440,Petrol,Manual,2,6.84,6
Maruti Alto 800,81810,Petrol,Manual,1,2.55,7
Maruti Alto K10,58040,Petrol,Auto,1,2.11,9
Maruti Swift,170000,Petrol,Manual,2,4.22,5
Tata Tiago,18870,Petrol,Manual,1,4.15,5
Hyundai Grand i10,54540,Petrol,Manual,1,3.6,9
Ford Ecosport,150000,Diesel,Manual,3,2.5,11
Maruti Wagon R 1.0,180000,Petrol,Manual,1,1.42,13
Datsun Redi Go,62170,Petrol,Manual,4,1.17,9
Maruti Swift Dzire,60570,Petrol,Manual,1,3.6,10
Renault Duster,150000,Diesel,Manual,2,1.89,12
Maruti Swift,32200,Petrol,Manual,1,3.6,10
Hyundai i10,100000,Petrol,Auto,2,1.76,15
Maruti Alto,65980,Petrol,Manual,1,3.37,6
KIA CARENS,24590,Petrol,Manual,2,11.2,3
Hyundai i10,71110,Petrol,Manual,2,1.66,14
Maruti Celerio,100000,Petrol,Manual,2,3.1,7
Maruti Swift,350000,Petrol,Manual,1,1.16,15
Chevrolet Beat,140000,Diesel,Manual,2,1.27,11
Hyundai Verna,210000,Diesel,Manual,1,1.73,15
Maruti Eeco,170000,Petrol,Manual,2,2.17,13
Maruti Swift,110000,Petrol,Manual,4,1.51,14
Hyundai AURA,23430,Petrol,Manual,1,6.6,2
Hyundai Santro Xing,94180,Petrol,Manual,3,1.45,11
Maruti Eeco,150000,Petrol,Manual,4,1.8,13
Hyundai Xcent,65840,Petrol,Manual,1,3.25,9
Maruti Wagon R 1.0,280000,Petrol,Manual,1,1.44,14
Maruti Alto,170000,Petrol,Manual,1,1.14,15
Maruti Ciaz,93080,Diesel,Manual,2,4.0,10
Hyundai Verna,140000,Diesel,Manual,3,2.41,12
Renault TRIBER,31180,Petrol,Manual,1,7.08,2
Hyundai Grand i10,88820,Petrol,Manual,2,3.77,8
Maruti Swift Dzire,170000,Diesel,Manual,1,3.9,10
Mahindra KUV 100 NXT,14930,Petrol,Manual,1,3.6,7
Honda Jazz,66190,Petrol,Manual,2,2.09,13
Renault TRIBER,130000,Petrol,Auto,1,5.6,4
Maruti Dzire,75890,Petrol,Manual,2,5.13,3
Maruti Ciaz,170000,Diesel,Manual,1,5.13,7
Honda City,97120,Petrol,Manual,1,4.5,10
Maruti Baleno,130000,Petrol,Auto,1,4.31,7
Honda City,100000,Petrol,Manual,1,6.25,8
Mahindra SCORPIO-N,32470,Diesel,Manual,1,13.04,2
Maruti Swift Dzire,170000,Diesel,Manual,2,1.6,14
Maruti Ertiga,130000,Petrol,Manual,1,5.22,10
KIA CARENS,14840,Diesel,Manual,1,14.62,1
Tata NEXON,87530,Diesel,Auto,1,12.81,2
Maruti Ciaz,39180,Petrol,Manual,1,5.7,8
Mahindra XUV500,72330,Diesel,Manual,1,2.57,13
Maruti New Wagon-R,44890,Petrol,Manual,1,4.08,6
Maruti Swift,43470,Petrol,Manual,1,5.18,3
Hyundai Creta,96680,Diesel,Manual,2,6.64,9
Hyundai GRAND I10 NIOS,36910,Petrol,Auto,2,5.56,5
Maruti Baleno,24210,Petrol,Manual,1,7.93,2
Hyundai Creta,85870,Diesel,Manual,2,7.0,7
Mahindra XUV500,61030,Diesel,Manual,2,10.5,5
Mahindra XUV500,130000,Diesel,Manual,1,4.5,10
Tata NEXON,78780,Diesel,Manual,1,8.95,5
Maruti Baleno,61150,Petrol,Manual,1,5.2,3
Honda City,180000,Petrol,Manual,2,3.15,13
Tata Harrier,28860,Diesel,Auto,1,15.6,3
Mahindra XUV500,130000,Diesel,Manual,2,4.57,9
KIA SELTOS,7780,Petrol,Manual,1,10.5,3
Maruti Celerio,97010,Petrol,Manual,1,3.6,6
Honda Mobilio,130000,Diesel,Manual,1,3.5,10
Hyundai VENUE,92410,Diesel,Manual,1,9.07,4
Mercedes Benz CLA Class,57340,Diesel,Auto,2,15.5,8
KIA SONET,40500,Petrol,Auto,2,8.0,5
Toyota Innova,140000,Diesel,Manual,5,3.03,13
Honda WR-V,140000,Diesel,Manual,1,6.5,5
Hyundai Creta,55000,Diesel,Auto,1,8.69,8
KIA SONET,46310,Diesel,Auto,1,14.93,1
Maruti Alto,64780,Petrol,Manual,2,3.0,6
KIA SELTOS,45930,Petrol,Manual,1,10.66,4
Skoda Octavia,85220,Diesel,Auto,1,14.06,7
Audi Q5,71950,Diesel,Auto,3,6.55,13
Hyundai Elite i20,41260,Petrol,Manual,1,6.12,5
CITROEN C3 AIRCROSS,6490,Petrol,Manual,1,11.5,2
Toyota Innova Crysta,310000,Diesel,Manual,1,14.0,7
Honda City,110000,Petrol,Manual,2,5.25,7
MG HECTOR PLUS,110000,Diesel,Manual,1,14.61,5
Hyundai Elite i20,28940,Petrol,Manual,1,5.92,6
Maruti Alto 800,95990,Petrol,Manual,1,1.95,10
Toyota Etios,140000,Diesel,Manual,3,2.59,11
Datsun Redi Go,130000,Petrol,Manual,1,1.0,9
Hyundai Eon,110000,Petrol,Manual,2,1.16,11
Maruti Wagon R 1.0,140000,Petrol,Manual,4,1.63,12
Renault Kwid,120000,Petrol,Manual,3,1.16,10
Maruti Swift,250000,Diesel,Manual,1,3.06,12
Ford Figo,99210,Diesel,Manual,2,1.42,12
Renault Kwid,53880,Petrol,Manual,4,1.09,9
Maruti Baleno,65850,Diesel,Manual,1,5.0,8
Ford Figo Aspire,110000,Diesel,Manual,1,2.3,8
Hyundai i20,160000,Diesel,Manual,2,1.94,12
Maruti Swift Dzire,120000,Petrol,Manual,3,2.6,8
Hyundai i20,120000,Petrol,Manual,2,2.23,13
Maruti Swift Dzire,95330,Petrol,Manual,2,1.19,15
Maruti Ciaz,160000,Diesel,Manual,3,2.87,10
Maruti Eeco,210000,Petrol,Manual,4,1.75,10
Hyundai Verna,65680,Petrol,Manual,1,7.11,4
Hyundai i20,100000,Petrol,Manual,4,1.19,14
Maruti Ertiga,160000,Diesel,Manual,4,2.98,12
Maruti Swift,140000,Diesel,Manual,2,2.99,13
Nissan Terrano,120000,Diesel,Manual,4,2.04,11
Honda Jazz,200000,Petrol,Manual,4,1.09,15
Maruti Celerio,85830,Diesel,Manual,4,1.43,10
Hyundai i20,140000,Petrol,Manual,4,1.1,15
Hyundai i10,85360,Petrol,Manual,2,1.42,14
Tata Manza,1,Petrol,Manual,1,1.0,13
Hyundai Elite i20,80890,Petrol,Manual,2,3.39,10
Mahindra Scorpio,220000,Diesel,Manual,2,2.0,15
Skoda Rapid,97570,Diesel,Auto,1,5.0,8
Honda Amaze,61950,Petrol,Manual,1,4.94,4
Maruti Dzire,96660,Petrol,Manual,1,4.72,6
Hyundai Elite i20,89140,Petrol,Manual,2,4.58,7
Tata NEXON,79350,Petrol,Manual,2,5.63,7
Toyota Etios,120000,Diesel,Manual,3,2.3,11
Fiat Punto EVO,100000,Diesel,Manual,3,1.72,8
Toyota Etios,290000,Diesel,Manual,3,1.45,14
Volkswagen Polo,110000,Petrol,Manual,2,2.84,10
Maruti Wagon R 1.0,54520,Petrol,Manual,1,2.15,13
Maruti Swift Dzire,120000,Petrol,Manual,2,3.69,9
Ford Figo Aspire,210000,Diesel,Manual,2,1.87,10
Volkswagen Vento,100000,Diesel,Manual,3,1.78,13
Renault Duster,60730,Diesel,Manual,4,1.59,12
Maruti Wagon R 1.0,140000,Petrol,Manual,8,1.16,14
Hyundai Creta,110000,Diesel,Manual,3,5.23,9
Maruti Swift Dzire,110000,Petrol,Manual,3,2.08,13
Hyundai Elite i20,130000,Petrol,Manual,3,4.67,8
Nissan Terrano,84290,Diesel,Manual,1,3.32,12
Hyundai Elite i20,87870,Petrol,Manual,2,4.97,6
Hyundai Verna,190000,Diesel,Manual,2,1.03,15
Maruti Ciaz,110000,Diesel,Manual,4,3.43,10
Hyundai Creta,77890,Diesel,Manual,3,5.74,10
Hyundai Grand i10,94550,Diesel,Manual,1,3.4,8
Maruti S PRESSO,69820,Petrol,Manual,2,3.75,4
Tata Harrier,46450,Diesel,Auto,1,15.0,4
Maruti Eeco,120000,Petrol,Manual,2,2.67,9
Maruti Eeco,93350,Petrol,Manual,4,1.92,10
Maruti Baleno,48680,Petrol,Manual,1,4.7,7
Ford Ecosport,110000,Diesel,Manual,1,4.22,11
Maruti Wagon R 1.0,110000,Petrol,Auto,2,3.16,8
KIA SONET,3000,Diesel,Auto,1,10.89,1
Maruti Ciaz,130000,Diesel,Manual,1,4.15,8
Chevrolet Captiva,140000,Diesel,Manual,2,2.35,14
Tata NEXON,80930,Diesel,Auto,1,6.25,5
Maruti Baleno,32259,Petrol,Manual,1,5.15,5
Ford FREESTYLE,28680,Petrol,Manual,1,5.82,4
Maruti Ertiga,120000,Diesel,Manual,3,5.17,9
Ford Ecosport,180000,Diesel,Manual,2,2.5,12
Tata NEXON,24010,Petrol,Manual,1,9.0,2
Maruti Ertiga,100000,Diesel,Manual,2,6.84,7
Maruti Ciaz,57800,Petrol,Manual,1,5.24,7
Hyundai Creta,120000,Diesel,Manual,2,7.37,7
Maruti Swift Dzire,250000,Petrol,Manual,2,5.43,3
Maruti Ertiga,100000,Diesel,Manual,3,6.26,7
Tata Harrier,42350,Diesel,Auto,1,16.5,3
Toyota Innova,210000,Diesel,Manual,1,4.66,13
Maruti New Wagon-R,67350,Petrol,Manual,1,4.48,5
Maruti Eeco,55830,Petrol,Manual,2,3.7,6
Maruti New Wagon-R,120000,Petrol,Manual,1,4.55,4
Ford Ecosport,100000,Diesel,Manual,1,6.98,6
Ford Ecosport,110000,Diesel,Manual,1,7.2,4
Tata Harrier,49660,Diesel,Manual,1,12.5,4
Honda City,55420,Petrol,Manual,1,9.5,5
Maruti S Cross,110000,Petrol,Auto,2,6.51,5
Skoda Yeti,75850,Diesel,Manual,2,3.16,14
Hyundai NEW I20,7560,Petrol,Manual,1,8.5,1
Hyundai Creta,43190,Diesel,Manual,1,12.6,5
Tata Harrier,53410,Diesel,Manual,1,15.55,3
Maruti Ciaz,79630,Petrol,Manual,2,6.0,6
MG HECTOR PLUS,40310,Diesel,Manual,1,17.5,4
Maruti Alto,52340,Petrol,Manual,1,3.5,4
Mahindra XUV300,110000,Diesel,Manual,1,5.84,5
Honda City,71110,Diesel,Manual,3,3.0,11
Maruti Alto 800,100000,Petrol,Manual,3,1.75,11
Hyundai Elite i20,120000,Diesel,Manual,2,3.77,10
Hyundai Grand i10,120000,Petrol,Manual,1,3.75,10
Maruti Swift Dzire,77870,Petrol,Manual,1,3.66,11
Maruti Alto 800,80520,Petrol,Manual,4,2.23,11
Hyundai Elite i20,97220,Petrol,Manual,1,5.4,7
Mahindra XUV500,100000,Diesel,Manual,2,4.14,11
Maruti Swift,120000,Petrol,Manual,2,3.66,10
Hyundai Eon,73950,Petrol,Manual,3,1.42,11
Renault Duster,140000,Diesel,Manual,6,1.5,13
Maruti Swift,90160,Diesel,Manual,3,3.42,10
Maruti Swift Dzire,140000,Diesel,Manual,4,2.23,13
Hyundai i20,200000,Diesel,Manual,3,2.37,12
Maruti Swift,81470,Petrol,Auto,1,5.43,7
Maruti Swift,110000,Diesel,Manual,1,4.7,8
Renault TRIBER,120000,Petrol,Manual,1,3.8,6
Hyundai Eon,140000,Petrol,Manual,4,1.19,13
Tata NEXON,88400,Petrol,Manual,2,4.35,6
Maruti Swift,150000,Diesel,Manual,1,4.41,8
Honda City,130000,Petrol,Manual,2,3.36,10
Maruti Alto K10,140000,Petrol,Manual,4,1.2,14
Toyota Etios Liva,210000,Diesel,Manual,2,2.82,13
Hyundai i10,110000,Petrol,Manual,3,1.52,15
Hyundai Elite i20,120000,Diesel,Manual,1,4.72,8
Hyundai Verna,87910,Petrol,Manual,1,7.3,7
Hyundai VENUE,9080,Petrol,Auto,1,13.0,1
Toyota YARIS,86510,Petrol,Manual,1,6.6,5
Renault Duster,170000,Diesel,Manual,2,2.9,12
Hyundai Verna,56630,Petrol,Manual,1,9.07,4
Hyundai Creta,67790,Petrol,Manual,1,8.93,6
Toyota Innova Crysta,290000,Diesel,Manual,1,14.5,9
Maruti Swift,110000,Diesel,Manual,2,3.1,14
Ford Ecosport,160000,Diesel,Manual,1,6.4,6
Maruti S Cross,200000,Diesel,Manual,2,5.75,7
Tata NEXON EV,70780,Electric,Auto,1,11.0,3
Mahindra TUV300,150000,Diesel,Auto,1,4.6,9
Maruti Baleno,35650,Petrol,Manual,1,5.0,3
Volkswagen Polo,150000,Diesel,Manual,5,2.25,10
Maruti Swift,160000,Diesel,Manual,1,2.67,12
Mahindra Scorpio,120000,Diesel,Manual,2,3.6,10
Maruti Ciaz,99830,Diesel,Manual,3,2.79,10
Hyundai Elite i20,110000,Diesel,Manual,2,3.22,8
Tata Tiago,160000,Diesel,Manual,3,2.04,9
Volkswagen Polo,130000,Diesel,Manual,2,2.65,9
Datsun Go,120000,Petrol,Manual,3,1.0,10
Maruti Swift,110000,Diesel,Manual,1,2.5,12
Maruti Alto 800,82440,Petrol,Manual,3,1.99,8
Hyundai Grand i10,78010,Diesel,Manual,2,1.6,10
Maruti Swift Dzire,58400,Diesel,Manual,1,2.5,10
Nissan Sunny,210000,Diesel,Manual,2,1.43,13
Nissan Sunny,210000,Diesel,Manual,2,1.42,13
Hyundai Elite i20,100000,Diesel,Manual,1,3.6,10
Maruti Swift,190000,Diesel,Manual,1,3.35,12
Maruti Ritz,140000,Diesel,Manual,3,1.45,12
Maruti Ritz,140000,Petrol,Manual,2,1.0,15
Chevrolet Beat,100000,Diesel,Manual,2,1.29,10
Maruti Eeco,45960,Petrol,Manual,1,5.9,2
Volkswagen Polo,57330,Petrol,Manual,1,4.65,7
Renault TRIBER,2700,Petrol,Manual,1,6.5,2
Honda City,91250,Diesel,Manual,2,3.81,10
Maruti Swift,150000,Diesel,Manual,1,2.22,11
Tata Tiago,290000,Diesel,Manual,1,2.5,6
Maruti S PRESSO,42500,Petrol,Manual,3,3.26,6
Ford Figo Aspire,110000,Petrol,Manual,2,3.12,8
Renault Duster,140000,Diesel,Manual,1,1.75,10
Hyundai VENUE,100000,Diesel,Manual,2,6.2,6
Ford Ecosport,120000,Diesel,Manual,1,5.37,7
Maruti Baleno,41540,Petrol,Manual,1,6.48,3
Hyundai VENUE,53590,Petrol,Manual,1,6.75,4
Tata NEXON,83580,Diesel,Auto,1,10.0,3
Maruti New Wagon-R,331,Petrol,Manual,2,4.44,4
Mahindra Thar,13060,Petrol,Manual,1,13.76,2
Mahindra XUV700,87690,Diesel,Manual,2,17.38,4
Mahindra XUV500,81220,Diesel,Manual,1,5.42,9
Maruti Swift,82040,Diesel,Manual,2,4.94,6
Maruti Vitara Brezza,110000,Diesel,Manual,2,5.66,8
Jeep Compass,97480,Diesel,Manual,1,12.33,7
KIA SONET,96820,Diesel,Auto,1,9.0,3
Ford Endeavour,90130,Diesel,Auto,2,15.0,9
Tata NEXON,39950,Diesel,Manual,2,5.61,7
Maruti Baleno,30590,Petrol,Manual,1,4.87,7
Tata Indigo ECS,74340,Diesel,Manual,1,2.45,8
Hyundai Elite i20,83370,Petrol,Manual,2,3.79,7
Hyundai Santro Xing,47910,Petrol,Manual,2,1.97,12
Hyundai Elite i20,83020,Petrol,Manual,1,4.11,8
Skoda Rapid,130000,Diesel,Manual,3,1.83,12
Maruti Ciaz,130000,Petrol,Manual,1,2.5,10
Hyundai i20,160000,Petrol,Manual,2,1.4,14
Tata Tiago,67540,Diesel,Manual,2,2.75,7
Maruti Swift,700000,Petrol,Manual,3,2.9,10
Maruti Swift Dzire,72050,Petrol,Manual,2,2.67,10
Maruti Ritz,62750,Petrol,Manual,3,1.89,9
MG HECTOR,27830,Petrol,Auto,2,12.2,6
Maruti Alto K10,32740,Petrol,Auto,1,2.5,8
Chevrolet Cruze,83130,Diesel,Auto,3,2.01,13
Maruti Swift,180000,Diesel,Manual,3,2.0,13
Skoda KUSHAQ,27880,Petrol,Manual,1,11.0,4
Renault Kwid,100000,Petrol,Manual,2,1.95,9
Maruti Swift Dzire,100000,Petrol,Manual,2,3.24,11
Toyota Etios Liva,300000,Diesel,Manual,1,2.1,13
Maruti Vitara Brezza,170000,Diesel,Manual,3,4.2,9
Tata Tiago,100000,Petrol,Manual,1,3.67,7
Maruti Alto 800,22800,Petrol,Manual,1,3.4,11
Maruti Swift,110000,Diesel,Manual,3,2.13,12
Mahindra XUV500,140000,Diesel,Manual,3,2.19,13
Maruti Swift Dzire,140000,Petrol,Manual,1,3.05,10
MG HECTOR,100000,Diesel,Manual,1,8.5,6
Maruti Alto K10,65230,Petrol,Manual,1,1.45,14
Renault Kwid,78020,Petrol,Manual,2,2.28,8
Maruti Alto K10,56180,Petrol,Auto,2,2.8,9
Mahindra KUV 100 NXT,93100,Diesel,Manual,1,3.16,8
Hyundai Eon,41910,Petrol,Manual,2,1.78,13
Ford Fiesta Classic,71340,Diesel,Manual,1,1.34,14
Maruti Alto 800,34910,Petrol,Manual,1,2.1,9
Honda Amaze,89430,Diesel,Manual,1,2.77,11
Fiat Linea,5,Diesel,Manual,1,1.6,14
Tata Safari,120000,Diesel,Manual,4,1.16,13
Chevrolet Sail,170000,Diesel,Manual,3,1.2,12
KIA SELTOS,130000,Petrol,Manual,1,7.0,6
Skoda Rapid,110000,Diesel,Auto,1,4.5,8
Tata Indigo ECS,210000,Diesel,Manual,1,1.64,10
Volkswagen Polo,120000,Diesel,Manual,2,1.0,13
Tata Nano,8130,Petrol,Auto,2,2.18,10
Mahindra Kuv100,73730,Diesel,Manual,2,2.8,9
Maruti Swift Dzire,89210,Diesel,Manual,2,3.13,12
Skoda Fabia,77340,Petrol,Manual,3,1.27,15
Hyundai Grand i10,51420,Diesel,Manual,2,3.22,8
Tata Zest,210000,Diesel,Manual,2,1.69,9
Maruti SX4,70350,Petrol,Manual,3,1.07,15
Volkswagen Polo,84860,Diesel,Manual,2,1.79,12
Hyundai Eon,87390,Petrol,Manual,2,2.04,8
Ford Figo,130000,Diesel,Manual,1,1.05,13
Tata PUNCH,37760,Petrol,Manual,2,8.23,4
Maruti Wagon R 1.0,77960,Petrol,Manual,1,2.35,8
Mahindra XUV500,67680,Diesel,Manual,2,4.97,8
Tata PUNCH,39310,Petrol,Manual,1,6.5,2
Tata ALTROZ,62930,Petrol,Manual,1,5.89,5
Tata TIGOR,33300,Petrol,Manual,1,6.82,3
Hyundai Elite i20,64980,Petrol,Manual,2,3.73,9
Maruti Swift Dzire,110000,Diesel,Manual,3,1.65,9
Renault Kwid,38310,Petrol,Auto,2,2.59,7
Volkswagen Polo,64510,Petrol,Manual,1,2.9,10
Hyundai Grand i10,110000,Diesel,Manual,3,4.6,10
Tata Tiago,65110,Petrol,Manual,1,3.65,7
Toyota Etios,190000,Petrol,Manual,2,1.8,14
Hyundai i20,34320,Petrol,Manual,1,2.26,13
Ford Ecosport,48520,Diesel,Manual,2,2.9,11
Maruti Swift,110000,Diesel,Manual,1,1.55,15
Tata Indigo ECS,250000,Diesel,Manual,2,1.45,10
Honda City,95930,Diesel,Manual,3,2.86,11
Maruti Alto K10,68110,Petrol,Manual,2,1.27,15
Chevrolet Beat,55470,Petrol,Manual,2,1.0,15
Honda Civic,120000,Petrol,Auto,2,1.42,15
Hyundai Xcent,160000,Petrol,Manual,1,3.38,11
Tata Hexa,55370,Diesel,Manual,2,3.35,8
Ford Figo Aspire,46050,Petrol,Manual,1,3.1,10
Honda Brio,47290,Petrol,Manual,3,1.8,13
Hyundai i10,51890,Petrol,Manual,1,2.74,12
Renault TRIBER,12770,Petrol,Manual,1,5.5,4
Maruti Swift,11040,Petrol,Manual,1,5.25,2
Hyundai Verna,69610,Petrol,Manual,1,1.7,15
Maruti Swift Dzire,110000,Diesel,Manual,4,1.67,15
Maruti Wagon R 1.0,130000,Petrol,Manual,1,1.87,15
Hyundai Accent,110000,Petrol,Manual,1,1.5,12
KIA SONET,3780,Petrol,Manual,1,8.9,1
Honda WR-V,73190,Petrol,Manual,1,6.59,6
Mahindra Xylo,120000,Diesel,Manual,3,1.48,15
BMW 7 Series,100000,Diesel,Auto,5,6.5,13
Nissan Terrano,110000,Diesel,Manual,2,2.29,11
Nissan Micra,87760,Petrol,Manual,2,1.29,14
Maruti Vitara Brezza,57140,Diesel,Manual,3,4.85,8
Maruti Swift,120000,Diesel,Manual,1,1.39,15
Tata Manza,120000,Diesel,Manual,2,1.2,13
Honda City,69830,Petrol,Manual,1,5.4,8
Ford Figo,92020,Diesel,Manual,4,1.0,11
Chevrolet Beat,70400,Petrol,Manual,3,1.13,15
Maruti Grand Vitara,710000,Petrol,Manual,2,9.16,2
Chevrolet Cruze,50000,Diesel,Manual,4,1.65,15
Renault Duster,110000,Petrol,Auto,2,3.55,8
Tata MAGIC,110000,Diesel,Manual,3,1.33,12
Maruti Alto,33270,Petrol,Manual,1,3.77,3
Tata Tiago,34180,Petrol,Manual,1,4.19,3
Hyundai Xcent,75560,Petrol,Manual,3,2.7,11
Maruti Alto,88570,Petrol,Manual,1,1.0,15
Maruti IGNIS,19970,Petrol,Manual,1,4.8,3
Hyundai GRAND I10 NIOS,8029,Petrol,Auto,1,6.3,2
Tata Indigo ECS,110000,Diesel,Manual,1,1.66,9
Hyundai Eon,56690,Petrol,Manual,2,2.07,8
Skoda Yeti,93990,Diesel,Manual,4,2.45,13
Hyundai i10,88270,Petrol,Manual,2,1.42,15
Hyundai i20,87390,Petrol,Manual,2,1.52,15
Jeep Compass,46600,Petrol,Auto,1,7.5,7
Maruti Wagon R 1.0,87520,Petrol,Manual,2,1.44,15
Maruti Swift,120000,Diesel,Manual,1,3.5,12
Renault Duster,79030,Diesel,Manual,3,3.33,10
Hyundai Elite i20,59350,Petrol,Manual,1,5.39,6
Maruti Alto,84390,Petrol,Manual,3,1.0,16
Volkswagen Vento,140000,Petrol,Auto,2,3.6,9
Hyundai Xcent,91880,Petrol,Manual,2,2.44,11
Maruti Swift Dzire,100000,Diesel,Manual,3,3.25,10
Volkswagen Ameo,77060,Petrol,Manual,2,3.79,8
Tata NEXON,46120,Petrol,Manual,1,5.45,8
Renault Kwid,69280,Petrol,Manual,1,3.09,6
Hyundai Tucson,120000,Diesel,Auto,2,13.75,6
Maruti Baleno,59160,Petrol,Manual,1,5.5,3
Renault Kwid,11930,Petrol,Manual,1,3.82,4
KIA CARENS,18450,Petrol,Manual,1,10.36,2
Mahindra XUV500,93280,Diesel,Manual,2,6.49,7
Maruti FRONX,14480,Petrol,Manual,1,6.86,1
Maruti Ertiga,82750,Diesel,Manual,1,4.72,10
Renault Duster,110000,Diesel,Manual,2,2.45,12
Hyundai GRAND I10 NIOS,140000,Petrol,Manual,2,4.5,6
Hyundai i20,65290,Diesel,Manual,2,3.25,11
Renault Duster,79790,Diesel,Manual,2,2.6,12
Maruti Baleno,110000,Petrol,Manual,1,4.1,8
Audi A4,130000,Diesel,Auto,4,3.5,14
Mahindra XUV500,120000,Diesel,Manual,3,3.8,10
KIA SYROS,2130,Petrol,Manual,1,11.8,0
Hyundai ALCAZAR,15820,Diesel,Manual,1,13.5,1
Maruti Wagon R 1.0,30100,Petrol,Manual,1,3.65,7
Hyundai Grand i10,41930,Petrol,Auto,1,4.22,8
Ford Ecosport,100000,Diesel,Manual,3,3.5,9
Mahindra Scorpio,240000,Diesel,Manual,1,2.5,12
Ford Ecosport,110000,Diesel,Manual,3,3.1,9
Maruti Baleno,67370,Diesel,Manual,1,5.33,8
Maruti Baleno,56980,Petrol,Manual,1,5.53,5
Mahindra Bolero,45390,Diesel,Manual,1,8.0,3
Maruti Ciaz,110000,Diesel,Manual,2,4.2,8
Hyundai Grand i10,33980,Petrol,Manual,1,4.25,6
Maruti Baleno,68700,Petrol,Auto,1,5.0,6
Hyundai Verna,68530,Diesel,Manual,2,3.12,12
Maruti Swift,36030,Petrol,Manual,1,6.8,1
Maruti Swift,73220,Petrol,Manual,3,2.37,13
MG ASTOR,36740,Petrol,Manual,1,11.3,3
Tata PUNCH,18330,Petrol,Manual,1,6.15,2
Hyundai Creta,71550,Diesel,Manual,1,6.9,9
Mahindra XUV500,200000,Diesel,Manual,1,8.47,6
Maruti Baleno,61390,Petrol,Manual,1,4.75,4
Toyota YARIS,51400,Petrol,Manual,2,5.56,7
Maruti Wagon R 1.0,29780,Petrol,Manual,1,2.0,15
Maruti Ciaz,80520,Diesel,Manual,2,3.58,10
Tata NEXON,67820,Diesel,Manual,1,9.99,4
Renault TRIBER,23340,Petrol,Manual,1,7.96,1
Tata NEXON,28930,Diesel,Auto,1,11.56,3
Tata NEXON,14170,Petrol,Manual,1,9.39,3
Hyundai Xcent,53060,Petrol,Manual,1,3.55,8
Maruti New Wagon-R,72950,Petrol,Manual,2,4.22,4
Maruti Swift Dzire,69960,Diesel,Manual,2,3.36,8
Hyundai Creta,100000,Diesel,Manual,2,6.4,9
Mahindra TUV300,170000,Diesel,Manual,4,3.75,9
Tata Tiago,32790,Petrol,Manual,1,4.9,4
Ford Ecosport,65940,Petrol,Manual,1,6.51,6
Hyundai Grand i10,48670,Petrol,Manual,2,3.33,10
Tata ALTROZ,10410,Petrol,Auto,2,7.0,2
Ford Ecosport,100000,Diesel,Manual,4,3.05,9
Honda City,26560,Petrol,Manual,1,5.5,9
Hyundai NEW I20,78760,Petrol,Manual,1,5.68,5
Mahindra Bolero,150000,Diesel,Manual,1,2.8,14
Tata NEXON,20640,Petrol,Manual,1,9.03,1
Hyundai AURA,50550,Petrol,Manual,1,5.5,5
Maruti Dzire,88930,Diesel,Manual,1,5.84,7
KIA SONET,46290,Petrol,Auto,1,8.2,4
Tata Safari,86220,Diesel,Auto,1,17.5,3
Tata Safari,63250,Diesel,Manual,2,14.25,4
Ford Ecosport,130000,Diesel,Manual,1,6.7,7
Honda City,73310,Petrol,Manual,1,8.97,6
Hyundai Elite i20,49410,Petrol,Manual,2,4.32,8
Tata ALTROZ,4700,Petrol,Auto,1,9.04,0
Ford Ecosport,89150,Petrol,Manual,3,5.0,7
Hyundai Grand i10,69380,Petrol,Manual,2,3.5,9
Hyundai GRAND I10 NIOS,13750,Petrol,Auto,1,6.99,3
Ford Ecosport,67270,Petrol,Manual,1,7.0,5
Toyota Innova Crysta,140000,Diesel,Manual,3,10.5,8
Ford Ecosport,130000,Diesel,Manual,1,3.4,9
Tata Tiago,81350,Petrol,Manual,1,3.5,6
Tata TIAGO NRG,140000,Petrol,Manual,1,3.4,7
Maruti FRONX,66910,Petrol,Manual,1,8.51,1
Mahindra Scorpio,229999,Diesel,Manual,1,9.0,5
Tata ALTROZ,130000,Diesel,Manual,1,6.5,4
Maruti New Wagon-R,44800,Petrol,Manual,1,4.48,3
Hyundai Elite i20,90940,Petrol,Manual,1,4.0,11
Ford Figo Aspire,90620,Petrol,Manual,1,3.15,9
Hyundai AURA,110000,Petrol,Manual,1,5.9,3
Mahindra Scorpio,95590,Diesel,Manual,2,3.8,12
KIA SELTOS,29430,Diesel,Manual,1,10.4,6
Maruti Swift Dzire,70080,Petrol,Manual,3,3.8,8
Mahindra XUV500,41790,Petrol,Auto,1,8.5,7
Ford Ecosport,90330,Diesel,Manual,1,6.75,6
Tata PUNCH,10240,Petrol,Manual,1,7.0,3
Honda Amaze,13690,Petrol,Auto,1,8.69,1
Maruti Baleno,52400,Diesel,Manual,1,5.27,8
Tata Harrier,73170,Diesel,Manual,1,11.0,5
Mahindra XUV700,1160000,Diesel,Manual,1,15.0,3
Honda Amaze,12280,Petrol,Manual,2,7.2,1
Mahindra TUV300,200000,Diesel,Manual,1,4.61,9
KIA SELTOS,20600,Diesel,Manual,1,13.9,2
Honda Amaze,40920,Diesel,Manual,1,4.12,8
Hyundai Elite i20,93030,Diesel,Manual,1,5.99,6
Skoda KUSHAQ,44160,Petrol,Manual,1,9.48,4
Honda City,110000,Petrol,Manual,2,5.98,8
Maruti Eeco,44150,Petrol,Manual,1,5.31,3
Maruti BREZZA,36980,Petrol,Manual,1,10.45,2
Tata Harrier,66810,Diesel,Manual,1,15.2,3
Toyota Innova Crysta,140000,Diesel,Manual,1,18.24,6
Maruti FRONX,8700,Petrol,Auto,1,8.0,1
Mahindra XUV500,100000,Diesel,Manual,1,5.43,9
Mahindra XUV700,41250,Diesel,Manual,1,16.95,1
Chevrolet Tavera,190000,Diesel,Manual,1,4.5,8
Maruti Baleno,42730,Petrol,Manual,1,4.25,7
Hyundai VENUE,86430,Petrol,Manual,2,7.0,4
Maruti Baleno,28420,Petrol,Manual,1,6.1,4
Toyota URBAN CRUISER HYRYDER,11770,Hybrid,Auto,1,16.5,2
Maruti JIMNY,13960,Petrol,Manual,1,12.3,1
MG HECTOR,40980,Petrol,Manual,2,12.5,5
Mercedes Benz B Class,69210,Diesel,Auto,1,10.5,10
Mahindra Thar,57750,Diesel,Auto,1,11.95,4
Maruti Baleno,13240,Petrol,Auto,1,6.8,5
Mahindra XUV300,57200,Petrol,Manual,1,7.43,6
KIA SELTOS,44190,Petrol,Auto,1,13.22,2
Mahindra Kuv100,68060,Petrol,Manual,1,3.11,8
Mahindra Scorpio,87650,Diesel,Manual,2,13.13,6
Mahindra XUV300,26760,Petrol,Manual,1,9.4,3
Honda WR-V,93920,Diesel,Manual,2,5.9,7
Maruti Swift,70030,Petrol,Manual,1,4.77,6
Hyundai VENUE,40120,Petrol,Manual,1,7.85,5
Maruti Dzire,79250,Petrol,Manual,2,6.09,4
Mahindra XUV500,150000,Diesel,Manual,2,3.5,13
Mercedes Benz Ml Class,130000,Diesel,Auto,3,9.89,13
Hyundai EXTER,13890,Petrol,Manual,1,8.5,1
Maruti Ciaz,19030,Petrol,Manual,1,8.65,2
MG HECTOR PLUS,69880,Petrol,Auto,1,11.9,4
Toyota Innova,78750,Diesel,Manual,3,5.47,11
Ford Figo Aspire,71150,Petrol,Manual,2,3.25,8
Mahindra XUV300,55960,Diesel,Manual,1,7.09,6
Mahindra XUV500,27210,Diesel,Manual,1,14.38,4
Maruti Swift,82100,Petrol,Manual,2,3.59,9
MG HECTOR PLUS,4840,Petrol,Auto,1,16.0,2
Toyota Fortuner,150000,Diesel,Manual,2,5.5,15
Toyota Fortuner,150000,Diesel,Manual,1,13.36,10
Jeep Compass,59100,Diesel,Manual,2,9.0,6
MG HECTOR,110000,Diesel,Manual,1,13.75,4
Mercedes Benz Ml Class,89200,Diesel,Auto,2,17.11,11
Maruti Dzire,27900,Petrol,Manual,1,8.09,3
Hyundai Creta,12040,Petrol,Auto,1,14.38,3
Tata ALTROZ,57210,Petrol,Manual,2,5.95,4
Tata Safari,69150,Diesel,Manual,1,14.7,2
CITROEN C3,35000,Petrol,Manual,2,5.0,3
KIA SONET,37540,Diesel,Manual,1,11.5,2
Tata Harrier,170000,Diesel,Auto,1,10.5,5
BMW 7 Series,120000,Diesel,Auto,3,6.4,14
Audi Q5,88400,Diesel,Auto,2,8.77,13
Mahindra XUV300,26110,Petrol,Manual,1,9.6,3
Mahindra XUV500,100000,Diesel,Manual,3,4.21,12
Maruti Dzire,100000,Diesel,Manual,2,5.42,7
Maruti S Cross,32159,Petrol,Manual,1,6.22,5
Tata Safari,32619,Diesel,Manual,1,16.26,4
MG HECTOR PLUS,62410,Petrol,Auto,1,13.5,4
CITROEN C3,11040,Petrol,Manual,1,6.75,2
BMW X1,97100,Diesel,Auto,2,15.5,8
Audi A4,84300,Diesel,Auto,2,8.0,12
Tata TIAGO EV,30050,Electric,Auto,1,6.7,2
Ssangyong Rexton,120000,Diesel,Manual,1,4.33,11
Audi Q7,97780,Diesel,Auto,3,10.5,10
Maruti BREZZA,12160,Petrol,Manual,1,10.51,2
Jeep Compass,67000,Diesel,Manual,1,15.15,5
Mercedes Benz Ml Class,200000,Diesel,Auto,1,18.45,11
KIA SELTOS,26270,Petrol,Auto,2,13.0,3
Volkswagen TAIGUN,60850,Petrol,Manual,1,12.8,3
KIA SELTOS,86850,Diesel,Auto,2,11.94,6
Hyundai XCENT PRIME,110000,Petrol,Manual,1,6.25,3
MG HECTOR,253,Petrol,Manual,1,16.5,1
KIA SELTOS,4850,Petrol,Auto,1,17.75,2
Toyota Fortuner,140000,Diesel,Auto,3,8.0,12
Mahindra XUV500,69110,Diesel,Manual,1,9.5,5
Tata TIAGO EV,11760,Electric,Auto,1,7.8,1
Tata Curvv EV,22320,Electric,Auto,1,18.5,1
Tata Harrier,68200,Diesel,Manual,2,10.0,6
Tata NEXON EV,83060,Electric,Auto,1,10.0,3
Maruti Wagon R 1.0,73970,Petrol,Manual,2,1.99,14
Maruti Alto K10,84080,Petrol,Auto,2,2.85,9
Maruti Wagon R 1.0,92330,Petrol,Manual,1,2.36,12
Maruti Baleno,57230,Petrol,Auto,1,7.73,6
Volkswagen Polo,93970,Diesel,Manual,4,1.7,10
Mahindra Kuv100,69840,Petrol,Manual,1,2.14,9
Hyundai Eon,53290,Petrol,Manual,2,2.5,11
Tata Tiago,36470,Petrol,Auto,1,3.25,7
Honda Amaze,58620,Diesel,Manual,2,4.75,7
Maruti Alto,72000,Petrol,Manual,3,1.0,16
Hyundai i10,110000,Petrol,Manual,1,1.85,17
Honda Amaze,42150,Petrol,Manual,2,5.8,5
MG HECTOR,150000,Petrol,Auto,1,9.0,6
Ford Figo Aspire,70680,Petrol,Auto,1,2.82,10
Maruti Swift Dzire,120000,Diesel,Manual,1,4.0,9
Maruti Wagon R 1.0,48460,Petrol,Manual,2,3.7,8
Maruti Wagon R 1.0,85280,Petrol,Manual,1,2.6,12
Hyundai Eon,54320,Petrol,Manual,3,1.29,13
Honda City,53320,Diesel,Manual,1,6.7,6
Hyundai Grand i10,42030,Petrol,Manual,1,4.2,8
KIA CARENS,59220,Petrol,Manual,1,14.5,3
Honda Amaze,220000,Diesel,Manual,1,2.5,12
Tata TIGOR,68870,Petrol,Manual,1,4.9,4
Hyundai Verna,73380,Petrol,Manual,1,5.5,6
Hyundai Elite i20,45200,Petrol,Manual,1,5.7,6
Maruti Baleno,60920,Petrol,Manual,1,3.37,9
Hyundai VENUE,55200,Petrol,Manual,1,7.5,4
Maruti S Cross,62550,Diesel,Manual,1,6.8,7
Maruti Vitara Brezza,44740,Diesel,Manual,1,7.5,8
BMW X1,50250,Diesel,Auto,2,11.01,6
Skoda Rapid,92510,Petrol,Manual,1,5.0,6
Ford Figo,14540,Diesel,Manual,1,1.6,14
Nissan Terrano,120000,Diesel,Manual,1,2.52,11
Nissan MAGNITE,9400,Petrol,Auto,1,7.0,1
Maruti Ritz,86520,Petrol,Manual,2,1.3,15
Maruti Ritz,21970,Petrol,Manual,1,1.87,15
Chevrolet Sail,66350,Petrol,Manual,2,2.15,9
Hyundai VENUE,48460,Petrol,Manual,1,7.2,4
Honda WR-V,59480,Diesel,Manual,1,6.5,6
Ford Figo,53630,Petrol,Manual,1,1.5,15
Maruti Celerio,38740,Petrol,Manual,1,3.9,6
Mahindra Scorpio,64560,Diesel,Manual,1,7.84,9
Maruti Alto 800,100000,Petrol,Manual,1,2.4,9
Maruti Dzire,31300,Petrol,Manual,1,6.8,4
Mahindra Scorpio,88450,Diesel,Manual,3,4.0,11
Renault Duster,100000,Diesel,Manual,2,3.9,11
Hyundai NEW SANTRO,42170,Petrol,Auto,1,5.0,6
Maruti Celerio,75220,Petrol,Auto,3,2.14,11
KIA CARENS,12530,Petrol,Manual,1,12.5,1
Maruti Wagon R 1.0,55940,Petrol,Manual,1,3.29,10
Hyundai i20,120000,Petrol,Manual,1,1.8,14
Maruti Zen Estilo,15210,Petrol,Manual,1,1.0,15
Maruti Alto,7630,Petrol,Manual,1,2.8,4
Ford Figo,120000,Diesel,Manual,1,1.42,14
Maruti Alto K10,14640,Petrol,Manual,1,1.99,11
Hyundai Creta,35810,Petrol,Manual,1,12.3,3
Maruti Swift,31580,Petrol,Manual,1,3.5,9
Maruti Baleno,46080,Petrol,Manual,1,5.3,6
Maruti Wagon R 1.0,110000,Petrol,Manual,2,2.8,9
Renault Duster,51380,Petrol,Manual,3,6.5,7
Honda Amaze,87930,Petrol,Manual,1,5.5,7
Ford Fiesta,140000,Diesel,Manual,2,1.29,13
Mahindra TUV300,69560,Diesel,Manual,1,5.5,8
Maruti S Cross,140000,Diesel,Manual,1,5.8,7
Tata Tiago,40180,Petrol,Auto,1,5.3,4
Tata TIGOR,27150,Petrol,Manual,1,6.0,2
Tata NEXON,62190,Diesel,Auto,1,11.01,3
Honda City,80780,Diesel,Manual,1,6.59,7
Ford Ecosport,100000,Diesel,Manual,1,8.14,7
Maruti Baleno,58470,Diesel,Manual,1,5.0,7
Ford New Figo,90900,Diesel,Manual,2,3.15,9
Hyundai i20 Active,110000,Petrol,Manual,1,5.67,8
Maruti Alto K10,45980,Petrol,Manual,1,2.5,11
CITROEN C3,39740,Petrol,Manual,1,5.1,2
Hyundai Grand i10,49950,Petrol,Manual,3,3.89,6
Mahindra XUV500,89610,Diesel,Manual,2,8.8,6
Mahindra Scorpio,53020,Diesel,Manual,1,12.0,4
BMW 5 Series,57980,Diesel,Auto,1,5.99,17
Maruti XL6,2820,Petrol,Manual,1,11.5,2
Ford Ecosport,100000,Diesel,Manual,2,3.9,8
Tata Harrier,69490,Diesel,Manual,2,8.5,6
Mahindra Bolero,64629,Diesel,Manual,1,7.5,5
Hyundai Elite i20,82630,Petrol,Manual,1,4.75,11
Renault Kwid,23990,Petrol,Manual,1,4.19,6
Hyundai NEW I20,42890,Petrol,Auto,1,8.23,4
Renault Duster,72620,Diesel,Manual,2,5.0,9
Tata NEXON,130000,Petrol,Manual,3,4.5,7
Maruti IGNIS,77540,Petrol,Manual,1,4.9,4
Hyundai Grand i10,11130,Petrol,Auto,1,4.75,6
Maruti Ertiga,3040,Petrol,Manual,1,10.6,4
MG ASTOR,31990,Petrol,Auto,1,11.5,3
Mahindra Kuv100,56810,Diesel,Manual,1,3.2,9
Maruti Ciaz,16750,Petrol,Manual,1,8.5,3
Skoda KUSHAQ,11990,Petrol,Auto,1,13.0,2
Hyundai Verna,29610,Petrol,Manual,1,8.01,8
KIA SELTOS,270000,Diesel,Manual,1,12.22,5
KIA SONET,55010,Petrol,Auto,1,8.95,5
Hyundai Tucson,87140,Diesel,Auto,2,7.6,8
Honda Jazz,94970,Petrol,Manual,2,4.0,7
Tata NEXON,20000,Petrol,Manual,1,9.3,3
Maruti Swift,58000,Petrol,Manual,2,3.0,10
Maruti Wagon R 1.0,66490,Petrol,Manual,2,3.52,14
Mahindra Scorpio,60810,Diesel,Manual,2,12.0,8
Tata NEXON,51980,Petrol,Manual,2,6.5,4
Hyundai NEW SANTRO,79370,Petrol,Auto,2,3.75,6
Maruti Dzire,94600,Petrol,Manual,1,6.19,5
Hyundai New Elantra,150000,Diesel,Manual,1,7.75,7
Hyundai Verna,22480,Petrol,Manual,1,13.97,2
Maruti Swift,82840,Petrol,Auto,1,6.25,7
KIA SYROS,6190,Petrol,Manual,1,14.84,0
Mahindra NUVOSPORT,70710,Diesel,Manual,1,4.4,9
Maruti Baleno,74130,Petrol,Auto,1,6.0,4
Maruti Celerio X,33590,Petrol,Auto,2,4.7,7
Hyundai Verna,18120,Petrol,Manual,1,11.3,2
Maruti Ciaz,21960,Petrol,Manual,2,7.38,3
Maruti Ertiga,48590,Petrol,Manual,1,8.5,6
Hyundai Grand i10,94000,Petrol,Auto,2,3.86,8
KIA SELTOS,32420,Petrol,Manual,1,12.3,3
Mahindra Thar,18620,Diesel,Manual,1,12.79,1
Maruti Vitara Brezza,15570,Petrol,Manual,1,7.7,3
Renault Duster,78810,Petrol,Auto,1,5.1,7
Honda Amaze,77340,Petrol,Manual,1,6.2,4
Tata Safari Storme,130000,Diesel,Manual,4,2.52,13
Maruti Vitara Brezza,63330,Diesel,Manual,1,6.6,9
Hyundai GRAND I10 NIOS,30670,Petrol,Auto,1,6.5,3
Maruti BREZZA,48390,Petrol,Manual,1,10.5,2
Mahindra XUV500,77750,Diesel,Manual,1,9.7,8
Ford Ecosport,77430,Petrol,Manual,1,6.7,6
Mini Cooper,23600,Petrol,Auto,2,15.0,12
Ford Ecosport,35540,Petrol,Manual,2,7.0,6
Hyundai Grand i10,36330,Petrol,Auto,1,4.5,8
Maruti Eeco,38620,Petrol,Manual,1,4.6,6
Maruti Vitara Brezza,83170,Diesel,Manual,1,7.26,6
KIA SELTOS,120000,Petrol,Manual,1,8.0,5
Chevrolet Cruze,110000,Diesel,Manual,1,4.5,9
MG HECTOR,27200,Petrol,Manual,1,13.19,2
Hyundai NEW I20,17960,Petrol,Manual,1,7.2,3
Mahindra Thar,8170,Diesel,Manual,1,13.9,1
Mahindra Thar,49280,Diesel,Manual,2,14.5,2
Tata Tiago,14790,Petrol,Manual,1,4.4,4
Hyundai i10,48960,Petrol,Manual,1,1.5,14
Hyundai Creta,85030,Diesel,Manual,2,5.99,7
Tata Nano,17060,Petrol,Manual,1,1.2,10
Honda Amaze,74060,Petrol,Manual,2,1.9,12
Honda City,84060,Petrol,Manual,1,4.17,11
Toyota Urban Cruiser Taisor,22160,Petrol,Auto,1,10.5,1
Skoda Fabia,160000,Diesel,Manual,2,1.05,13
Maruti SX4,160000,Petrol,Manual,1,1.78,14
Maruti Swift Dzire,89500,Petrol,Manual,1,3.0,12
Hyundai VENUE,68300,Diesel,Manual,1,7.0,6
Hyundai Creta,100000,Diesel,Manual,1,12.5,3
Tata NEXON EV,140000,Electric,Auto,1,6.22,4
Hyundai Verna,89590,Diesel,Manual,1,11.0,4
Honda City,130000,Diesel,Manual,4,2.75,10
Audi A4,110000,Petrol,Auto,5,4.48,14
Maruti Dzire,55030,Petrol,Manual,3,4.33,5
Maruti Swift Dzire,160000,Petrol,Manual,4,1.0,15
Honda WR-V,52080,Petrol,Manual,1,7.49,5
Ford Ecosport,120000,Diesel,Manual,2,3.0,9
Hyundai NEW I20,6240,Petrol,Manual,1,8.0,1
Hyundai Grand i10,13700,Petrol,Manual,1,2.15,11
Maruti Swift,16470,Petrol,Manual,2,5.82,2
Hyundai i10,120000,Petrol,Manual,1,1.93,15
Maruti New Wagon-R,95490,Petrol,Manual,1,5.33,2
Maruti Swift,58570,Petrol,Manual,2,5.0,7
Maruti Wagon R 1.0,57240,Petrol,Manual,2,1.19,14
Maruti Swift Dzire,66570,Diesel,Manual,1,3.99,10
Hyundai Elite i20,44160,Petrol,Manual,2,3.41,9
Maruti Dzire,39080,Petrol,Manual,1,5.68,4
Maruti Swift,47250,Diesel,Manual,1,4.04,9
Mahindra Scorpio,170000,Diesel,Manual,1,1.2,14
Hyundai Creta,90330,Diesel,Manual,2,7.36,7
Maruti New Wagon-R,55460,Petrol,Manual,1,4.72,5
Mahindra Kuv100,110000,Diesel,Manual,1,2.67,8
Hyundai Creta,61550,Diesel,Manual,1,6.74,7
Mahindra Thar,19450,Petrol,Manual,2,13.36,3
Mahindra Bolero,170000,Diesel,Manual,5,2.67,11
Maruti Ertiga,100000,Diesel,Manual,1,7.06,9
Toyota Glanza,11670,Petrol,Manual,1,6.29,1
Renault Kwid,38200,Petrol,Manual,1,3.52,3
Maruti Eeco,54650,Petrol,Manual,1,5.43,5
Hyundai NEW SANTRO,46800,Petrol,Manual,1,4.5,4
Tata ALTROZ,41010,Petrol,Manual,1,6.5,4
Maruti Eeco,150000,Petrol,Manual,2,3.9,7
Maruti Wagon R 1.0,94570,Petrol,Auto,2,4.1,9
Renault Kiger,20570,Petrol,Manual,1,6.5,2
Tata Harrier,80310,Diesel,Manual,1,13.5,5
Maruti New Wagon-R,57230,Petrol,Manual,2,4.95,3
Toyota Glanza,51450,Petrol,Auto,2,5.0,5
Maruti Grand Vitara,26040,Hybrid,Auto,2,10.0,3
Chevrolet Sail,29820,Petrol,Manual,1,2.0,11
KIA SONET,2840,Petrol,Manual,1,10.79,0
Mahindra Thar,20670,Petrol,Manual,1,15.29,4
Tata Tiago,64560,Petrol,Manual,2,3.52,8
Maruti Baleno,41680,Petrol,Auto,1,7.08,3
Maruti S Cross,87590,Diesel,Manual,1,5.67,10
Maruti Wagon R 1.0,95340,Petrol,Manual,1,1.89,13
Hyundai Elite i20,53240,Petrol,Manual,1,4.9,7
Mahindra XUV300,74890,Petrol,Manual,1,9.23,6
Renault Lodgy,180000,Diesel,Manual,4,3.18,10
Mahindra XUV500,110000,Diesel,Manual,4,1.5,14
Maruti Swift Dzire,63030,Petrol,Manual,1,3.9,10
Hyundai Verna,120000,Diesel,Manual,2,2.75,12
Hyundai Santro Xing,76080,Petrol,Manual,3,1.07,13
Honda Amaze,33210,Petrol,Manual,2,3.93,9
Maruti Swift Dzire,43410,Petrol,Manual,2,3.37,12
Maruti Swift,85520,Petrol,Manual,2,5.5,6
Hyundai GRAND I10 NIOS,36350,Petrol,Manual,1,5.2,6
Hyundai NEW I20,49610,Petrol,Manual,1,6.6,4
Toyota Glanza,50550,Petrol,Manual,1,6.4,5
Tata Tiago,53140,Petrol,Manual,1,4.3,7
Hyundai VENUE,23480,Petrol,Manual,1,8.4,2
Tata NEXON,110000,Diesel,Manual,1,5.4,8
Mahindra XUV300,57670,Diesel,Manual,1,10.9,2
Maruti Alto K10,80420,Petrol,Auto,1,3.75,7
Maruti Swift,11510,Petrol,Auto,1,7.75,1
Maruti XL6,45110,Petrol,Manual,1,9.95,3
Maruti Baleno,31600,Petrol,Manual,1,4.85,7
Hyundai Santro Xing,68900,Petrol,Manual,1,1.92,13
Maruti New Wagon-R,50780,Petrol,Manual,1,3.95,6
Toyota Etios Liva,75310,Petrol,Manual,2,1.75,13
Hyundai i10,90770,Petrol,Manual,4,1.19,15
Honda WR-V,69230,Petrol,Manual,1,4.5,8
Maruti Swift Dzire,150000,Diesel,Manual,1,3.08,11
Hyundai NEW SANTRO,50180,Petrol,Manual,1,3.0,6
Mahindra Thar,32479,Petrol,Auto,1,13.19,4
Hyundai Creta,95460,Diesel,Manual,1,4.54,9
Hyundai Xcent,83890,Diesel,Manual,4,2.07,10
Toyota Innova Crysta,150000,Diesel,Auto,2,16.91,9
Mahindra XUV300,60430,Petrol,Manual,1,4.75,6
Maruti Swift,48240,Petrol,Manual,1,5.85,5
Hyundai Eon,150000,Petrol,Manual,3,1.16,11
Hyundai i20 Active,54480,Petrol,Manual,1,3.38,9
Hyundai i10,71120,Petrol,Manual,2,1.73,13
Hyundai Elite i20,110000,Diesel,Manual,3,2.91,10
Maruti Ritz,84390,Diesel,Manual,1,2.56,11
Maruti Vitara Brezza,25410,Petrol,Manual,1,8.68,3
Toyota Etios,12350,Diesel,Manual,2,2.18,13
Volkswagen Vento,79050,Petrol,Manual,2,2.02,12
Nissan Micra Active,91650,Petrol,Manual,4,1.72,9
Maruti Swift,98700,Diesel,Manual,2,2.19,13
Skoda Rapid,83400,Diesel,Manual,1,1.7,13
Renault Kwid,5980,Petrol,Manual,1,3.95,5
Maruti Swift Dzire,95190,Diesel,Manual,1,3.5,11
Hyundai Santro Xing,64959,Petrol,Manual,2,1.23,15
Maruti Swift Dzire,97680,Diesel,Manual,3,2.15,13
Ford Figo Aspire,81150,Diesel,Manual,2,2.23,8
Maruti Wagon R 1.0,100000,Petrol,Manual,1,2.35,12
Honda Brio,78770,Petrol,Manual,2,2.5,13
Tata PUNCH,9370,Petrol,Manual,1,6.25,1
Maruti A Star,69140,Petrol,Manual,3,1.65,13
Hyundai Santro Xing,38720,Petrol,Manual,2,1.5,13
Renault Kwid,70290,Petrol,Manual,2,1.69,9
Renault Kwid,120000,Petrol,Manual,2,1.49,9
Maruti Alto 800,35310,Petrol,Manual,3,1.44,10
Audi A6,79270,Diesel,Auto,2,5.8,11
Hyundai i20,130000,Diesel,Manual,3,2.46,12
Hyundai Verna,58360,Petrol,Manual,1,6.19,7
Toyota Etios,240000,Diesel,Manual,3,2.63,11
Hyundai i20,110000,Diesel,Manual,1,1.2,11
MG HECTOR,34320,Petrol,Auto,1,14.5,5
Renault Kwid,110000,Petrol,Manual,1,2.0,9
Maruti Vitara Brezza,80850,Diesel,Manual,1,4.63,8
Maruti Baleno,61870,Petrol,Manual,1,4.09,7
Volkswagen Vento,110000,Diesel,Manual,4,1.46,12
Maruti Baleno,73690,Petrol,Manual,2,4.3,7
Hyundai Santro Xing,76400,Petrol,Manual,2,1.34,15
Volkswagen Polo,99720,Petrol,Manual,1,5.0,6
Maruti Swift Dzire,62900,Petrol,Manual,1,3.0,10
ISUZU D-Max V Cross,80080,Diesel,Manual,2,8.95,7
Tata Tiago,51430,Petrol,Manual,2,2.67,9
Maruti Wagon R 1.0,65840,Petrol,Manual,1,1.49,13
Maruti Swift,160000,Diesel,Manual,2,2.1,13
Tata Tiago,73490,Petrol,Manual,1,3.89,4
Hyundai i20,140000,Petrol,Manual,2,1.99,14
Maruti Wagon R 1.0,84440,Petrol,Manual,3,1.4,12
Mahindra KUV 100 NXT,29350,Diesel,Manual,1,1.93,8
Hyundai Santro Xing,55000,Petrol,Manual,2,1.15,14
Hyundai Creta,66200,Petrol,Manual,3,7.5,5
Hyundai i10,68870,Petrol,Manual,1,1.61,15
Maruti Wagon R 1.0,88530,Petrol,Manual,2,1.64,12
Mahindra XUV500,130000,Diesel,Manual,2,6.0,6
Skoda Rapid,130000,Diesel,Manual,2,1.2,12
Volkswagen Ameo,79320,Petrol,Manual,1,3.8,9
Maruti Zen Estilo,62000,Petrol,Manual,3,1.33,15
Renault Kwid,65379,Petrol,Manual,2,2.0,8
Audi Q5,61500,Diesel,Auto,2,9.0,14
Hyundai Eon,84580,Petrol,Manual,1,1.92,13
Skoda Rapid,74300,Diesel,Manual,3,1.7,13
Tata Zest,81100,Diesel,Manual,3,2.2,8
Maruti Swift,77930,Diesel,Manual,2,3.46,11
Maruti Wagon R 1.0,90000,Petrol,Manual,1,2.5,12
Ford Ecosport,48560,Diesel,Manual,1,5.78,7
Maruti Swift Dzire,170000,Diesel,Manual,1,3.06,10
Maruti Zen Estilo,87610,Petrol,Manual,1,1.5,15
Hyundai i20,57580,Petrol,Manual,2,2.5,12
Hyundai Elite i20,59150,Petrol,Manual,2,4.5,9
Maruti Swift Dzire,140000,Diesel,Manual,2,2.8,11
Hyundai Eon,86580,Petrol,Manual,1,1.93,10
Hyundai i10,93530,Petrol,Manual,2,1.33,12
Maruti Vitara Brezza,140000,Diesel,Manual,1,6.24,9
Hyundai i10,82110,Petrol,Manual,2,1.99,14
Maruti Alto 800,49210,Petrol,Manual,2,2.13,10
Honda Amaze,100000,Petrol,Manual,2,2.7,11
Honda Amaze,60940,Petrol,Manual,1,5.21,6
Hyundai Elite i20,53320,Petrol,Manual,1,3.7,10
Honda Amaze,23670,Diesel,Manual,1,3.5,9
Hyundai Grand i10,35450,Petrol,Manual,1,3.6,8
Maruti Swift,80160,Diesel,Manual,3,2.06,13
Hyundai Santro Xing,120000,Petrol,Manual,2,1.29,14
Hyundai i10,110000,Petrol,Manual,2,1.3,16
Hyundai i10,60400,Petrol,Auto,2,2.21,13
Maruti Wagon R 1.0,98280,Petrol,Manual,2,2.75,11
Mahindra Bolero,22930,Diesel,Manual,1,10.0,3
Honda City,130000,Petrol,Manual,3,2.45,12
Hyundai VENUE,23470,Petrol,Manual,1,8.25,2
Maruti Ritz,130000,Diesel,Manual,2,1.57,14
Honda Amaze,19230,Petrol,Manual,1,3.99,11
Volkswagen Vento,120000,Diesel,Manual,2,1.8,14
Hyundai i20,43510,Diesel,Manual,2,2.95,12
Volkswagen Vento,94470,Petrol,Manual,1,1.8,14
Maruti Alto,48130,Petrol,Manual,2,2.58,5
Maruti Swift Dzire,68320,Petrol,Manual,1,3.5,11
Mahindra Thar,22950,Diesel,Manual,1,15.0,3
Maruti Swift,82500,Diesel,Manual,1,2.85,13
Mahindra XUV500,79980,Diesel,Manual,3,9.62,7
Hyundai i20,74880,Petrol,Manual,1,2.34,14
Maruti S PRESSO,28660,Petrol,Manual,1,3.45,6
Toyota Etios,98310,Diesel,Manual,1,2.79,11
Maruti Wagon R 1.0,86830,Petrol,Manual,2,1.8,15
Honda Brio,33010,Petrol,Auto,1,3.5,9
BMW 5 Series,110000,Diesel,Auto,2,7.58,11
Mahindra Thar,14350,Petrol,Manual,1,10.75,4
Chevrolet Beat,76500,Petrol,Manual,3,1.32,14
Honda Amaze,63400,Petrol,Manual,1,3.73,9
KIA SELTOS,50830,Petrol,Manual,1,8.0,6
Hyundai i20,140000,Petrol,Manual,3,1.65,15
Toyota Corolla Altis,150000,Petrol,Manual,4,1.3,15
Ford Ecosport,79630,Diesel,Manual,2,3.18,9
Hyundai i10,50180,Petrol,Manual,1,2.5,13
Hyundai i10,52240,Petrol,Manual,1,1.0,15
Nissan Micra,130000,Diesel,Manual,2,1.3,13
Hyundai NEW I20,49610,Petrol,Manual,1,6.6,4
Mahindra Scorpio,35330,Diesel,Manual,2,11.5,4
Hyundai Xcent,74920,Petrol,Manual,4,2.9,10
Honda Amaze,69580,Petrol,Manual,1,3.0,10
Nissan Micra,94740,Diesel,Manual,2,1.1,14
Honda Brio,41910,Petrol,Manual,3,1.78,13
Maruti Alto 800,130000,Petrol,Manual,3,2.4,9
Honda Brio,73170,Petrol,Manual,3,1.74,13
Maruti Alto K10,27870,Petrol,Manual,1,1.85,13
Hyundai Grand i10,81420,Petrol,Manual,2,2.0,11
Hyundai Eon,49190,Petrol,Manual,3,1.3,14
Maruti Ritz,150000,Diesel,Manual,2,1.93,11
Maruti Ciaz,890000,Petrol,Manual,2,4.2,8
Tata NEXON,26030,Petrol,Manual,1,8.0,1
Renault Duster,95290,Diesel,Manual,3,2.24,13
Volkswagen Polo,92540,Petrol,Manual,1,2.6,12
Mahindra Scorpio,31350,Diesel,Manual,1,11.0,7
Hyundai Santro Xing,110000,Petrol,Manual,1,1.4,14
Honda City,110000,Petrol,Manual,1,3.5,13
Honda Civic,92680,Petrol,Manual,2,2.8,15
Mahindra TUV300,25120,Diesel,Auto,1,4.5,7
Nissan Terrano,90300,Diesel,Manual,2,2.0,11
Maruti Swift,87090,Diesel,Manual,3,2.7,9
KIA SONET,22680,Petrol,Manual,1,7.21,4
Jeep Compass,94340,Diesel,Manual,1,8.91,7
Ford Fiesta,79900,Diesel,Manual,1,1.5,15
Maruti Alto K10,53570,Petrol,Manual,3,1.3,14
Hyundai i10,110000,Petrol,Manual,3,2.47,10
Maruti Vitara Brezza,110000,Diesel,Manual,1,6.03,9
Mahindra XUV500,95390,Diesel,Manual,1,10.25,7
Mahindra Scorpio,180000,Diesel,Manual,3,1.8,14
Honda Amaze,36980,Petrol,Manual,1,3.2,11
Tata Tiago,42500,Petrol,Manual,2,4.5,3
Mahindra Bolero,82670,Diesel,Manual,4,2.62,11
Hyundai Eon,120000,Petrol,Manual,2,1.28,13
Maruti Wagon R 1.0,98080,Petrol,Manual,4,1.11,13
Renault Scala,100000,Diesel,Manual,2,1.74,12
Fiat Linea,40870,Petrol,Manual,1,1.8,15
Maruti Swift,78240,Petrol,Manual,3,2.15,13
Volkswagen Vento,94940,Diesel,Manual,2,2.31,14
Renault Kwid,36700,Petrol,Manual,1,2.58,8
BMW 3 Series,80970,Diesel,Auto,2,3.96,15
Skoda Rapid,110000,Diesel,Manual,1,5.54,7
Hyundai Santro Xing,94330,Petrol,Manual,2,1.31,12
Maruti Swift,180000,Petrol,Manual,1,3.5,10
Hyundai Elite i20,100000,Diesel,Manual,2,3.5,10
Chevrolet Beat,140000,Diesel,Manual,1,1.05,13
BMW 5 Series,120000,Diesel,Auto,3,14.5,9
Hyundai i10,68310,Petrol,Manual,2,1.38,14
Honda City,95370,Petrol,Manual,1,4.9,9
Tata Zest,78270,Petrol,Manual,1,2.73,11
Mahindra Scorpio,95130,Diesel,Manual,2,10.0,4
Toyota Glanza,85200,Petrol,Manual,2,4.8,5
Mahindra XUV500,110000,Diesel,Manual,3,5.5,10
Renault Kwid,84080,Petrol,Manual,3,2.24,7
Hyundai i20,92400,Petrol,Manual,1,2.61,14
Hyundai Creta,200000,Diesel,Auto,1,6.5,10
Maruti Swift,11500,Petrol,Auto,1,7.8,1
Volkswagen Polo,4600,Petrol,Manual,1,7.36,4
Ford Figo,42850,Petrol,Manual,1,1.37,15
Maruti Wagon R 1.0,32930,Petrol,Manual,1,1.65,15
Hyundai Grand i10,82760,Petrol,Manual,1,3.4,9
Maruti Ertiga,97500,Diesel,Manual,1,4.0,13
Ford Figo,110000,Diesel,Manual,1,1.51,14
Ford Ikon,110000,Diesel,Manual,1,1.2,15
Tata Safari,160000,Diesel,Manual,2,1.3,15
Maruti Alto K10,27800,Petrol,Manual,1,4.0,2
Maruti Alto K10,36670,Petrol,Manual,1,4.75,2
Hyundai Creta,150000,Diesel,Auto,2,6.5,10
Maruti Swift Dzire,60090,Petrol,Manual,1,3.39,12
Maruti SX4,78690,Petrol,Manual,1,1.8,15
Maruti Wagon R 1.0,42250,Petrol,Manual,2,2.6,10
Hyundai Grand i10,74690,Petrol,Manual,2,3.41,9
Renault Duster,100000,Diesel,Manual,3,2.53,12
KIA SELTOS,65330,Petrol,Auto,1,12.0,4
Tata PUNCH,19390,Petrol,Auto,1,7.74,4
Nissan Terrano,100000,Diesel,Manual,3,1.75,11
Ssangyong Rexton,170000,Diesel,Auto,2,3.0,12
Skoda SLAVIA,54270,Petrol,Manual,1,12.5,1
Maruti Ciaz,55960,Petrol,Manual,1,4.2,9
Hyundai i20 Active,68120,Petrol,Manual,3,3.8,10
Mahindra SCORPIO-N,18060,Diesel,Manual,1,16.67,1
Honda Mobilio,78050,Diesel,Manual,2,1.8,11
Maruti Celerio,34920,Petrol,Auto,1,2.43,10
Maruti Swift Dzire,140000,Petrol,Manual,1,3.26,11
Maruti Swift Dzire,120000,Diesel,Manual,1,4.0,10
Maruti Ritz,15080,Petrol,Manual,2,1.5,12
Honda City,95670,Diesel,Manual,3,3.35,10
Honda Amaze,81000,Diesel,Manual,1,5.25,7
Maruti Alto K10,23690,Petrol,Manual,1,4.57,2
Hyundai i10,76070,Petrol,Manual,3,1.3,14
Maruti Alto K10,35280,Petrol,Manual,2,1.9,12
Tata Safari Storme,89190,Diesel,Manual,2,3.95,10
Honda City,85670,Diesel,Manual,3,3.8,11
Tata NEXON,34210,Diesel,Auto,3,9.99,5
Tata Tiago,46060,Petrol,Manual,1,3.65,8
Maruti Swift,54420,Petrol,Manual,1,3.64,9
Honda City,120000,Petrol,Manual,6,1.31,14
Tata NEXON,15390,Petrol,Manual,1,9.5,3
Hyundai Verna,54120,Petrol,Manual,1,3.25,13
Ford Ecosport,190000,Diesel,Manual,1,3.2,10
Hyundai Verna,100000,Diesel,Manual,3,2.87,13
Maruti Ciaz,43540,Petrol,Manual,1,4.5,10
Honda City,58940,Petrol,Manual,2,4.98,7
Toyota Glanza,50510,Petrol,Manual,1,6.2,5
Tata TIGOR,59610,Petrol,Manual,1,4.5,6
Hyundai Verna,110000,Diesel,Manual,2,2.5,13
Honda Amaze,200000,Diesel,Manual,1,5.43,7
Honda City,50990,Petrol,Manual,1,2.84,14
Hyundai Creta,84350,Diesel,Auto,1,7.1,7
Tata ALTROZ,20040,Petrol,Manual,1,6.97,5
Hyundai Elite i20,46420,Petrol,Manual,2,5.29,7
Nissan MAGNITE,43000,Petrol,Manual,1,7.0,3
Tata ALTROZ,8960,Petrol,Manual,3,4.79,5
Honda Brio,76700,Petrol,Manual,2,2.48,12
Honda BR-V,56500,Diesel,Manual,1,5.5,9
Tata NEXON,48320,Petrol,Auto,2,6.25,7
Maruti IGNIS,36280,Petrol,Manual,1,5.0,7
Maruti Ertiga,97380,Diesel,Manual,4,2.8,11
Honda City,110000,Petrol,Manual,1,2.6,15
Hyundai Grand i10,64000,Petrol,Manual,2,3.6,8
Hyundai Grand i10,49580,Petrol,Manual,2,3.29,10
Tata TIGOR,69990,Petrol,Manual,1,5.6,4
Hyundai i20,93220,Petrol,Manual,4,1.71,13
Mahindra Thar,21550,Petrol,Auto,1,12.5,3
Maruti Dzire,65040,Diesel,Manual,1,5.49,7
Hyundai Creta,87770,Diesel,Manual,1,6.5,7
Tata TIGOR,63580,Petrol,Manual,1,5.25,6
MG ASTOR,12170,Petrol,Manual,1,13.5,3
Maruti Alto,76740,Petrol,Manual,4,1.15,14
Ford Ecosport,59130,Diesel,Manual,1,8.69,7
Maruti Baleno,90030,Petrol,Manual,1,6.35,7
Honda Jazz,80840,Petrol,Manual,2,3.6,10
Maruti Baleno,130000,Diesel,Manual,1,4.35,8
Mahindra Xylo,42370,Diesel,Manual,3,5.14,9
Hyundai Elite i20,99980,Petrol,Manual,1,4.33,9
Maruti Baleno,39850,Petrol,Manual,1,6.5,2
Maruti S PRESSO,74480,Petrol,Auto,1,4.15,6
Maruti Alto K10,80500,Petrol,Auto,1,3.65,7
Maruti Ertiga,52150,Petrol,Manual,1,12.53,3
Tata Manza,20170,Diesel,Manual,1,3.0,11
Maruti Ciaz,71260,Petrol,Manual,3,4.86,8
Renault TRIBER,65970,Petrol,Manual,1,6.54,2
Tata Tiago,41970,Petrol,Manual,1,5.25,5
Maruti Ciaz,89690,Petrol,Manual,1,6.2,7
Mahindra Bolero,170000,Diesel,Manual,3,2.64,13
Hyundai NEW I20,87110,Diesel,Manual,1,6.21,5
Hyundai New Elantra,68830,Petrol,Auto,1,10.61,6
Hyundai Creta,86830,Diesel,Manual,2,7.12,10
Landrover Range Rover Evoque,95790,Diesel,Auto,3,11.0,13
Renault Kiger,91740,Petrol,Manual,1,5.5,4
Hyundai Grand i10,5820,Petrol,Auto,1,3.92,9
Tata Safari,110000,Diesel,Manual,1,17.0,3
Maruti FRONX,6940,Petrol,Manual,1,8.5,2
Hyundai AURA,100000,Petrol,Manual,1,6.5,4
Volkswagen TAIGUN,69420,Petrol,Auto,1,11.5,3
Honda City,69640,Petrol,Manual,1,5.5,10
Hyundai Xcent,62680,Petrol,Manual,2,3.25,8
Maruti Baleno,55870,Petrol,Manual,1,5.25,8
Maruti Ertiga,87300,Diesel,Manual,3,4.15,12
Mahindra XUV300,45590,Petrol,Auto,2,7.43,3
Mahindra XUV500,71290,Diesel,Manual,3,2.67,13
Honda City,28210,Petrol,Manual,1,3.0,15
Honda City,65530,Diesel,Manual,2,5.26,9
Nissan Micra,100000,Petrol,Manual,1,1.97,12
Hyundai Creta,110000,Diesel,Manual,2,5.5,10
Mahindra Bolero,100000,Diesel,Manual,3,2.69,12
Honda Amaze,91660,Petrol,Manual,1,5.85,6
Maruti New Wagon-R,54790,Petrol,Manual,1,5.2,3
Ford Ecosport,120000,Diesel,Manual,1,3.57,11
Mahindra XUV500,86150,Diesel,Manual,1,5.2,10
Honda City,62420,Petrol,Manual,2,6.3,7
Tata Safari Storme,64640,Diesel,Manual,3,3.71,12
Maruti Vitara Brezza,39660,Diesel,Auto,1,7.27,7
Audi A4,69530,Diesel,Auto,1,9.0,10
Skoda Rapid,110000,Diesel,Manual,1,2.4,11
Hyundai Elite i20,73280,Petrol,Manual,2,4.49,9
Ford Ecosport,130000,Diesel,Manual,1,5.5,7
Jeep Compass,92590,Diesel,Manual,1,9.5,8
Ford Ecosport,120000,Diesel,Manual,2,2.78,12
Hyundai Creta,49200,Petrol,Manual,1,6.5,8
Maruti Swift Dzire,61060,Petrol,Manual,1,3.8,12
Mahindra XUV500,91180,Diesel,Manual,3,2.65,12
Mahindra Scorpio,140000,Diesel,Manual,2,3.5,11
Honda WR-V,59600,Petrol,Manual,1,6.68,6
Renault Duster,130000,Diesel,Auto,1,5.5,7
Maruti XL6,93550,Petrol,Auto,1,11.1,3
Tata TIAGO NRG,21050,Petrol,Manual,1,6.35,2
Tata Harrier,65760,Diesel,Manual,1,9.0,6
Maruti Alto K10,50680,Petrol,Manual,1,3.12,9
Hyundai Elite i20,120000,Petrol,Manual,1,4.58,9
Maruti Baleno,31050,Petrol,Auto,1,9.35,2
Mahindra Scorpio,150000,Diesel,Manual,1,4.29,12
Honda Civic,9850,Petrol,Auto,3,15.0,5
Audi Q3,130000,Diesel,Auto,2,4.96,13
Tata NEXON,13410,Diesel,Manual,1,13.12,1
Mahindra XUV500,150000,Diesel,Manual,1,10.0,6
Maruti Swift,48860,Petrol,Auto,2,5.14,6
Hyundai Verna,74560,Petrol,Manual,1,10.9,3
Renault Kwid,34920,Petrol,Manual,1,4.4,4
Honda City,78210,Petrol,Auto,1,7.3,6
Maruti New Wagon-R,18600,Petrol,Manual,1,5.69,2
Tata NEXON,36160,Diesel,Manual,2,8.1,5
Hyundai Grand i10,60210,Petrol,Manual,2,3.22,10
Mahindra Scorpio,130000,Diesel,Auto,1,4.0,12
Honda City,59460,Petrol,Manual,1,9.5,4
Maruti Ciaz,63100,Petrol,Manual,2,6.8,8
Mahindra XUV500,130000,Diesel,Manual,1,11.0,6
Honda City,27100,Petrol,Manual,1,9.5,4
Toyota Fortuner,220000,Diesel,Manual,1,9.0,11
Honda City,60200,Petrol,Auto,1,8.0,6
Maruti Vitara Brezza,82220,Diesel,Manual,1,4.85,8
Mahindra XUV700,50450,Petrol,Manual,1,18.56,3
Mahindra Scorpio,229999,Diesel,Manual,1,3.26,12
Honda Jazz,39740,Petrol,Manual,1,4.15,9
Hyundai Eon,5710,Petrol,Manual,1,3.21,7
Maruti Baleno,7050,Petrol,Auto,1,9.99,2
Toyota Glanza,86350,Petrol,Auto,1,7.19,4
Mahindra XUV500,82960,Diesel,Manual,1,13.0,5
Honda City,190000,Diesel,Manual,1,6.5,8
Toyota Fortuner,250000,Diesel,Manual,1,11.61,11
Maruti Grand Vitara,15750,Petrol,Manual,1,14.5,3
Mahindra TUV300,69920,Diesel,Manual,1,4.6,9
Ford Ecosport,39040,Petrol,Auto,2,6.77,7
Hyundai Grand i10,47740,Petrol,Manual,2,4.0,9
Hyundai Verna,100000,Diesel,Manual,2,3.2,13
Skoda Kodiaq,150000,Diesel,Auto,1,14.0,8
Maruti Vitara Brezza,59370,Diesel,Manual,1,6.5,7
Fiat Avventura,60840,Diesel,Manual,2,3.25,8
Hyundai i20 Active,83100,Diesel,Manual,2,4.1,9
Tata Hexa,160000,Diesel,Manual,1,7.0,8
Honda Amaze,110000,Diesel,Manual,3,5.15,7
Mahindra Scorpio,65330,Diesel,Manual,2,11.0,6
Honda Jazz,74620,Petrol,Auto,2,4.52,8
Renault Duster,91070,Diesel,Manual,1,6.37,7
Hyundai Grand i10,170000,Petrol,Manual,1,3.15,10
Nissan Kicks,8330,Petrol,Manual,1,9.0,3
Mahindra XUV500,68840,Diesel,Manual,1,3.0,13
Mahindra XUV500,160000,Diesel,Manual,1,3.1,13
Ford Endeavour,240000,Diesel,Auto,1,16.0,8
Mahindra Thar,37140,Diesel,Manual,1,13.5,2
Volkswagen Polo,84100,Petrol,Manual,2,2.94,12
Ford Ecosport,85530,Diesel,Manual,1,5.0,7
Ford Ecosport,140000,Diesel,Manual,1,7.0,8
Hyundai New Elantra,110000,Diesel,Manual,1,3.59,11
Mahindra Thar,90140,Diesel,Auto,1,10.5,4
Toyota Fortuner,170000,Diesel,Manual,1,9.14,13
Hyundai Verna,45310,Diesel,Manual,1,8.63,6
Mahindra Scorpio,45570,Diesel,Manual,1,12.0,4
Mahindra XUV500,110000,Diesel,Manual,1,3.75,12
Mahindra TUV300,91400,Diesel,Manual,1,6.0,5
Ssangyong Rexton,81940,Diesel,Auto,2,5.24,10
Ford Figo Aspire,110000,Diesel,Manual,1,2.95,9
Hyundai GRAND I10 NIOS,36350,Petrol,Manual,1,5.2,6
Renault Duster,120000,Diesel,Manual,2,2.95,11
Renault Duster,160000,Diesel,Manual,1,3.21,12
Honda Amaze,59260,Petrol,Manual,1,5.4,4
KIA SELTOS,66660,Diesel,Auto,1,13.0,3
Renault Duster,150000,Diesel,Manual,1,3.7,11
Mahindra Thar,25460,Petrol,Manual,2,10.44,4
KIA SONET,160000,Diesel,Manual,1,8.0,4
Hyundai Creta,66100,Diesel,Manual,1,6.0,10
Mahindra XUV500,65010,Diesel,Manual,2,11.01,13
Maruti Dzire,65250,Petrol,Manual,1,4.9,8
Maruti Ciaz,97830,Petrol,Manual,1,4.39,8
Maruti Ertiga,130000,Diesel,Manual,1,4.5,12
Jaguar XF,77110,Diesel,Auto,2,12.33,10
Hyundai Creta,8720,Diesel,Manual,2,12.79,4
Hyundai Creta,67390,Petrol,Manual,1,12.95,2
Hyundai Verna,68500,Diesel,Manual,1,10.8,6
Ford Endeavour,150000,Diesel,Auto,2,4.07,15
Maruti Dzire,190000,Diesel,Manual,1,5.5,8
KIA SONET,38180,Diesel,Auto,1,12.0,2
Renault Kiger,27900,Petrol,Manual,1,7.0,3
Hyundai VENUE N LINE,34160,Petrol,Manual,1,10.79,2
Maruti Ciaz,110000,Diesel,Manual,2,3.7,9
Maruti Wagon R 1.0,75210,Petrol,Manual,1,3.23,7
Hyundai Creta,86120,Diesel,Manual,1,9.47,8
KIA SELTOS,29500,Petrol,Manual,1,13.5,5
Hyundai VENUE,79870,Diesel,Manual,3,6.7,6
Ford Ecosport,98260,Diesel,Manual,2,3.7,10
Tata Safari,91250,Diesel,Manual,1,14.5,3
Ford Endeavour,120000,Diesel,Auto,2,14.5,9
Hyundai AURA,30800,Petrol,Manual,1,8.0,2
Volkswagen Polo,28000,Diesel,Manual,1,4.27,12
Tata Safari Storme,150000,Diesel,Manual,2,4.7,9
Ford Figo Aspire,140000,Diesel,Manual,1,3.96,10
Renault Duster,70450,Petrol,Manual,3,2.95,11
Hyundai Grand i10,27480,Petrol,Manual,2,4.26,6
Skoda KUSHAQ,68920,Petrol,Manual,1,11.12,4
Maruti Ciaz,39800,Petrol,Auto,1,11.25,3
Maruti S Cross,100000,Diesel,Manual,2,3.2,9
Maruti Celerio,23520,Petrol,Manual,1,4.28,5
Honda City,55590,Petrol,Auto,2,7.8,7
Hyundai VENUE,38680,Diesel,Manual,1,10.5,2
Honda WR-V,19000,Petrol,Manual,1,9.0,3
Mahindra XUV500,49710,Diesel,Manual,1,8.18,9
Tata NEXON,48870,Diesel,Manual,1,5.6,8
Renault Duster,89830,Diesel,Manual,1,3.28,12
Skoda Superb,91730,Diesel,Auto,3,5.56,12
Mahindra Scorpio,120000,Diesel,Manual,1,10.5,8
Maruti Swift,44520,Petrol,Manual,2,3.37,10
Maruti Dzire,31310,Petrol,Manual,1,5.5,8
Honda City,50090,Petrol,Manual,1,6.26,9
Maruti Ertiga,41630,Petrol,Manual,1,10.46,4
KIA SELTOS,90310,Petrol,Auto,2,10.71,6
Maruti Baleno,28000,Petrol,Auto,1,9.16,2
Hyundai Creta,85840,Diesel,Auto,2,6.9,8
Maruti Ertiga,140000,Diesel,Manual,1,5.0,9
KIA SELTOS,42400,Diesel,Auto,1,12.98,3
Mahindra Scorpio,170000,Diesel,Manual,2,3.2,13
Jeep Compass,32049,Petrol,Auto,1,16.37,6
Hyundai Santa Fe,160000,Diesel,Auto,4,3.18,14
Volkswagen VIRTUS,31100,Petrol,Auto,1,15.81,2
Volkswagen TIGUAN,22150,Diesel,Auto,1,16.95,8
Audi A6,86510,Diesel,Auto,3,8.0,13
Jeep Compass,130000,Diesel,Manual,2,10.0,7
Toyota Fortuner,140000,Diesel,Manual,3,8.0,14
Tata Safari Storme,150000,Diesel,Manual,1,3.79,12
Audi Q3,170000,Diesel,Auto,1,10.0,10
Maruti Vitara Brezza,96750,Diesel,Manual,2,5.0,9
Maruti XL6,45060,Petrol,Manual,1,9.95,3
Ford Ecosport,64530,Diesel,Manual,1,7.9,7
Maruti S Cross,88800,Diesel,Manual,1,4.66,9
Audi Q3,110000,Diesel,Auto,1,9.4,11
Tata TIGOR EV,82500,Electric,Auto,1,9.58,4
Skoda Kodiaq,150000,Diesel,Auto,1,14.0,8
Mahindra XUV500,91810,Diesel,Manual,1,3.5,12
Ford Ecosport,95740,Diesel,Manual,2,4.65,7
Toyota Fortuner,110000,Diesel,Manual,1,7.75,13
Mahindra Scorpio,130000,Diesel,Manual,1,12.5,6
Mahindra XUV300,72870,Petrol,Manual,1,8.0,5
Mahindra Bolero,67140,Diesel,Manual,2,6.45,5
Hyundai Creta,87330,Diesel,Manual,1,6.5,10
Maruti New Wagon-R,34580,Petrol,Manual,1,4.57,5
Toyota Fortuner,150000,Diesel,Manual,2,5.71,15
Toyota Innova,130000,Diesel,Manual,2,6.17,9
KIA SELTOS,80890,Diesel,Manual,1,9.25,6
Skoda Superb,210000,Petrol,Auto,1,12.5,9
Maruti Vitara Brezza,89340,Diesel,Manual,2,4.21,9
BMW 5 Series,71740,Diesel,Auto,3,6.0,14
Renault Duster,190000,Diesel,Manual,1,4.35,11
Hyundai Verna,120000,Petrol,Manual,2,4.47,11
BMW 3 Series,110000,Diesel,Auto,1,13.0,9
MG HECTOR,38010,Petrol,Auto,3,16.29,3
Hyundai i20 Active,87380,Petrol,Manual,2,5.42,6
Mahindra XUV300,57670,Diesel,Manual,1,10.9,2
Mercedes Benz E Class,38880,Diesel,Auto,3,10.0,13
Mahindra MARAZZO,130000,Diesel,Manual,1,8.5,7
MG HECTOR,86540,Diesel,Manual,2,10.5,6
Datsun Go Plus,33160,Petrol,Manual,1,4.52,5
Toyota Fortuner,140000,Diesel,Auto,3,11.64,10
Tata Safari,20610,Diesel,Manual,1,15.48,4
Honda Jazz,68290,Petrol,Auto,1,5.35,7
MG HECTOR,30130,Diesel,Manual,1,14.5,6
Maruti Swift Dzire,52890,Petrol,Manual,2,5.5,4
Mahindra Bolero,18890,Diesel,Manual,1,10.3,1
Mahindra SCORPIO-N,17210,Petrol,Manual,2,16.5,3
MG HECTOR,91500,Diesel,Manual,1,14.5,5
Toyota Innova,120000,Diesel,Manual,1,7.0,10
Tata Harrier,130000,Diesel,Manual,1,12.02,6
Mahindra Thar,13740,Diesel,Auto,1,14.9,3
Mitsubishi Pajero Sport,260000,Diesel,Manual,1,9.0,11
MG HECTOR,24970,Diesel,Manual,1,16.51,3
Audi Q7,120000,Diesel,Auto,3,11.01,11
MG HECTOR,54560,Petrol,Auto,1,18.5,2
Mitsubishi Pajero Sport,130000,Diesel,Manual,1,11.0,10
Tata NEXON EV,76070,Electric,Auto,1,10.0,4
Jeep Compass,90520,Diesel,Manual,2,14.03,5
Mahindra ALTURAS G4,180000,Diesel,Auto,2,18.35,7
Ford Endeavour,190000,Diesel,Auto,3,18.5,7
Hyundai Creta,33090,Petrol,Manual,1,12.25,4
Volkswagen TAIGUN,12300,Petrol,Manual,1,12.9,3
Maruti Alto 800,43890,Petrol,Manual,1,2.95,8
Skoda KUSHAQ,13400,Petrol,Auto,1,14.8,2
Hyundai Creta,68790,Petrol,Manual,1,11.9,5
Mahindra Thar,33150,Petrol,Manual,1,13.4,2
MG ASTOR,20490,Petrol,Manual,1,10.4,3
KIA SELTOS,10930,Petrol,Auto,1,17.9,2
Hyundai VENUE N LINE,7570,Petrol,Auto,1,12.8,1
Mahindra Thar,39590,Petrol,Manual,1,13.5,4
Mahindra BOLERO NEO,25780,Diesel,Manual,1,9.25,3
Toyota Innova Crysta,110000,Diesel,Manual,1,17.7,4
Tata NEXON,11410,Petrol,Manual,1,7.82,1
Maruti Swift Dzire,120000,Petrol,Manual,5,2.5,11
Skoda Rapid,180000,Diesel,Auto,2,4.81,9
Maruti Alto,29440,Petrol,Manual,1,3.0,5
Maruti Ertiga,58720,Diesel,Manual,1,4.81,11
Tata Hexa,89660,Diesel,Manual,1,6.5,8
Mahindra Scorpio,140000,Diesel,Manual,1,4.07,14
Maruti Baleno,200000,Diesel,Manual,1,4.56,9
Hyundai Elite i20,72990,Petrol,Manual,3,2.83,10
Maruti Vitara Brezza,85560,Diesel,Manual,1,5.49,9
Hyundai Elite i20,49130,Petrol,Manual,2,3.98,8
Maruti Swift,64000,Petrol,Manual,1,3.99,8
Maruti Celerio,91330,Petrol,Manual,1,3.61,8
Maruti Alto,91540,Petrol,Manual,4,1.0,15
Mahindra Scorpio,27260,Diesel,Manual,1,18.42,4
Tata PUNCH,52400,Petrol,Manual,1,8.28,4
Maruti Swift,59220,Petrol,Manual,1,5.0,5
Hyundai EXTER,11790,Petrol,Manual,1,7.0,2
Nissan Terrano,67970,Diesel,Manual,2,4.21,11
Hyundai VENUE,43580,Petrol,Manual,1,8.0,3
Maruti BREZZA,23050,Petrol,Manual,1,10.0,2
Renault Duster,210000,Diesel,Manual,1,3.58,10
Maruti Wagon R 1.0,21450,Petrol,Manual,1,2.67,13
Maruti Dzire,28390,Petrol,Manual,1,6.55,2
Mahindra Scorpio,150000,Diesel,Manual,1,8.0,10
Maruti Eeco,11870,Petrol,Manual,1,6.5,1
MG HECTOR PLUS,71790,Diesel,Manual,2,15.96,3
MG HECTOR,46540,Diesel,Manual,2,11.5,5
Hyundai i10,93160,Petrol,Manual,4,1.7,14
Maruti Alto 800,59530,Petrol,Manual,1,2.4,8
Hyundai i10,110000,Petrol,Manual,4,2.25,12
Maruti Wagon R 1.0,62490,Petrol,Manual,3,1.9,14
Hyundai i20,150000,Petrol,Manual,3,1.5,15
Hyundai i20,63250,Petrol,Manual,2,3.46,12
Ford Fiesta,130000,Diesel,Manual,2,1.39,14
Hyundai Elite i20,69770,Petrol,Manual,1,5.0,9
Maruti Ertiga,110000,Diesel,Manual,2,8.65,9
Volkswagen Vento,220000,Diesel,Manual,1,5.03,11
Hyundai Elite i20,44140,Petrol,Manual,2,4.5,9
Maruti Swift Dzire,150000,Diesel,Manual,2,4.0,13
Hyundai Grand i10,51300,Petrol,Auto,4,4.11,9
Maruti Swift Dzire,60120,Petrol,Manual,1,6.12,9
Hyundai Grand i10,64400,Diesel,Manual,2,5.27,7
Mahindra Bolero,409999,Diesel,Manual,1,3.8,13
Hyundai Creta,79080,Diesel,Auto,1,15.5,4
Jeep Compass,88400,Diesel,Manual,2,8.5,8
Tata ALTROZ,20360,Petrol,Manual,1,6.18,5
Mahindra MARAZZO,79530,Diesel,Manual,1,5.5,7
Toyota Etios,78210,Petrol,Manual,1,2.0,14
Hyundai i10,85210,Petrol,Manual,2,1.69,12
Tata Harrier,48230,Diesel,Manual,1,12.0,3
Tata Zest,83420,Petrol,Manual,2,2.67,9
Hyundai Creta,56370,Petrol,Manual,1,8.0,4
Chevrolet Sail,92190,Petrol,Manual,2,1.58,10
Maruti Ciaz,90000,Petrol,Manual,2,5.83,6
Honda CRV,6530,Petrol,Auto,3,1.55,15
Ford Ecosport,91790,Diesel,Manual,1,3.88,9
Mahindra Thar,20070,Petrol,Manual,2,13.25,3
Tata NEXON,29990,Petrol,Manual,1,9.5,3
Maruti Swift Dzire,170000,Petrol,Manual,4,2.66,9
Maruti Alto 800,61130,Petrol,Manual,1,1.7,12
Mahindra XUV300,47530,Diesel,Manual,2,5.85,5
Maruti Alto K10,69670,Petrol,Manual,2,2.31,9
Honda Mobilio,32150,Petrol,Manual,3,3.0,10
Maruti Celerio,96040,Petrol,Manual,2,2.84,11
Nissan MAGNITE,76140,Petrol,Manual,1,6.44,4
Renault Kwid,18980,Petrol,Manual,1,4.5,3
Maruti Alto,13220,Petrol,Manual,1,3.5,6
Honda WR-V,2050,Petrol,Manual,1,9.0,3
Volkswagen Ameo,140000,Diesel,Manual,2,3.5,9
Mahindra XUV500,180000,Diesel,Manual,1,7.5,10
Maruti Ertiga,3240,Petrol,Auto,1,16.2,1
Mahindra XUV300,25520,Diesel,Manual,1,11.69,2
Nissan MAGNITE,50440,CNG,Manual,1,5.75,2
Mahindra Thar,16880,Petrol,Auto,1,13.25,3
Renault Kwid,62640,Petrol,Auto,1,2.38,8
Honda City,48290,Petrol,Auto,2,4.47,10
Maruti Alto K10,52910,Petrol,Manual,1,3.5,3
Tata NEXON,73190,Petrol,Manual,1,6.4,4
Maruti Baleno,57010,Petrol,Manual,1,4.45,7
Mahindra XUV500,64930,Diesel,Auto,1,10.75,7
Honda WR-V,66340,Petrol,Manual,1,5.5,7
Volkswagen TAIGUN,58420,Petrol,Manual,2,9.5,4
Tata PUNCH,14010,Petrol,Manual,1,5.51,1
Hyundai i10,52980,Petrol,Manual,1,2.31,10
Tata Curvv,2540,Petrol,Manual,1,10.51,1
Hyundai Creta,85300,Diesel,Manual,1,10.75,6
Tata Tiago,19450,CNG,Manual,1,5.75,2
Maruti JIMNY,32820,CNG,Manual,1,10.8,2
Ford Ecosport,97890,Petrol,Manual,1,6.21,5
Maruti BREZZA,39760,Petrol,Auto,1,8.94,3
Renault Kiger,19490,Petrol,Auto,1,6.46,2
Mahindra XUV500,49230,Diesel,Auto,2,7.95,7
KIA SELTOS,59280,Diesel,Auto,1,10.25,5
Tata TIAGO NRG,38210,Petrol,Manual,1,4.51,4
Hyundai GRAND I10 NIOS,34680,Petrol,Manual,1,5.25,5
Ford Ecosport,39850,Diesel,Manual,1,6.71,4
Honda City,69290,Petrol,Manual,1,6.85,7
Maruti Celerio,73410,Petrol,Manual,1,4.65,3
Ford Ecosport,94900,Petrol,Auto,2,4.81,7
Skoda SLAVIA,62330,Petrol,Manual,1,7.89,3
Hyundai Grand i10,34420,Petrol,Manual,2,2.89,10
Hyundai i10,53370,Petrol,Manual,1,1.97,11
MG HECTOR,18650,Petrol,Auto,1,17.95,2
Ford Figo Aspire,88260,Diesel,Manual,1,3.87,6
Honda Amaze,22820,Petrol,Manual,1,5.65,4
Toyota URBAN CRUISER,48980,Petrol,Manual,1,6.99,3
Maruti Ertiga,65360,CNG,Manual,1,8.75,5
KIA SONET,97890,Diesel,Auto,1,6.59,5
MG HECTOR,47690,Petrol,Auto,1,11.5,5
Volkswagen Polo,82440,Petrol,Manual,1,2.81,10
Maruti Celerio,25950,Petrol,Manual,1,4.9,3
Maruti New Wagon-R,59600,CNG,Manual,1,5.05,2
Maruti BREZZA,41180,Petrol,Manual,1,9.55,2
Hyundai Creta,3590,Diesel,Manual,1,15.75,1
Maruti New Wagon-R,29110,CNG,Manual,1,5.35,3
Hyundai Creta,70280,Petrol,Manual,2,5.57,7
Maruti Dzire,90990,Petrol,Manual,1,3.92,7
Honda Jazz,39240,Petrol,Manual,1,3.63,8
Honda Brio,36220,Petrol,Manual,2,1.81,12
Toyota YARIS,140000,Petrol,Auto,1,5.71,7
Tata Harrier,70950,Diesel,Auto,1,11.8,4
Tata NEXON,19100,Petrol,Manual,1,9.6,1
Mahindra Thar,18850,Petrol,Manual,2,10.95,2
Mahindra Thar,33160,Petrol,Manual,2,10.5,3
Hyundai Elite i20,40570,Petrol,Manual,1,3.49,10
Maruti Baleno,40210,Petrol,Auto,1,7.65,3
Hyundai Creta,55070,Petrol,Manual,1,5.7,9
Tata Hexa,94870,Diesel,Manual,2,6.15,7
Toyota Corolla Altis,18380,Petrol,Manual,2,4.95,11
Volkswagen TAIGUN,49170,Petrol,Auto,1,12.21,3
Renault Duster,75790,Diesel,Manual,1,5.31,6
Maruti Celerio,58920,Petrol,Auto,1,3.83,7
Maruti Baleno,9590,Petrol,Manual,1,5.55,4
Maruti Vitara Brezza,51480,Diesel,Auto,1,6.5,6
Hyundai VENUE N LINE,17720,Petrol,Auto,1,9.21,3
Hyundai i10,57360,Petrol,Manual,1,1.51,12
Hyundai i20,29500,Petrol,Manual,1,2.24,13
Mahindra Bolero,78490,Diesel,Manual,1,7.3,4
Maruti New Wagon-R,26950,Petrol,Manual,1,4.2,4
Tata NEXON,42680,Petrol,Auto,1,9.1,2
Toyota Innova Crysta,36280,Petrol,Auto,1,16.15,5
Renault Kiger,27290,Petrol,Auto,1,7.13,3
Maruti Baleno,62680,Petrol,Manual,1,4.41,7
Honda Amaze,52850,Petrol,Manual,1,5.3,3
Hyundai Creta,57880,Petrol,Manual,1,7.25,6
Maruti Wagon R 1.0,51030,Petrol,Manual,1,2.18,11
Hyundai VENUE,82880,Petrol,Auto,1,5.63,6
Maruti Wagon R 1.0,31980,Petrol,Manual,1,2.32,11
Maruti New Wagon-R,35970,Petrol,Manual,1,3.97,4
KIA SONET,20780,Petrol,Manual,1,7.65,2
Tata NEXON,23120,Petrol,Auto,1,8.51,3
Maruti Dzire,79830,Petrol,Auto,1,4.43,7
MG ASTOR,70230,Petrol,Manual,1,10.99,3
Maruti Swift,25650,Petrol,Manual,1,5.5,3
Ford Ecosport,51390,Diesel,Manual,1,5.8,6
Maruti Baleno,75140,Petrol,Manual,2,4.95,4
Nissan MAGNITE,38240,Petrol,Manual,1,5.45,2
Honda City,48610,Petrol,Manual,1,9.8,3
Nissan MAGNITE,35720,Petrol,Manual,1,4.82,2
KIA SONET,22100,Petrol,Manual,1,9.53,1
Nissan MAGNITE,29340,Petrol,Manual,1,5.58,2
Hyundai Elite i20,93580,Petrol,Manual,1,4.64,8
Tata ALTROZ,4300,Petrol,Auto,1,8.49,1
Tata Harrier,43380,Diesel,Auto,1,12.87,4
KIA CARENS,26950,Petrol,Manual,1,14.11,1
Maruti Ciaz,68180,Petrol,Auto,1,8.2,4
Tata Safari,58290,Diesel,Manual,1,11.73,4
Hyundai Elite i20,45970,Petrol,Manual,1,3.89,10
Hyundai Creta,69200,Petrol,Auto,1,7.58,8
Tata Tiago,30160,Petrol,Manual,2,4.73,4
Hyundai Elite i20,70310,Petrol,Manual,1,5.16,5
Hyundai Elite i20,73700,CNG,Manual,1,4.44,7
Hyundai Creta,27500,Petrol,Manual,1,16.7,1
Hyundai Grand i10,11000,Petrol,Manual,1,3.55,9
Toyota Glanza,54740,Petrol,Manual,1,5.59,5
Mahindra XUV700,67290,Diesel,Manual,1,15.0,3
Honda Amaze,15580,Petrol,Manual,1,8.48,1
Maruti Baleno,24550,Petrol,Manual,1,5.6,2
Mahindra XUV700,47600,Petrol,Manual,1,15.9,3
Maruti Swift,32810,Petrol,Manual,1,3.5,10
Tata NEXON,100000,Diesel,Manual,1,6.51,5
KIA SONET,81090,Petrol,Manual,1,6.46,5
Hyundai VENUE,31540,Diesel,Manual,2,7.23,5
Mahindra BOLERO NEO,12130,Diesel,Manual,1,9.03,1
MG ASTOR,21510,Petrol,Manual,1,11.13,3
Tata NEXON,35730,Petrol,Manual,1,6.84,5
Honda WR-V,24360,Petrol,Manual,1,6.56,4
Tata ALTROZ,73700,Diesel,Manual,1,6.8,4
Volkswagen TAIGUN,23080,Petrol,Manual,1,9.2,1
Honda City,37600,Petrol,Manual,1,6.31,6
Maruti New Wagon-R,15950,Petrol,Manual,1,4.57,4
Hyundai i10,75930,Petrol,Manual,1,1.85,11
Tata NEXON,73430,Petrol,Manual,1,6.64,5
Maruti Ertiga,55660,CNG,Manual,1,5.75,9
Volkswagen VIRTUS,31790,Petrol,Auto,1,14.3,1
Maruti Vitara Brezza,43930,Petrol,Manual,1,5.63,5
Tata NEXON,17380,Petrol,Manual,1,6.13,6
Ford Ecosport,15590,Petrol,Manual,1,8.83,4
Mahindra Thar,36180,Diesel,Auto,1,16.0,1
Mahindra XUV300,75360,Diesel,Manual,1,10.24,3
Maruti Ciaz,56210,Petrol,Manual,1,5.18,7
Maruti Alto K10,3420,Petrol,Manual,1,3.73,1
Maruti FRONX,23450,Petrol,Manual,1,8.4,2
Tata PUNCH,17630,Petrol,Manual,1,5.44,3
Mahindra Thar,60960,Petrol,Auto,2,10.25,4
KIA SONET,48290,Diesel,Manual,1,8.14,5
Renault Kwid,62910,Petrol,Manual,2,1.87,9
Renault TRIBER,61630,Petrol,Manual,1,4.89,4
Hyundai Verna,47530,Petrol,Manual,1,7.45,6
Maruti New Wagon-R,22660,Petrol,Manual,1,4.98,2
Honda Amaze,19960,Petrol,Auto,1,6.16,3
Volkswagen VIRTUS,74820,Petrol,Manual,1,9.8,2
Maruti Celerio,20910,Petrol,Auto,1,5.41,2
Volkswagen TAIGUN,62950,Petrol,Auto,1,9.65,4
Ford Ecosport,81230,Petrol,Manual,1,6.8,5
KIA SONET,31000,Petrol,Auto,1,8.64,5
Hyundai GRAND I10 NIOS,12270,Petrol,Manual,1,5.82,2
Maruti Swift,63180,Petrol,Manual,1,5.15,6
Hyundai Creta,28100,Petrol,Manual,1,16.7,1
Hyundai Creta,32990,Petrol,Manual,1,16.7,1
Tata ALTROZ,34100,Petrol,Manual,1,4.67,4
Maruti Swift,38360,Petrol,Manual,1,3.27,10
Skoda Rapid,56750,Petrol,Manual,2,5.92,5
KIA CARENS,58170,Diesel,Manual,1,9.59,2
Hyundai Creta,80070,Petrol,Manual,1,8.33,4
Hyundai Creta,43010,Petrol,Manual,1,8.61,4
Hyundai New Elantra,62900,Petrol,Manual,2,7.21,6
Hyundai Grand i10,110000,Petrol,Manual,1,3.16,9
Datsun Redi Go,37670,Petrol,Manual,2,1.75,7
KIA SONET,15840,Petrol,Manual,1,6.21,4
Maruti S PRESSO,15700,Petrol,Manual,1,3.73,5
MG HECTOR,38660,Petrol,Manual,1,9.68,4
Skoda SLAVIA,46260,Petrol,Manual,1,7.72,2
Maruti Baleno,27860,Petrol,Manual,1,5.67,3
Tata NEXON,48010,Petrol,Manual,1,5.87,3
Tata NEXON,33360,Petrol,Auto,1,9.1,2
Renault Kwid,49720,Petrol,Auto,2,2.38,8
Hyundai i10,32030,Petrol,Manual,1,2.18,11
Hyundai i10,25310,Petrol,Manual,1,2.09,11
Hyundai VENUE,38590,Petrol,Manual,1,5.76,5
Maruti Swift,30680,Petrol,Manual,1,5.32,2
Volkswagen TAIGUN,10000,Petrol,Manual,1,9.54,1
Maruti S PRESSO,43330,Petrol,Manual,1,2.89,6
Honda Amaze,39280,Petrol,Auto,1,5.83,5
Hyundai Elite i20,47280,Petrol,Manual,3,4.31,6
Maruti Wagon R 1.0,55400,Petrol,Manual,1,2.77,10
Maruti IGNIS,31590,Petrol,Manual,1,4.21,2
Tata NEXON,32870,Petrol,Manual,1,8.23,3
Hyundai Elite i20,41080,Petrol,Manual,2,3.55,8
Honda Amaze,74040,Petrol,Manual,1,2.98,10
Honda City,70850,Petrol,Auto,1,6.56,8
Maruti Alto,89950,Petrol,Manual,1,3.0,5
Maruti Alto K10,110000,Petrol,Manual,2,2.21,10
Mahindra Kuv100,110000,Diesel,Manual,4,1.5,9
Tata NEXON,15760,Petrol,Manual,1,7.28,2
Mahindra Scorpio,100000,Diesel,Manual,1,16.95,5
Hyundai Elite i20,76820,Petrol,Manual,1,5.0,5
Renault TRIBER,14680,Petrol,Manual,1,5.5,2
Maruti Swift Dzire,97430,Diesel,Manual,1,1.85,14
Maruti Baleno,130000,Petrol,Manual,1,3.41,8
Maruti Alto 800,57420,Petrol,Manual,2,2.32,6
Maruti Ertiga,92100,Petrol,Manual,1,8.33,1
Maruti Wagon R 1.0,71620,Petrol,Manual,1,2.3,10
Tata Tiago,18140,Petrol,Manual,1,4.28,4
Maruti Swift,80830,Diesel,Manual,2,4.5,8
Maruti Swift Dzire,120000,Diesel,Manual,3,3.17,10
Maruti Wagon R 1.0,51530,Petrol,Manual,2,1.16,15
Ford Ecosport,190000,Diesel,Manual,3,3.33,8
Tata TIGOR,25160,Petrol,Manual,1,6.5,3
Datsun Go Plus,100000,Petrol,Manual,2,2.0,7
Toyota Camry,100000,Petrol,Auto,6,1.25,17
Volkswagen Jetta,110000,Diesel,Manual,3,2.84,11
Maruti Wagon R 1.0,86880,Petrol,Manual,2,2.0,11
Honda City,300000,Diesel,Manual,2,3.18,11
Renault Duster,72780,Diesel,Manual,4,1.6,13
Hyundai Grand i10,100000,Petrol,Manual,1,3.11,11
Hyundai Verna,45200,Petrol,Auto,1,13.82,2
Toyota Etios,300000,Diesel,Manual,1,4.79,8
Tata NEXON,97310,Petrol,Manual,1,4.5,7
Ford Figo Aspire,140000,Diesel,Manual,1,3.63,7
Ford Ecosport,70580,Diesel,Manual,3,5.09,7
Tata Harrier,160000,Diesel,Auto,1,10.5,5
KIA SELTOS,85040,Diesel,Auto,2,15.0,3
Toyota Innova,150000,Diesel,Manual,1,6.24,11
Mahindra MARAZZO,150000,Diesel,Manual,2,5.78,7
Jeep Compass,71860,Petrol,Auto,2,11.0,5
Renault Kwid,64050,Petrol,Manual,1,1.48,8
Maruti Alto K10,140000,Petrol,Manual,1,1.19,14
Maruti Ciaz,100000,Diesel,Manual,2,3.74,9
Hyundai Eon,180000,Petrol,Manual,2,1.31,11
Hyundai Verna,700000,Diesel,Auto,2,5.0,7
Maruti Alto 800,93010,Petrol,Manual,1,1.87,11
Hyundai i10,93330,Petrol,Manual,3,1.4,13
Hyundai Elite i20,210000,Diesel,Manual,4,3.1,10
Renault Duster,130000,Diesel,Manual,3,1.55,12
Renault Kwid,79210,Petrol,Manual,1,2.24,9
Tata Tiago,120000,Petrol,Manual,2,2.49,8
Datsun Redi Go,54960,Petrol,Manual,1,1.38,8
Toyota Innova,250000,Diesel,Manual,3,1.82,16
Hyundai i10,140000,Petrol,Manual,2,1.23,13
Hyundai Grand i10,170000,Petrol,Manual,2,1.74,12
Maruti Swift Dzire,130000,Petrol,Manual,1,1.16,15
Maruti Wagon R 1.0,43990,Petrol,Manual,1,1.95,12
Mahindra Bolero,100000,Diesel,Manual,2,6.79,4
Renault Kwid,81940,Petrol,Auto,1,1.62,9
Maruti Wagon R 1.0,130000,Petrol,Manual,2,2.5,10
Hyundai Grand i10,72770,Diesel,Manual,1,2.9,8
Hyundai Verna,130000,Diesel,Manual,4,1.8,12
Hyundai i20,92380,Diesel,Manual,2,1.89,12
Renault Pulse,130000,Diesel,Manual,1,1.83,12
Maruti Swift,110000,Petrol,Manual,4,2.19,13
Hyundai Grand i10,69540,Petrol,Manual,3,3.0,10
Hyundai Grand i10,150000,Petrol,Manual,1,3.83,9
Hyundai Accent,270000,Petrol,Manual,1,1.72,12
Hyundai i10,53950,Petrol,Manual,3,2.3,9
Tata NEXON,28500,Petrol,Manual,1,6.61,4
Hyundai AURA,89110,Petrol,Manual,1,6.66,3
Chevrolet Beat,170000,Petrol,Manual,1,1.1,11
Hyundai i10,110000,Petrol,Manual,3,1.4,11
Maruti Baleno,120000,Petrol,Manual,1,3.95,8
Maruti Celerio,22140,Petrol,Manual,1,5.07,3
Nissan Sunny,140000,Petrol,Manual,2,1.0,14
Hyundai i10,97410,Petrol,Manual,3,1.0,14
Maruti Swift,88290,Petrol,Manual,1,3.81,7
Maruti Zen Estilo,150000,Petrol,Manual,2,1.15,12
Hyundai Accent,200000,Petrol,Manual,2,1.3,13
Ssangyong Rexton,130000,Diesel,Auto,4,1.69,12
Renault Duster,59430,Diesel,Manual,1,6.4,6
MG ASTOR,21580,Petrol,Manual,1,7.5,3
Hyundai Creta,39370,Petrol,Manual,1,8.8,4
Hyundai i20,210000,Petrol,Manual,1,2.67,12
Maruti Swift Dzire,120000,Diesel,Manual,1,3.98,10
Hyundai Verna,850000,Diesel,Manual,2,7.75,6
Mahindra XUV500,130000,Diesel,Manual,2,3.5,11
Mahindra Thar,47420,Diesel,Auto,1,14.0,3
Tata NEXON,120000,Diesel,Manual,2,4.4,8
Hyundai Creta,69510,Diesel,Manual,1,7.1,7
Maruti Wagon R Stingray,140000,Petrol,Manual,2,2.0,12
Mahindra XUV700,48310,Diesel,Manual,1,14.6,1
Maruti Alto 800,27420,Petrol,Manual,1,2.5,9
Ford Endeavour,170000,Diesel,Auto,3,10.12,9
Jeep Compass,130000,Diesel,Manual,1,6.82,8
Tata NEXON,51810,Petrol,Auto,2,7.59,5
Hyundai Grand i10,72040,Petrol,Manual,1,4.25,7
Renault Lodgy,190000,Diesel,Manual,1,2.68,10
Mercedes Benz CLA Class,130000,Diesel,Auto,3,11.01,8
Maruti Celerio,87270,Petrol,Manual,2,2.8,10
Honda City,75000,Diesel,Manual,2,6.17,8
Hyundai Grand i10,71370,Petrol,Manual,1,4.24,7
Maruti XL6,44990,Petrol,Auto,2,8.25,5
Honda WR-V,30560,Diesel,Manual,1,7.5,8
MG HECTOR,48050,Petrol,Auto,2,8.75,6
Maruti Ciaz,110000,Diesel,Manual,1,5.23,7
Mahindra XUV500,120000,Diesel,Manual,2,3.66,12
Mahindra XUV300,15350,Petrol,Manual,1,7.44,2
Honda WR-V,130000,Diesel,Manual,1,5.3,8
Ford Ecosport,62340,Diesel,Manual,1,7.0,5
Honda City,81520,Petrol,Auto,1,6.73,7
Honda WR-V,150000,Diesel,Manual,2,5.38,7
Tata TIAGO NRG,45160,Petrol,Manual,1,5.0,3
Maruti Wagon R 1.0,100000,Petrol,Manual,1,3.36,7
Toyota RUMION,13060,Petrol,Auto,1,13.05,1
Tata Safari,95540,Diesel,Manual,1,12.0,3
Tata Tiago,35600,Petrol,Manual,2,4.91,2
Mahindra XUV300,21710,Petrol,Manual,2,7.5,3
Honda WR-V,100000,Petrol,Manual,1,6.99,5
Mahindra Thar,50690,Diesel,Manual,1,11.5,2
Skoda SLAVIA,8830,Petrol,Manual,1,13.0,1
Toyota Innova,110000,Diesel,Manual,2,5.19,13
BMW 3 Series,79220,Diesel,Auto,2,13.0,9
Tata Hexa,180000,Diesel,Auto,2,6.5,7
BMW X1,68540,Diesel,Auto,2,17.7,7
BMW X3,110000,Diesel,Auto,2,7.22,12
Renault Captur,120000,Diesel,Manual,1,4.84,8
Tata Harrier,83000,Diesel,Auto,1,16.5,2
Ford Endeavour,140000,Diesel,Auto,2,3.85,14
Jeep Compass,67000,Diesel,Auto,2,13.7,5
Ford New Figo,76520,Petrol,Manual,1,4.17,6
BMW 5 Series,68100,Diesel,Auto,2,11.31,10
Volkswagen TAIGUN,96270,Petrol,Manual,1,9.29,3
Tata NEXON EV,40630,Electric,Auto,1,11.09,3
Volvo S60,110000,Diesel,Auto,2,12.28,9
Maruti Wagon R 1.0,72270,Petrol,Manual,1,1.5,7
Tata ALTROZ,45010,Petrol,Manual,1,4.5,4
Mahindra KUV 100 NXT,59780,Petrol,Manual,2,2.58,8
Maruti Vitara Brezza,100000,Diesel,Manual,2,5.36,8
Maruti A Star,46760,Petrol,Manual,1,1.3,15
Volkswagen Ameo,38110,Petrol,Manual,1,6.27,9
Tata Tiago,41670,Petrol,Auto,2,4.37,8
Maruti Celerio,64180,Petrol,Auto,1,3.5,7
Mahindra Thar,15650,Petrol,Auto,2,12.5,4
MG HECTOR,21520,Diesel,Manual,1,16.5,4
Hyundai AURA,73220,Petrol,Manual,2,6.16,3
Maruti Baleno,60250,Petrol,Manual,1,5.3,7
Maruti Alto 800,69760,Petrol,Manual,2,1.3,12
Tata Tiago,50290,Petrol,Manual,1,3.0,7
Toyota Etios,89960,Petrol,Manual,1,2.66,12
Hyundai Grand i10,180000,Petrol,Manual,1,3.8,12
Maruti Zen Estilo,120000,Petrol,Manual,1,1.4,15
Tata Tiago,110000,Petrol,Manual,1,2.9,8
Hyundai Eon,80750,Petrol,Manual,2,1.9,11
Hyundai Santro Xing,84440,Petrol,Manual,1,1.3,15
Maruti Swift,120000,Petrol,Manual,5,2.7,12
Tata Safari,120000,Diesel,Manual,4,2.16,14
Ford Figo,100000,Diesel,Manual,4,1.43,13
Maruti Grand Vitara,30280,Petrol,Auto,1,13.36,2
Tata TIGOR,140000,Diesel,Manual,1,5.22,8
Honda City,110000,Diesel,Manual,2,5.07,11
Hyundai i20,260000,Diesel,Manual,1,1.8,15
Honda Amaze,55520,Petrol,Manual,1,2.8,12
Renault Duster,170000,Diesel,Manual,1,3.7,10
Hyundai i20,160000,Diesel,Manual,1,2.2,12
Honda Jazz,229999,Diesel,Manual,1,4.5,9
Skoda Rapid,150000,Diesel,Manual,1,2.25,12
Maruti Swift,97660,Petrol,Manual,1,3.5,13
Ford Figo,77030,Petrol,Manual,2,1.45,13
Mercedes Benz C Class,66790,Petrol,Auto,3,2.0,18
Ford Figo Aspire,64910,Petrol,Manual,2,2.25,10
Tata ALTROZ,68210,Petrol,Manual,1,6.12,5
Maruti Swift Dzire,100000,Petrol,Manual,1,2.8,14
Volkswagen Polo,869999,Petrol,Auto,3,3.0,11
Honda Accord,130000,Petrol,Auto,3,1.5,17
Maruti Wagon R 1.0,47460,Petrol,Manual,1,1.6,14
Hyundai i20,85730,Petrol,Manual,1,2.26,14
Renault Scala,110000,Petrol,Auto,2,1.2,12
Hyundai i20,34360,Petrol,Manual,1,2.63,12
Honda City,110000,Petrol,Auto,1,4.0,10
Mahindra Thar,33000,Petrol,Auto,1,15.5,3
Ford Figo,110000,Diesel,Manual,4,1.65,12
Mahindra Xylo,77250,Diesel,Manual,1,2.24,13
Ford Figo,140000,Diesel,Manual,1,1.1,13
Honda City,130000,Petrol,Manual,2,2.5,11
Renault Kiger,29770,Petrol,Manual,1,5.36,4
Honda City,120000,Petrol,Manual,2,5.76,10
Renault Duster,180000,Diesel,Manual,1,4.5,10
Maruti Celerio,83320,Petrol,Auto,3,2.52,11
Volkswagen Polo,120000,Petrol,Manual,1,4.65,11
Ford Figo,150000,Petrol,Manual,1,1.3,14
Ford Ecosport,130000,Petrol,Manual,4,2.25,12
Mahindra Kuv100,31430,Petrol,Manual,2,2.7,8
Honda City,160000,Petrol,Manual,1,4.0,10
Hyundai Elite i20,110000,Petrol,Manual,2,4.2,9
Tata Tiago,110000,Petrol,Manual,2,3.5,6
Renault Duster,170000,Diesel,Manual,3,4.6,10
Nissan Terrano,52200,Diesel,Manual,1,3.55,10
Hyundai i10,72910,Petrol,Manual,2,1.0,14
Maruti Alto 800,30900,Petrol,Manual,2,1.8,12
Nissan MAGNITE,25020,Petrol,Manual,3,5.0,4
Nissan Sunny,140000,Diesel,Manual,1,1.35,13
Hyundai Verna,110000,Petrol,Manual,2,3.15,11
Nissan Sunny,88030,Petrol,Manual,1,3.52,14
Hyundai Eon,43300,Petrol,Manual,3,2.3,9
Maruti Wagon R 1.0,120000,Petrol,Manual,1,3.21,11
Hyundai Verna,40800,Petrol,Manual,1,7.5,7
Honda Brio,89730,Petrol,Manual,2,2.0,12
Maruti Swift,130000,Diesel,Manual,1,3.7,12
Renault Kwid,36070,Petrol,Manual,1,2.82,6
Ford Ecosport,229999,Diesel,Manual,2,4.0,8
Tata NEXON,73350,Petrol,Manual,2,6.0,5
Renault TRIBER,16250,Petrol,Manual,1,4.5,6
Maruti Alto K10,120000,Petrol,Manual,1,2.64,9
Maruti Celerio,76310,Petrol,Manual,1,3.33,8
Chevrolet Beat,95520,Petrol,Manual,1,1.18,15
Skoda Rapid,160000,Petrol,Auto,1,3.75,9
Hyundai Verna,94280,Petrol,Manual,3,7.0,7
Hyundai Verna,120000,Petrol,Manual,4,2.8,12
Maruti Wagon R 1.0,180000,Petrol,Manual,1,2.0,13
Hyundai Grand i10,92570,Petrol,Manual,1,3.5,12
Hyundai Elite i20,74180,Petrol,Manual,1,4.83,6
Skoda Rapid,120000,Petrol,Manual,1,5.0,7
Maruti Swift,120000,Petrol,Manual,2,3.5,9
Hyundai Xcent,57700,Petrol,Manual,1,4.0,10
Maruti Swift Dzire,160000,Diesel,Manual,1,2.2,14
Ford Ecosport,11110,Petrol,Manual,1,4.0,9
Maruti Swift,71520,Petrol,Manual,1,3.5,10
Hyundai Elite i20,44190,Petrol,Manual,1,5.5,7
Honda Jazz,130000,Petrol,Auto,3,3.5,9
Maruti Vitara Brezza,160000,Diesel,Manual,1,6.5,9
Maruti IGNIS,60000,Petrol,Auto,1,4.5,7
Toyota Etios,220000,Diesel,Manual,1,2.25,14
Maruti Wagon R 1.0,280000,Petrol,Manual,1,1.55,13
Hyundai Elite i20,130000,Diesel,Manual,1,4.08,10
Hyundai GRAND I10 NIOS,14510,Petrol,Manual,1,5.5,5
Maruti IGNIS,120000,Petrol,Auto,2,4.23,7
Mahindra Scorpio,120000,Diesel,Manual,2,1.2,13
Maruti Wagon R 1.0,94510,Petrol,Manual,2,2.12,14
Hyundai Verna,23600,Petrol,Manual,3,2.37,14
Tata ALTROZ,26970,Petrol,Manual,1,6.0,3
MG ASTOR,69830,Petrol,Auto,1,14.33,3
Honda Jazz,43420,Petrol,Manual,1,3.0,9
Hyundai VENUE,94660,Petrol,Manual,1,6.0,5
Hyundai Verna,110000,Petrol,Manual,3,2.5,13
Hyundai Xcent,130000,Diesel,Manual,4,2.5,11
Maruti Wagon R 1.0,160000,Petrol,Manual,1,3.3,8
Renault Duster,170000,Diesel,Manual,2,4.5,10
Maruti Dzire,51690,Petrol,Manual,3,5.0,6
Volkswagen Polo,84480,Petrol,Manual,1,4.5,9
Honda BR-V,78290,Petrol,Manual,1,6.3,7
Renault Duster,110000,Petrol,Manual,2,4.0,8
Tata PUNCH,9410,Petrol,Manual,1,8.0,1
Maruti Dzire,70380,Petrol,Manual,1,5.1,7
Mahindra Scorpio,180000,Diesel,Manual,2,2.7,14
Ford FREESTYLE,44430,Petrol,Manual,1,5.5,4
Hyundai Creta,90780,Diesel,Manual,1,9.0,7
Maruti Swift,66470,Petrol,Manual,1,6.5,3
Honda City,210000,Petrol,Manual,1,5.3,7
MG ASTOR,11960,Petrol,Manual,1,10.23,1
Maruti Baleno,79160,Diesel,Manual,1,6.3,7
Ford Figo,92100,Petrol,Manual,2,1.88,10
Tata Harrier,66910,Diesel,Manual,1,13.58,4
Maruti Baleno,110000,Petrol,Manual,1,4.6,9
Renault Kwid,14710,Petrol,Auto,1,5.6,2
Hyundai GRAND I10 NIOS,30440,Petrol,Auto,1,6.75,3
Maruti Baleno,17400,Petrol,Auto,1,7.76,2
Maruti Swift Dzire,130000,Diesel,Manual,2,4.0,13
Maruti Baleno,53760,Petrol,Manual,1,5.92,8
Hyundai Verna,71960,Petrol,Manual,2,2.93,13
Toyota Etios,26320,Petrol,Manual,1,3.41,12
Tata NEXON,63470,Petrol,Manual,1,6.9,7
Hyundai Grand i10,22440,Petrol,Manual,1,5.27,7
Maruti Baleno,24620,Petrol,Manual,1,8.89,2
Mahindra Thar,38640,Petrol,Auto,1,16.0,2
Honda Amaze,120000,Petrol,Manual,1,5.8,6
Maruti Ertiga,130000,Diesel,Manual,3,4.2,11
Tata TIGOR,110000,Petrol,Auto,3,4.0,6
Maruti Swift Dzire,160000,Diesel,Manual,2,3.1,13
Renault Kwid,15940,Petrol,Manual,1,3.45,4
Toyota Etios Liva,63820,Petrol,Manual,2,3.15,8
Maruti Alto K10,42770,Petrol,Auto,1,3.17,10
Mahindra Thar,45620,Petrol,Manual,1,11.5,3
Tata Tiago,84700,Diesel,Manual,1,3.15,9
Toyota YARIS,110000,Petrol,Auto,1,5.5,7
Tata NEXON,477,Petrol,Manual,1,9.95,2
Maruti Ciaz,110000,Petrol,Manual,2,5.2,7
BMW X1,120000,Diesel,Auto,5,4.67,14
Jeep Compass,45780,Diesel,Manual,1,11.5,6
Maruti Ertiga,130000,Petrol,Manual,2,3.99,11
Tata NEXON,665,Diesel,Auto,1,17.37,1
Ford Ecosport,44620,Petrol,Manual,1,4.5,8
Hyundai Creta,66870,Petrol,Manual,2,6.2,9
Honda Amaze,95270,Diesel,Manual,1,3.2,11
Honda Jazz,87460,Petrol,Auto,1,4.2,9
Maruti Dzire,130000,Diesel,Manual,3,8.23,7
Hyundai Verna,39600,Petrol,Manual,3,3.27,12
Ford Ecosport,130000,Diesel,Manual,2,5.89,10
Maruti Ritz,190000,Petrol,Manual,1,3.66,11
Renault Duster,130000,Diesel,Manual,1,3.1,10
Maruti Wagon R 1.0,57590,Petrol,Manual,2,4.25,8
Nissan Teana,66380,Petrol,Auto,2,3.0,14
Hyundai Grand i10,70040,Petrol,Manual,1,4.5,8
Mahindra XUV500,250000,Diesel,Manual,1,2.99,13
Hyundai GRAND I10 NIOS,17930,Petrol,Auto,1,7.5,1
Hyundai Grand i10,92630,Petrol,Manual,1,4.1,7
KIA SONET,13110,Petrol,Auto,1,16.23,1
Nissan MAGNITE,23780,Petrol,Auto,1,8.0,3
Hyundai Verna,91240,Petrol,Manual,1,4.0,12
Hyundai VENUE,140000,Petrol,Auto,1,7.25,6
Renault Duster,140000,Diesel,Manual,1,3.01,10
Maruti Ertiga,43220,Petrol,Manual,2,6.37,7
Toyota Innova,220000,Diesel,Manual,4,3.5,15
Maruti Baleno,51930,Petrol,Manual,2,5.5,6
Maruti IGNIS,17080,Petrol,Manual,1,4.5,5
Renault Lodgy,180000,Diesel,Manual,1,4.2,8
Honda WR-V,23330,Petrol,Manual,1,8.12,4
Mahindra Kuv100,66350,Petrol,Manual,1,3.0,9
Hyundai VENUE,18830,Petrol,Manual,2,8.3,3
MG HECTOR,33430,Petrol,Auto,1,11.5,5
Mahindra XUV500,96760,Diesel,Manual,2,4.5,13
Mahindra XUV500,160000,Diesel,Manual,1,3.0,13
Nissan MAGNITE,12780,Petrol,Auto,1,10.0,3
Maruti Baleno,19440,Petrol,Manual,1,7.64,1
Hyundai Creta,78970,Petrol,Manual,1,9.0,5
Ford Ecosport,92440,Petrol,Manual,1,5.5,7
Tata ALTROZ,44310,Petrol,Manual,1,7.4,3
Mahindra XUV300,160000,Diesel,Manual,1,6.9,6
Tata Harrier,110000,Diesel,Manual,1,8.5,6
Hyundai Creta,74390,Petrol,Manual,2,11.5,5
Mercedes Benz E Class,87380,Diesel,Auto,3,7.49,14
Skoda Yeti,180000,Diesel,Manual,3,3.41,14
Hyundai Verna,51720,Petrol,Manual,1,4.2,11
Mahindra XUV300,73170,Diesel,Manual,1,10.5,3
CITROEN C3 AIRCROSS,9800,Petrol,Manual,1,11.5,2
KIA SONET,21450,Petrol,Manual,1,11.5,3
MG HECTOR,110000,Petrol,Auto,4,12.2,6
Toyota Innova,130000,Diesel,Manual,4,6.0,13
Hyundai Creta,190000,Diesel,Manual,1,6.5,10
KIA SONET,19800,Diesel,Manual,1,11.9,1
Hyundai Creta,130000,Diesel,Manual,2,12.0,5
Toyota Fortuner,99000,Diesel,Manual,1,7.47,15
Tata NEXON EV,62380,Electric,Auto,1,14.5,3
BMW X1,42900,Diesel,Auto,2,15.0,8
Volkswagen Polo,92190,Petrol,Manual,1,3.44,12
Maruti Vitara Brezza,30370,Petrol,Manual,2,8.0,4
Mahindra Scorpio,110000,Diesel,Manual,2,10.16,9
Maruti Baleno,64560,Petrol,Auto,1,7.8,3
Maruti Alto K10,24000,Petrol,Manual,1,4.9,2
Maruti Swift,68620,Petrol,Manual,1,4.5,10
Maruti Ertiga,96240,Petrol,Manual,1,7.59,8
Mahindra Thar,49640,Diesel,Manual,2,9.0,6
Audi Q5,100000,Diesel,Auto,2,14.14,9
Maruti Eeco,27020,Petrol,Manual,1,5.29,2
KIA SONET,43900,Diesel,Manual,1,11.5,3
Audi A3,140000,Diesel,Auto,4,10.7,11
Audi Q3,140000,Diesel,Auto,3,6.52,13
Skoda KUSHAQ,33000,Petrol,Auto,1,14.0,3
Toyota Innova,290000,Diesel,Manual,2,5.8,12
Maruti XL6,65810,Petrol,Manual,1,9.5,6
Mahindra NUVOSPORT,81520,Diesel,Manual,1,5.1,8
Maruti S Cross,100000,Diesel,Manual,1,9.5,6
Mercedes Benz Ml Class,86640,Diesel,Auto,4,13.4,11
Landrover Freelander 2,140000,Diesel,Auto,2,9.68,11
Mini Cooper Countryman,70180,Petrol,Auto,3,12.31,12
Skoda Karoq,39270,Petrol,Auto,2,18.0,5
Tata NEXON EV,11400,Electric,Auto,1,14.5,1
Tata NEXON EV,65670,Electric,Auto,1,10.0,3
Hyundai Elite i20,70600,Petrol,Manual,2,4.09,9
Maruti Vitara Brezza,170000,Diesel,Manual,3,5.17,7
Maruti Wagon R 1.0,110000,Petrol,Manual,1,1.64,12
Hyundai Grand i10,28820,Petrol,Auto,1,4.55,7
Maruti Celerio,70670,Petrol,Manual,1,2.89,7
Hyundai Santro Xing,78010,Petrol,Manual,2,1.17,15
Hyundai Xcent,190000,Diesel,Manual,3,2.84,7
Hyundai Xcent,229999,Diesel,Manual,1,2.66,10
Tata Manza,110000,Diesel,Manual,3,1.16,13
Hyundai Grand i10,81720,Diesel,Manual,2,2.59,8
Hyundai Creta,120000,Diesel,Auto,3,6.4,7
Tata TIGOR,83340,Petrol,Manual,3,3.7,5
Hyundai Elite i20,64379,Petrol,Manual,2,5.5,5
Honda Mobilio,86490,Diesel,Manual,2,2.75,10
Hyundai Grand i10,210000,Petrol,Manual,1,3.96,7
Maruti Baleno,280000,Diesel,Manual,1,4.6,6
Maruti Ertiga,31410,Petrol,Manual,1,12.0,1
Volkswagen Vento,120000,Petrol,Auto,2,4.28,9
Tata Tiago,120000,Petrol,Manual,1,3.79,6
Hyundai NEW SANTRO,130000,Petrol,Manual,2,3.09,7
Maruti Wagon R 1.0,130000,Petrol,Manual,3,2.46,10
Hyundai GRAND I10 NIOS,24970,Petrol,Manual,1,4.92,5
Hyundai i10,81060,Petrol,Manual,2,1.75,13
Tata Tiago,96400,Petrol,Manual,2,3.14,7
Maruti Celerio,120000,Petrol,Manual,5,1.86,11
Chevrolet Beat,130000,Diesel,Manual,2,1.18,11
Hyundai Xcent,120000,Petrol,Manual,2,3.27,11
Chevrolet Cruze,100000,Diesel,Manual,3,1.0,15
Ford Ecosport,87100,Petrol,Auto,2,3.63,9
Tata Harrier,11120,Diesel,Manual,1,18.0,2
Toyota Fortuner,210000,Diesel,Auto,3,11.65,9
KIA SONET,60670,Petrol,Manual,1,8.3,2
Hyundai Creta,160000,Diesel,Manual,3,5.31,9
Tata ALTROZ,44690,Petrol,Manual,1,5.5,3
Skoda Superb,70770,Petrol,Manual,2,2.97,14
Maruti Vitara Brezza,130000,Diesel,Manual,2,5.09,8
Hyundai Grand i10,74610,Petrol,Manual,1,2.06,12
Hyundai i20,110000,Diesel,Manual,1,2.2,12
Maruti Swift,110000,Diesel,Manual,4,2.23,11
Audi Q3,47870,Diesel,Auto,2,8.43,12
Datsun Redi Go,73630,Petrol,Manual,3,1.15,9
Volkswagen Ameo,63010,Petrol,Manual,1,4.76,6
Maruti Dzire,39790,Petrol,Manual,2,5.75,4
Maruti S Cross,88560,Diesel,Manual,3,5.14,7
Ford Figo,140000,Diesel,Manual,1,1.16,14
Mahindra TUV300,80920,Diesel,Manual,2,4.91,7
Tata TIGOR,66160,Petrol,Manual,1,4.07,6
Datsun Go,44120,Petrol,Manual,1,1.25,11
Maruti Vitara Brezza,62380,Petrol,Manual,1,4.6,5
Hyundai Verna,91630,Diesel,Manual,2,6.55,7
Renault Duster,150000,Diesel,Manual,2,1.68,10
Maruti Swift Dzire,150000,Petrol,Manual,3,2.0,13
Maruti Ciaz,89070,Diesel,Manual,3,3.98,8
Renault TRIBER,27990,Petrol,Manual,2,5.0,3
Maruti Eeco,64510,Petrol,Manual,2,5.35,4
Hyundai Elite i20,150000,Diesel,Manual,2,2.5,11
Mahindra Scorpio,90920,Diesel,Manual,3,3.17,12
Maruti Baleno,73490,Petrol,Manual,1,5.47,3
Tata ALTROZ,14550,Petrol,Manual,1,6.0,4
Maruti S Cross,229999,Diesel,Manual,2,3.5,8
Hyundai VENUE,84850,Petrol,Manual,1,5.98,5
Maruti Swift,57480,Petrol,Manual,1,5.12,5
Maruti S PRESSO,17510,Petrol,Auto,1,5.28,3
Renault Duster,170000,Diesel,Manual,1,5.14,8
Maruti Ciaz,85190,Diesel,Manual,3,3.35,9
Hyundai VENUE,71060,Diesel,Manual,1,7.44,5
Maruti Swift,55430,Diesel,Manual,1,3.95,9
Tata NEXON,32729,Petrol,Manual,1,12.5,1
Renault Duster,140000,Diesel,Manual,2,4.99,7
Maruti Baleno,43400,Petrol,Manual,1,6.57,5
Renault TRIBER,35760,Petrol,Manual,2,4.0,6
Toyota Glanza,69950,Petrol,Manual,1,4.3,6
Hyundai Creta,82510,Petrol,Auto,1,14.48,2
Audi Q3,110000,Diesel,Auto,1,7.89,12
Maruti Celerio,93730,Petrol,Manual,2,3.51,5
Maruti New Wagon-R,64069,Petrol,Manual,1,5.29,3
Maruti XL6,57680,Petrol,Manual,1,10.46,3
Maruti Baleno,100000,Petrol,Manual,1,5.08,7
Maruti Vitara Brezza,99210,Diesel,Auto,1,6.6,6
KIA CARENS,58010,Diesel,Manual,1,13.36,2
Hyundai Creta,43960,Petrol,Manual,1,9.99,2
Mahindra Scorpio,120000,Diesel,Manual,1,4.28,13
Honda City,140000,Diesel,Manual,4,3.04,11
Renault Duster,210000,Diesel,Manual,1,4.99,9
Tata Harrier,120000,Diesel,Manual,1,10.23,6
Maruti IGNIS,23450,Petrol,Manual,1,6.07,3
Maruti Ciaz,67230,Petrol,Manual,1,7.23,4
Tata Safari Storme,150000,Diesel,Manual,1,5.5,9
Tata Safari Storme,180000,Diesel,Manual,1,5.49,8
MG HECTOR PLUS,140000,Diesel,Manual,1,16.91,3
Toyota Innova,280000,Diesel,Manual,2,6.0,10
Toyota Innova,120000,Diesel,Manual,1,5.34,13
Hyundai VENUE,51860,Petrol,Auto,1,7.5,6
Maruti Dzire,73170,Petrol,Manual,2,6.14,4
MG HECTOR PLUS,22500,Petrol,Manual,1,16.5,1
Tata NEXON EV,43740,Electric,Auto,1,12.5,2
Maruti Ciaz,424,Petrol,Manual,1,9.59,1
Maruti Ertiga,93190,Diesel,Manual,3,6.25,11
Hyundai NEW SANTRO,28180,Petrol,Manual,1,5.0,6
Tata NEXON,27910,Diesel,Manual,1,9.74,3
Maruti Swift Dzire,170000,Diesel,Manual,2,3.3,14
KIA CARENS,84910,Petrol,Manual,2,10.2,3
Toyota Etios,240000,Diesel,Manual,4,3.23,13
Volkswagen Polo,140000,Diesel,Manual,2,3.76,11
Renault TRIBER,63490,Petrol,Manual,1,4.09,5
Maruti Swift Dzire,229999,Diesel,Manual,5,3.77,12
Chevrolet Beat,91120,Diesel,Manual,2,1.38,13
Hyundai Grand i10,88900,Diesel,Manual,3,3.41,11
Renault Kwid,120000,Petrol,Manual,2,2.76,6
Renault TRIBER,47430,Petrol,Manual,2,4.5,5
Hyundai Xcent,140000,Petrol,Manual,2,3.67,10
Mahindra XUV500,71300,Diesel,Manual,1,7.5,8
Toyota Innova,130000,Diesel,Manual,1,6.5,11
Hyundai GRAND I10 NIOS,35060,Petrol,Manual,1,5.84,4
Tata NEXON,85790,Diesel,Manual,3,7.12,6
Mahindra BOLERO NEO,110000,Diesel,Manual,1,9.0,2
MG HECTOR PLUS,71220,Diesel,Manual,2,14.79,4
Maruti Eeco,89080,Petrol,Manual,2,3.13,10
Maruti Baleno,45030,Petrol,Manual,1,7.5,5
Jeep Compass,72540,Diesel,Manual,2,8.75,8
Maruti Vitara Brezza,83660,Petrol,Manual,1,8.5,4
Hyundai i20 Active,31320,Petrol,Manual,2,4.2,8
Tata Zest,110000,Diesel,Manual,1,3.52,7
Mahindra XUV500,150000,Diesel,Manual,2,5.88,9
KIA SONET,31180,Petrol,Manual,1,7.5,4
Honda ELEVATE,7900,Petrol,Manual,1,13.49,1
Tata TIAGO EV,15050,Electric,Auto,2,7.75,1
Tata ALTROZ,27540,Petrol,Manual,1,6.65,4
Maruti Baleno,77870,Petrol,Manual,1,5.85,6
Maruti Grand Vitara,67760,Petrol,Manual,2,11.95,3
Mahindra Thar,22730,Petrol,Auto,1,12.75,3
Maruti Ritz,13350,Diesel,Manual,1,1.8,14
Tata NEXON,63570,Petrol,Manual,1,5.65,6
Ford New Figo,72380,Diesel,Manual,2,3.14,8
Mahindra XUV300,16680,Petrol,Manual,1,8.97,2
Honda City,110000,Diesel,Manual,2,5.0,9
Tata NEXON,64459,Diesel,Manual,1,7.57,4
Volkswagen Vento,210000,Petrol,Manual,2,2.15,14
Honda Amaze,71570,Diesel,Manual,2,2.5,12
Maruti Alto,180000,Petrol,Manual,3,1.0,14
Maruti Swift Dzire,240000,Diesel,Manual,2,2.0,15
Honda WR-V,43280,Petrol,Manual,1,7.5,3
Tata NEXON,4160,Petrol,Manual,1,8.3,2
Tata ALTROZ,110000,Petrol,Manual,1,6.07,5
Ford Ecosport,130000,Diesel,Manual,2,5.11,9
Hyundai Creta,130000,Diesel,Manual,1,9.9,7
Nissan MAGNITE,47570,Petrol,Manual,1,7.61,4
Tata Zest,87790,Diesel,Auto,2,4.9,6
Skoda Rapid,92070,Diesel,Auto,2,3.95,10
Toyota Etios,220000,Diesel,Manual,2,6.38,6
Hyundai Xcent,90950,Petrol,Manual,2,3.48,11
Ford Ecosport,170000,Diesel,Manual,3,4.91,10
Maruti A Star,38180,Petrol,Auto,1,3.63,12
Hyundai Creta,110000,Diesel,Manual,2,14.0,4
MG HECTOR,110000,Petrol,Auto,2,11.5,5
Hyundai Creta,100000,Petrol,Manual,2,9.48,5
Honda Civic,81430,Diesel,Manual,1,15.64,6
Tata Safari Storme,180000,Diesel,Manual,2,6.26,8
Skoda Rapid,63350,Petrol,Manual,3,6.37,4
Mahindra XUV300,88710,Petrol,Manual,2,7.32,4
Mercedes Benz B Class,110000,Diesel,Auto,2,10.54,12
Jeep Compass,73310,Diesel,Auto,2,16.0,5
Hyundai Elite i20,38960,Petrol,Manual,2,3.69,8
Maruti Alto 800,45900,Petrol,Manual,1,1.75,11
Honda BR-V,120000,Diesel,Manual,2,3.8,8
Mahindra XUV500,92660,Diesel,Manual,3,5.14,7
Hyundai i10,64569,Petrol,Auto,1,1.79,12
Renault Kwid,43670,Petrol,Auto,1,2.99,5
Ford Ecosport,110000,Diesel,Manual,1,1.5,10
Mahindra XUV500,69390,Diesel,Manual,1,4.17,10
Honda Amaze,33400,Petrol,Manual,1,5.0,3
Hyundai Creta,84380,Petrol,Manual,1,6.95,7
Nissan Micra Active,59240,Petrol,Manual,1,1.5,12
Tata ALTROZ,20620,Petrol,Auto,1,6.65,2
Maruti Baleno,140000,Diesel,Manual,1,3.49,8
Hyundai Grand i10,110000,Petrol,Manual,1,2.41,9
Hyundai Eon,48480,Petrol,Manual,1,1.56,10
Hyundai Verna,75570,Petrol,Manual,1,7.0,4
Tata PUNCH,7620,Petrol,Manual,1,8.0,1
Toyota Etios,110000,Diesel,Manual,1,1.88,13
Hyundai i10,52520,Petrol,Manual,2,1.34,15
Hyundai Xcent,28510,Petrol,Manual,1,3.0,9
Hyundai i10,220000,Petrol,Manual,2,2.18,9
Maruti Ritz,83870,Petrol,Manual,2,1.46,14
Maruti IGNIS,14720,Petrol,Auto,1,5.14,2
Tata Tiago,25060,Petrol,Manual,1,4.3,4
Maruti Alto 800,65129,Petrol,Manual,1,2.5,7
Ford Ecosport,83160,Petrol,Manual,1,3.94,8
Volkswagen Ameo,66770,Petrol,Manual,1,3.89,6
Hyundai Grand i10,52260,Petrol,Manual,2,2.65,10
Renault Duster,140000,Diesel,Manual,1,5.39,6
Renault Duster,130000,Diesel,Manual,1,2.5,10
Tata Manza,60510,Diesel,Manual,2,1.0,10
Renault TRIBER,51630,Petrol,Manual,1,5.5,5
Hyundai Verna,84850,Petrol,Manual,1,4.06,10
Ford Ecosport,150000,Diesel,Manual,3,3.05,11
Maruti Ciaz,25460,Petrol,Auto,1,7.0,2
Tata PUNCH,14450,Petrol,Manual,1,6.7,4
Maruti IGNIS,46040,Petrol,Manual,1,4.75,4
Honda WR-V,79360,Petrol,Manual,2,3.8,8
Ford Ecosport,130000,Diesel,Manual,3,3.17,8
KIA CARENS,26440,Petrol,Auto,1,15.0,3
Renault Kiger,80810,Petrol,Auto,1,5.5,4
Tata NEXON,2500,Petrol,Manual,1,9.3,1
Nissan Terrano,58510,Diesel,Manual,1,5.33,7
Hyundai Verna,75210,Diesel,Manual,2,7.26,6
Mahindra Bolero,83320,Diesel,Manual,3,3.72,7
Skoda SLAVIA,25400,Petrol,Manual,1,9.99,3
Maruti Baleno,30900,Petrol,Manual,1,5.38,6
BMW X5,140000,Diesel,Auto,3,11.0,10
Maruti Alto K10,17240,Petrol,Auto,1,4.5,2
Nissan MAGNITE,81260,Petrol,Manual,1,5.6,4
Nissan MAGNITE,34030,Petrol,Manual,1,5.6,5
Hyundai Xcent,29200,Petrol,Manual,1,4.02,6
Mahindra XUV500,120000,Diesel,Manual,3,4.0,10
Maruti New Wagon-R,34130,Petrol,Manual,1,4.6,2
Mahindra XUV500,150000,Diesel,Manual,1,11.5,5
Nissan Terrano,48630,Diesel,Manual,1,4.68,8
Tata NEXON,8840,Petrol,Auto,1,8.8,2
Mahindra XUV 3XO,1350,Petrol,Manual,1,13.6,1
Tata Harrier,61290,Diesel,Auto,3,12.0,5
Honda WR-V,11400,Petrol,Manual,1,6.5,5
Ford Ecosport,91510,Diesel,Manual,1,3.0,12
Tata Harrier,97420,Diesel,Auto,1,14.36,4
Tata Tiago,120000,Petrol,Manual,1,5.24,4
Maruti Swift,44130,Petrol,Auto,1,5.5,6
Hyundai Grand i10,88370,Petrol,Manual,1,4.08,5
Renault Kwid,26740,Petrol,Manual,1,3.15,5
Nissan MAGNITE,22300,Petrol,Auto,1,7.25,4
Mahindra MARAZZO,110000,Diesel,Manual,2,6.2,6
Renault Duster,38000,Petrol,Manual,1,6.7,5
Tata Harrier,45910,Diesel,Manual,1,10.34,5
Tata Safari,57840,Diesel,Manual,1,16.33,4
Hyundai Creta,180000,Diesel,Manual,1,5.85,8
Hyundai NEW SANTRO,18930,Petrol,Manual,1,5.0,3
Toyota Innova,190000,Diesel,Manual,1,3.93,12
CITROEN C3,45390,Petrol,Manual,1,5.6,3
Toyota Innova,409999,Diesel,Manual,2,4.4,10
KIA SELTOS,8470,Diesel,Manual,1,15.0,2
Tata Harrier,60110,Diesel,Auto,1,14.0,4
Mahindra XUV500,260000,Diesel,Manual,1,4.0,11
Tata Harrier,60540,Diesel,Manual,2,9.47,6
Toyota Innova,190000,Diesel,Manual,1,4.19,12
Tata NEXON EV,13920,Electric,Auto,1,13.7,3
Hyundai NEW I20 N LINE,9420,Petrol,Auto,1,9.29,4
Tata NEXON EV,63290,Electric,Auto,1,10.5,3
Hyundai i10,57860,Petrol,Manual,1,1.5,12
Hyundai Elite i20,61060,Diesel,Manual,6,2.91,10
Hyundai VENUE,120000,Diesel,Manual,1,8.5,3
Ford Figo Aspire,72210,Petrol,Manual,1,2.37,8
Tata PUNCH,12950,Petrol,Manual,1,5.3,3
Hyundai VENUE,39890,Diesel,Manual,1,6.5,6
Maruti Baleno,55480,Petrol,Manual,1,4.97,2
Honda City,100000,Diesel,Manual,3,5.06,8
Maruti Wagon R 1.0,57550,Petrol,Manual,1,2.19,10
Maruti Wagon R 1.0,51520,Petrol,Manual,2,1.72,12
Hyundai Eon,95000,Petrol,Manual,1,2.5,9
Honda City,140000,Diesel,Manual,2,3.5,9
Maruti Wagon R 1.0,77120,Petrol,Manual,1,2.25,12
Hyundai Elite i20,96700,Diesel,Manual,4,2.25,11
Maruti Grand Vitara,23330,Petrol,Manual,1,9.1,2
Honda Brio,47750,Petrol,Manual,3,1.45,12
Hyundai Grand i10,68820,Petrol,Manual,1,2.3,11
Hyundai GRAND I10 NIOS,75430,Petrol,Manual,1,3.98,5
Skoda Rapid,93680,Diesel,Manual,3,1.67,13
Hyundai i10,80460,Petrol,Manual,5,1.34,13
Mahindra XUV700,35600,Diesel,Manual,1,13.95,2
Hyundai Grand i10,59890,Diesel,Manual,2,2.73,10
Volkswagen Polo,110000,Petrol,Manual,2,1.5,15
Maruti Swift,58670,Petrol,Manual,1,2.15,14
Volkswagen Polo,120000,Petrol,Manual,1,2.2,12
Maruti Alto 800,82280,Petrol,Manual,3,2.0,7
Mahindra Bolero,110000,Diesel,Manual,2,2.35,11
Ford Ecosport,72900,Diesel,Manual,2,3.18,10
Volkswagen Vento,150000,Diesel,Manual,1,2.35,12
Maruti Celerio,31580,Diesel,Manual,1,2.39,10
Nissan Terrano,270000,Diesel,Manual,1,2.5,10
Hyundai Xcent,59710,Diesel,Manual,1,3.5,6
Toyota Innova Crysta,200000,Diesel,Manual,1,9.62,7
Renault Duster,74240,Diesel,Manual,3,1.55,12
Toyota Etios,54670,Petrol,Manual,2,1.32,15
Maruti Ritz,140000,Diesel,Manual,1,1.54,14
Maruti Ertiga,160000,Diesel,Manual,2,4.1,13
Tata TIAGO NRG,52300,Petrol,Manual,1,4.02,6
Nissan MAGNITE,6160,Petrol,Manual,1,5.37,2
Maruti Ritz,91390,Diesel,Manual,3,1.06,9
Tata Manza,77190,Diesel,Manual,2,1.0,15
Maruti Ritz,59750,Petrol,Manual,1,1.45,15
Tata NEXON,17310,Petrol,Manual,1,9.0,1
Maruti Swift Dzire,57550,Petrol,Manual,1,4.18,10
Mahindra MARAZZO,70460,Diesel,Manual,1,4.24,6
Hyundai i20,100000,Diesel,Manual,1,1.72,13
Toyota Etios,110000,Petrol,Manual,5,1.14,14
Maruti Swift Dzire,82200,Petrol,Manual,3,1.82,12
Tata NEXON,110000,Petrol,Manual,1,4.95,7
Renault TRIBER,6750,Petrol,Manual,1,5.3,4
Maruti Swift,96010,Petrol,Manual,1,3.96,8
Maruti Vitara Brezza,140000,Diesel,Manual,2,5.46,8
Hyundai Grand i10,73200,Petrol,Manual,2,3.0,8
Datsun Go Plus,62250,Petrol,Manual,1,1.96,9
Hyundai Santro Xing,65140,Petrol,Manual,1,1.49,14
Maruti Wagon R 1.0,78650,Petrol,Manual,4,1.42,14
Tata ALTROZ,54140,Petrol,Manual,1,5.5,4
Honda City,64769,Petrol,Manual,1,2.88,11
Maruti Ertiga,140000,Diesel,Manual,2,4.0,12
Mahindra XUV500,110000,Diesel,Manual,4,1.83,13
Honda City,85210,Petrol,Auto,1,3.8,11
Maruti Swift,61940,Petrol,Manual,2,3.4,10
Hyundai Creta,100000,Diesel,Manual,1,6.52,7
Hyundai GRAND I10 NIOS,5810,Petrol,Manual,1,6.04,1
Toyota URBAN CRUISER HYRYDER,42850,Petrol,Manual,1,9.5,3
Maruti Wagon R 1.0,56810,Petrol,Manual,1,2.59,11
Mahindra XUV500,200000,Diesel,Manual,1,3.12,13
Volkswagen Polo,100000,Petrol,Manual,2,1.71,15
Renault TRIBER,24110,Petrol,Manual,1,5.21,4
Hyundai Verna,93610,Diesel,Manual,1,2.67,12
Renault Kwid,22130,Petrol,Manual,1,4.2,1
Maruti Swift Dzire,150000,Diesel,Manual,5,1.0,14
Maruti Vitara Brezza,110000,Diesel,Manual,2,4.57,8
Tata NEXON,82510,Diesel,Manual,1,8.82,4
Maruti Wagon R 1.0,23350,Petrol,Manual,1,3.25,7
MG HECTOR,74190,Petrol,Manual,1,8.59,6
Tata Harrier,39800,Diesel,Manual,1,17.5,1
Maruti Ciaz,140000,Diesel,Manual,1,4.31,10
Maruti Celerio,68410,Petrol,Manual,1,4.73,3
Honda City,110000,Petrol,Manual,1,2.53,12
Hyundai VENUE,726,Petrol,Manual,1,8.5,3
Hyundai Eon,70950,Petrol,Manual,2,2.19,7
Maruti Baleno,29400,Petrol,Manual,1,4.56,6
Hyundai GRAND I10 NIOS,5870,Petrol,Manual,1,6.5,1
Renault Duster,72390,Diesel,Manual,1,5.5,6
Tata PUNCH,39050,Petrol,Manual,1,8.07,3
Maruti Swift,71850,Diesel,Manual,1,3.55,11
Maruti Wagon R 1.0,54090,Petrol,Manual,1,2.99,7
Maruti Celerio,76470,Petrol,Auto,1,3.0,10
Toyota YARIS,53620,Petrol,Auto,1,6.03,5
Renault Kwid,16110,Petrol,Manual,1,3.49,6
Toyota Innova,190000,Diesel,Manual,1,3.2,14
Renault Captur,100000,Petrol,Manual,1,3.1,7
Volkswagen Vento,130000,Diesel,Auto,1,5.29,9
Tata Harrier,75570,Diesel,Manual,1,12.2,4
Toyota Glanza,74470,Petrol,Manual,1,6.75,2
Maruti Baleno,87700,Petrol,Manual,1,4.53,7
Renault Kiger,27730,Petrol,Manual,1,5.6,3
Tata NEXON,26420,Petrol,Manual,1,11.5,1
Maruti JIMNY,15230,Petrol,Auto,2,11.03,2
Toyota Innova Crysta,150000,Diesel,Manual,2,10.62,8
KIA SONET,19260,Petrol,Manual,1,8.0,2
KIA SONET,24350,Diesel,Auto,1,11.35,2
Mahindra XUV500,120000,Diesel,Manual,1,4.48,13
Hyundai Verna,60550,Petrol,Manual,1,3.54,12
Maruti Vitara Brezza,150000,Diesel,Manual,1,5.42,8
Jeep Compass,240000,Diesel,Manual,1,7.2,7
Maruti Baleno,77740,Diesel,Manual,1,3.6,10
Tata NEXON,48290,Petrol,Manual,1,10.5,1
Hyundai Creta,110000,Diesel,Manual,1,7.77,7
Hyundai VENUE,79860,Diesel,Manual,2,7.2,4
Mahindra XUV700,48640,Petrol,Auto,1,17.39,3
Nissan MAGNITE,18900,Petrol,Manual,1,6.58,3
Mahindra TUV300,84000,Diesel,Manual,1,5.19,9
Maruti New Wagon-R,44960,Petrol,Manual,1,4.33,6
Hyundai ALCAZAR,11120,Diesel,Manual,1,14.31,1
Jeep Compass,70000,Diesel,Manual,1,9.3,7
KIA SELTOS,6770,Petrol,Manual,1,15.98,2
Maruti S PRESSO,11210,Petrol,Manual,1,3.95,4
Jeep Compass,13540,Diesel,Manual,1,9.5,6
Maruti New Wagon-R,63860,Petrol,Manual,1,5.0,3
Maruti Celerio,62950,Petrol,Manual,1,4.5,3
Hyundai Verna,120000,Diesel,Auto,2,9.5,5
Tata ALTROZ,52270,Diesel,Manual,1,7.85,3
Mahindra XUV300,160000,Diesel,Manual,1,5.91,6
Ford Ecosport,170000,Diesel,Manual,1,3.66,10
Tata Harrier,130000,Diesel,Manual,2,7.5,6
MG HECTOR,67080,Petrol,Auto,1,13.64,5
Tata TIGOR,49940,Petrol,Manual,1,3.4,7
Renault Duster,83880,Diesel,Manual,1,3.6,11
Toyota Innova,120000,Diesel,Manual,2,3.2,12
Maruti S PRESSO,20310,Petrol,Manual,1,4.0,5
Maruti Grand Vitara,39040,Petrol,Manual,1,11.42,2
Hyundai Xcent,22030,Petrol,Manual,1,4.5,5
Hyundai AURA,46460,Petrol,Manual,1,6.92,2
KIA SELTOS,98160,Diesel,Manual,1,10.5,6
Mahindra Kuv100,120000,Diesel,Manual,1,3.2,9
KIA SONET,4660,Petrol,Manual,1,9.0,2
Jeep Compass,100000,Diesel,Manual,1,12.5,6
Maruti S Cross,200000,Diesel,Manual,1,5.56,7
Mahindra SCORPIO CLASSIC,43590,Diesel,Manual,1,15.0,2
MG HECTOR PLUS,41430,Diesel,Manual,1,18.5,2
MG HECTOR,120000,Diesel,Manual,1,13.9,5
Tata Harrier,35000,Diesel,Auto,1,17.0,2
MG HECTOR,91140,Diesel,Manual,1,12.7,4
Tata Harrier,28970,Diesel,Manual,1,14.5,2
Maruti New Wagon-R,3080,Petrol,Manual,1,6.67,1
Tata Safari,120000,Diesel,Manual,1,14.0,4
Jeep Compass,95470,Diesel,Auto,2,12.5,5
Tata NEXON EV,34070,Electric,Auto,1,12.92,3
Renault Kwid,25780,Petrol,Manual,1,2.0,9
Volkswagen Polo,91770,Petrol,Manual,1,4.56,6
Renault Kwid,17990,Petrol,Manual,1,2.23,9
Honda Amaze,290000,Diesel,Manual,2,1.75,12
Maruti Swift,120000,Diesel,Manual,2,2.65,12
Maruti SX4,84060,Diesel,Manual,2,2.07,13
Renault Duster,160000,Diesel,Manual,2,2.28,11
Honda Amaze,140000,Diesel,Manual,3,2.18,12
Mahindra XUV500,130000,Diesel,Manual,1,7.67,10
Tata NEXON,62070,Diesel,Manual,1,9.0,3
Ford Figo Aspire,38800,Petrol,Manual,1,5.27,6
Hyundai i20 Active,130000,Petrol,Manual,1,5.64,7
Mahindra SCORPIO CLASSIC,28300,Diesel,Manual,1,13.65,1
Ford Figo Aspire,140000,Diesel,Manual,2,3.46,10
KIA SELTOS,64340,Petrol,Auto,1,10.55,6
Toyota Innova,229999,Diesel,Manual,1,7.0,11
Mahindra Scorpio,52180,Diesel,Manual,1,5.5,12
Mahindra ALTURAS G4,37120,Diesel,Auto,1,18.04,6
Hyundai i20,160000,Petrol,Manual,1,2.38,12
Maruti Swift Dzire,25900,Petrol,Manual,1,3.0,9
Maruti Swift Dzire,76940,Petrol,Manual,2,2.8,12
Maruti Swift,59830,Petrol,Manual,1,5.57,2
Hyundai Elite i20,34850,Petrol,Manual,1,4.8,8
Maruti Swift Dzire,90720,Diesel,Manual,4,2.87,10
Maruti New Wagon-R,130000,Petrol,Manual,1,4.0,6
Maruti New Wagon-R,91970,Petrol,Manual,2,4.54,4
Maruti Wagon R 1.0,130000,Petrol,Manual,2,1.5,13
Hyundai Grand i10,85320,Diesel,Manual,1,2.32,10
Nissan Micra Active,110000,Petrol,Manual,2,1.25,12
Ford Classic,250000,Diesel,Manual,3,1.42,11
Hyundai i20 Active,66320,Diesel,Manual,2,3.63,10
Honda Civic,77550,Petrol,Manual,3,1.4,14
Volkswagen Polo,100000,Petrol,Manual,2,1.3,15
Maruti Celerio,76870,Petrol,Manual,2,2.4,8
Maruti Wagon R 1.0,170000,Petrol,Manual,2,1.32,14
Ford Ecosport,87110,Diesel,Manual,1,4.56,8
Renault Kwid,78200,Petrol,Manual,3,1.49,8
Jeep Compass,120000,Diesel,Manual,1,6.5,6
Renault Kwid,91170,Petrol,Manual,3,2.0,7
Maruti Dzire,81890,Petrol,Auto,1,5.5,5
Hyundai Grand i10,63200,Petrol,Manual,3,3.0,7
Mahindra KUV 100 NXT,24150,Petrol,Manual,2,3.04,7
Honda City,140000,Petrol,Manual,2,1.5,15
Hyundai Verna,88030,Diesel,Manual,3,5.4,7
Maruti Ritz,84400,Petrol,Manual,2,1.15,15
Maruti Vitara Brezza,39750,Diesel,Manual,1,5.35,7
Honda Amaze,160000,Diesel,Manual,1,2.2,10
Tata Tiago,110000,Petrol,Manual,2,2.9,9
Fiat Linea,17820,Petrol,Manual,2,1.25,15
Tata Tiago,58050,Petrol,Manual,3,2.68,8
Maruti Swift,85130,Petrol,Manual,3,2.75,9
Maruti Swift,77140,Petrol,Manual,1,1.08,15
Maruti Wagon R 1.0,130000,Petrol,Manual,5,1.38,13
Maruti Wagon R 1.0,120000,Petrol,Manual,1,1.25,15
Maruti Wagon R 1.0,98300,Petrol,Manual,2,1.26,14
Maruti Dzire,120000,Diesel,Auto,1,5.42,7
Honda Amaze,77200,Petrol,Manual,3,3.1,8
Maruti New Wagon-R,8320,Petrol,Manual,1,5.22,3
Mahindra MARAZZO,150000,Diesel,Manual,1,5.5,7
Maruti Baleno,71400,Petrol,Manual,1,4.65,6
Hyundai Creta,81150,Diesel,Manual,1,9.08,5
Honda Amaze,15720,Petrol,Manual,1,6.9,2
Tata NEXON,83500,Diesel,Manual,1,10.5,2
Mahindra XUV500,72160,Diesel,Auto,1,11.0,6
Maruti Swift,96360,Petrol,Manual,2,3.99,9
Hyundai Creta,66370,Diesel,Manual,1,9.5,6
Nissan Kicks,69040,Diesel,Manual,3,6.07,6
Mahindra XUV500,86940,Diesel,Manual,1,8.0,6
Hyundai Verna,140000,Diesel,Manual,2,3.65,9
Hyundai AURA,70430,Petrol,Manual,2,6.61,3
Hyundai Creta,71380,Petrol,Manual,1,5.6,10
Renault Kiger,54720,Petrol,Auto,1,9.54,3
Hyundai AURA,37270,Petrol,Manual,1,6.5,2
CITROEN C3,6050,Petrol,Manual,1,7.0,2
Mahindra SCORPIO-N,12670,Diesel,Manual,1,16.5,1
Nissan Terrano,150000,Diesel,Manual,5,2.6,11
Maruti Vitara Brezza,50980,Petrol,Manual,1,5.79,5
Maruti Wagon R 1.0,110000,Petrol,Manual,1,1.4,15
Maruti Vitara Brezza,47670,Petrol,Manual,3,5.33,3
Renault Kwid,74850,Petrol,Manual,1,1.71,9
Honda Amaze,110000,Petrol,Manual,1,4.66,6
Maruti Swift Dzire,170000,Diesel,Manual,1,3.19,12
Hyundai i20,96380,Petrol,Manual,4,1.27,14
Maruti Wagon R 1.0,60570,Petrol,Manual,1,1.83,13
Renault Kwid,140000,Petrol,Auto,1,1.58,9
Honda Amaze,330000,Petrol,Manual,2,2.5,9
Maruti Alto 800,140000,Petrol,Manual,2,2.3,8
Ford Ecosport,170000,Petrol,Manual,1,1.95,12
Tata TIGOR,83510,Petrol,Manual,1,3.38,8
Hyundai Xcent,260000,Diesel,Manual,1,2.68,11
Hyundai Santro Xing,170000,Petrol,Manual,4,1.07,14
Hyundai Creta,140000,Diesel,Manual,1,5.5,8
Hyundai i20,150000,Petrol,Manual,3,1.2,15
Toyota Etios,100000,Diesel,Manual,2,2.74,10
Hyundai Elite i20,99520,Petrol,Manual,1,4.0,9
Hyundai Santro Xing,100000,Petrol,Manual,1,1.9,13
Hyundai i10,100000,Petrol,Manual,2,1.0,15
Mahindra TUV300,100000,Diesel,Manual,2,4.76,8
Maruti S PRESSO,93150,Petrol,Auto,1,2.8,5
Honda BR-V,110000,Diesel,Manual,2,4.83,9
Maruti Eeco,66650,Petrol,Manual,3,3.63,6
Toyota Corolla Altis,160000,Diesel,Manual,1,10.65,7
Jeep Compass,17750,Petrol,Manual,1,9.54,6
Renault Duster,86780,Diesel,Manual,3,2.77,11
Honda City,140000,Petrol,Manual,2,4.75,7
Tata NEXON,6830,Petrol,Manual,1,11.17,2
Hyundai NEW SANTRO,150000,Petrol,Manual,1,3.13,7
Ford Ecosport,120000,Diesel,Manual,2,4.32,10
MG HECTOR PLUS,93040,Diesel,Manual,1,16.77,4
Jeep Compass,120000,Diesel,Manual,1,10.2,7
Jeep Compass,37140,Petrol,Auto,2,15.96,5
Hyundai Creta,36780,Diesel,Manual,1,11.5,3
Hyundai Elite i20,100000,Petrol,Manual,1,4.25,7
Maruti Swift,85340,Diesel,Manual,3,3.8,10
Maruti S Cross,140000,Diesel,Manual,2,3.5,8
Maruti Ritz,190000,Diesel,Manual,1,1.21,15
Nissan MAGNITE,59190,Petrol,Manual,2,5.68,1
Maruti Ritz,190000,Diesel,Manual,1,1.4,14
Hyundai NEW I20,4730,Petrol,Manual,1,7.65,1
Maruti Wagon R 1.0,110000,Petrol,Manual,4,1.34,13
Hyundai Creta,44830,Petrol,Manual,2,8.76,3
Honda Jazz,160000,Diesel,Manual,1,3.35,9
Hyundai Elite i20,160000,Diesel,Manual,1,3.21,9
Maruti Swift Dzire,140000,Diesel,Manual,2,2.2,12
Tata Harrier,60920,Diesel,Manual,1,12.5,4
Hyundai Grand i10,100000,Petrol,Manual,3,2.63,10
Hyundai i10,49630,Petrol,Manual,2,1.75,12
Hyundai i20,390000,Diesel,Manual,4,1.76,12
Maruti Ertiga,210000,Diesel,Manual,1,3.63,12
Honda Brio,72300,Petrol,Manual,3,1.88,12
Nissan Micra,210000,Diesel,Manual,2,1.1,10
Ford FREESTYLE,110000,Diesel,Manual,1,3.65,7
Maruti BREZZA,37550,Petrol,Manual,1,7.5,2
Maruti Alto 800,140000,Petrol,Manual,2,1.94,9
Honda City,130000,Petrol,Auto,3,1.85,14
Hyundai i20,150000,Petrol,Manual,3,1.42,15
Honda Amaze,130000,Diesel,Manual,1,2.33,11
Maruti Swift Dzire,120000,Diesel,Manual,1,4.87,9
Honda Jazz,96340,Diesel,Manual,2,2.75,10
Honda BR-V,70480,Petrol,Auto,2,6.49,8
Tata NEXON,160000,Diesel,Manual,1,4.5,8
Hyundai Eon,100000,Petrol,Manual,4,1.35,9
Hyundai i10,98120,Petrol,Manual,2,1.13,12
Maruti Swift Dzire,240000,Diesel,Manual,1,1.22,15
Maruti Ritz,140000,Diesel,Manual,6,1.18,15
Hyundai i20,120000,Diesel,Manual,4,1.07,14
Hyundai Grand i10,890000,Diesel,Manual,1,2.84,9
Renault Kwid,99710,Petrol,Manual,1,1.93,7
Honda Amaze,130000,Diesel,Manual,2,1.92,12
Maruti Swift,98590,Diesel,Manual,5,2.84,10
Mahindra Scorpio,250000,Diesel,Manual,5,2.23,14
Honda City,130000,Diesel,Manual,4,2.38,11
Honda Civic,37250,Diesel,Manual,3,13.0,6
Hyundai i10,56670,Petrol,Manual,1,3.0,11
Maruti Swift Dzire,110000,Diesel,Manual,1,3.0,10
Hyundai i20,110000,Petrol,Manual,2,1.71,13
ISUZU D-Max V Cross,56940,Diesel,Manual,2,14.16,7
KIA SELTOS,150000,Diesel,Manual,1,7.0,6
Hyundai Verna,140000,Diesel,Manual,3,6.75,7
Hyundai Creta,220000,Diesel,Auto,2,5.99,10
Honda Amaze,120000,Petrol,Manual,1,4.44,6
Maruti Swift,78150,Petrol,Manual,3,1.36,15
Skoda Rapid,140000,Diesel,Manual,4,1.31,13
Hyundai Verna,130000,Diesel,Manual,2,4.4,10
Hyundai Elite i20,140000,Diesel,Manual,3,3.72,10
Ford Ecosport,110000,Diesel,Manual,4,2.19,12
Hyundai Grand i10,70400,Petrol,Manual,2,3.1,9
Maruti Ritz,120000,Petrol,Manual,2,1.67,13
Toyota Innova Crysta,210000,Diesel,Manual,3,14.07,7
Hyundai Grand i10,54620,Petrol,Manual,1,2.66,10
Tata NEXON,170000,Diesel,Manual,2,4.04,7
Hyundai Santro Xing,86900,Petrol,Manual,2,1.27,11
Honda Brio,180000,Petrol,Manual,2,1.2,13
Maruti Swift Dzire,160000,Diesel,Manual,3,1.7,13
Hyundai Creta,100000,Diesel,Manual,2,6.78,7
Hyundai Creta,49470,Petrol,Manual,1,7.27,6
Maruti Swift,120000,Petrol,Manual,3,1.95,14
Maruti Ertiga,130000,Diesel,Manual,4,2.5,13
Volkswagen Polo,150000,Diesel,Manual,3,1.45,13
KIA SONET,44930,Diesel,Manual,1,7.2,5
Tata Tiago,38930,Petrol,Manual,2,4.75,4
Tata Zest,210000,Petrol,Manual,1,1.7,9
Maruti Swift,140000,Diesel,Manual,4,2.0,13
Mahindra Thar,12860,Petrol,Manual,3,12.0,3
Ford Ecosport,140000,Diesel,Manual,2,3.47,9
Nissan Terrano,83700,Diesel,Manual,2,1.25,12
Maruti Alto K10,3810,Petrol,Manual,1,4.6,1
Toyota Corolla Altis,200000,Diesel,Manual,3,1.7,15
Datsun Redi Go,39620,Petrol,Manual,2,2.85,5
Maruti Swift,93090,Petrol,Manual,2,3.63,8
KIA SONET,10740,Petrol,Manual,1,9.99,1
Hyundai Verna,140000,Diesel,Manual,1,4.76,10
Hyundai Creta,210000,Diesel,Manual,1,6.24,7
Hyundai Verna,140000,Diesel,Manual,2,2.91,12
Maruti Eeco,40660,Petrol,Manual,1,4.75,3
Toyota Fortuner,280000,Diesel,Manual,2,11.33,10
Hyundai Verna,170000,Petrol,Auto,1,6.76,7
Hyundai Creta,100000,Petrol,Auto,1,11.0,5
Hyundai VENUE,18900,Petrol,Auto,1,9.65,3
Renault Duster,63590,Diesel,Manual,2,4.15,8
Renault Kiger,32110,Petrol,Manual,1,4.36,3
Mahindra XUV500,44690,Diesel,Manual,1,5.84,8
Hyundai Creta,130000,Diesel,Manual,2,7.15,8
Maruti Vitara Brezza,120000,Diesel,Manual,2,5.22,8
Renault Duster,99210,Diesel,Manual,2,4.25,8
Renault Duster,93710,Diesel,Manual,2,3.89,9
Hyundai GRAND I10 NIOS,9960,Petrol,Manual,1,5.1,3
Hyundai Elite i20,77250,Diesel,Manual,1,3.71,9
Nissan Terrano,120000,Diesel,Manual,3,3.56,10
Hyundai New Elantra,150000,Diesel,Auto,2,3.55,10
Hyundai Creta,110000,Diesel,Manual,2,9.0,5
Mahindra Bolero,100000,Diesel,Manual,2,6.19,6
Toyota Innova Crysta,229999,Diesel,Manual,1,9.5,9
Maruti Dzire,120000,Diesel,Auto,3,4.6,7
Maruti Ciaz,120000,Diesel,Manual,1,6.0,7
Skoda SLAVIA,21200,Petrol,Auto,1,13.89,3
Toyota Etios,280000,Diesel,Manual,1,3.29,9
Ford Ecosport,130000,Petrol,Manual,1,3.55,10
MG HECTOR PLUS,95290,Diesel,Manual,1,10.71,4
Tata Harrier,100000,Diesel,Manual,2,8.0,6
Hyundai Creta,200000,Diesel,Manual,2,5.45,8
Maruti Swift,50970,Petrol,Manual,2,4.7,6
Toyota Innova Crysta,150000,Diesel,Manual,1,12.58,8
Audi Q3,95140,Diesel,Manual,1,7.33,11
Maruti Ciaz,150000,Diesel,Manual,3,3.79,9
Toyota Innova Crysta,150000,Diesel,Auto,1,13.75,8
Toyota Innova Crysta,170000,Diesel,Auto,1,15.5,4
Maruti Baleno,140000,Diesel,Manual,4,3.16,10
KIA SONET,100000,Petrol,Manual,1,7.5,4
Renault Captur,75150,Diesel,Manual,1,5.0,7
Skoda KUSHAQ,18220,Petrol,Manual,1,12.5,3
Mahindra Scorpio,190000,Diesel,Manual,3,7.5,9
Skoda KUSHAQ,100000,Petrol,Manual,1,10.76,3
Audi Q7,90330,Diesel,Auto,2,7.58,15
Toyota Innova Crysta,140000,Diesel,Auto,3,9.5,9
Maruti Ertiga,95020,Diesel,Manual,1,7.5,6
Toyota Innova Crysta,140000,Diesel,Manual,1,14.46,4
Renault Koleos,63350,Diesel,Manual,1,4.5,11
Maruti Wagon R 1.0,37920,Petrol,Manual,2,2.07,13
Tata Tiago,140000,Petrol,Manual,1,3.5,7
Hyundai Verna,120000,Diesel,Auto,3,2.36,12
Maruti Baleno,10580,Petrol,Manual,1,5.5,4
Maruti Celerio,110000,Petrol,Auto,2,3.54,11
Hyundai Elite i20,41160,Petrol,Manual,3,3.58,10
Hyundai VENUE,32250,Petrol,Manual,1,8.6,3
Mahindra KUV 100 NXT,82410,Diesel,Manual,1,5.42,7
Mahindra XUV300,67060,Diesel,Manual,1,8.7,4
Tata Tiago,37380,Petrol,Auto,1,6.26,4
Tata Bolt,93250,Petrol,Manual,1,2.5,10
Maruti Ertiga,180000,Diesel,Manual,2,6.97,11
Hyundai i20,97050,Diesel,Manual,4,2.15,13
Toyota YARIS,53650,Petrol,Manual,3,4.5,7
Chevrolet Beat,100000,Petrol,Manual,3,1.97,14
Skoda Superb,110000,Petrol,Manual,3,1.95,15
Honda City,120000,Petrol,Auto,3,2.32,15
Ford Ecosport,150000,Diesel,Manual,1,6.0,8
Hyundai i20,77190,Diesel,Manual,3,3.17,13
Ford Ecosport,100000,Petrol,Manual,2,4.95,10
Jeep Compass,39520,Petrol,Manual,2,9.75,6
Mercedes Benz GLA Class,90240,Diesel,Auto,1,17.0,8
Maruti Swift Dzire,63730,Petrol,Manual,5,1.29,15
Datsun Go Plus,74750,Petrol,Manual,1,1.87,10
Maruti Vitara Brezza,110000,Diesel,Manual,1,6.26,8
Maruti Wagon R 1.0,15070,Petrol,Manual,1,3.2,8
Hyundai i10,47620,Petrol,Manual,2,1.47,13
Maruti Alto 800,48010,Petrol,Manual,2,1.99,11
Mahindra XUV500,70300,Diesel,Manual,3,4.37,10
Hyundai Creta,79390,Petrol,Manual,1,4.25,9
Hyundai Xcent,250000,Diesel,Manual,1,3.38,9
Renault Kwid,33220,Petrol,Manual,1,3.83,4
Maruti Baleno,34910,Petrol,Manual,2,4.29,6
Maruti Swift,83270,Petrol,Manual,1,2.5,12
Maruti Baleno,12350,Petrol,Manual,1,5.65,2
Datsun Redi Go,17460,Petrol,Manual,1,1.4,9
Honda City,19700,Petrol,Auto,1,10.0,3
Hyundai Xcent,59400,Diesel,Manual,1,2.0,10
Maruti Swift,39920,Petrol,Manual,1,3.15,10
Hyundai Grand i10,36350,Diesel,Manual,2,2.75,11
Hyundai Xcent,87610,Petrol,Manual,1,2.5,10
Hyundai i10,44780,Petrol,Manual,1,1.0,15
Renault Duster,76590,Diesel,Manual,2,2.41,10
Hyundai i10,64540,Petrol,Manual,2,2.0,12
Nissan Micra Active,47640,Petrol,Manual,1,1.99,9
Hyundai NEW I20,18770,Petrol,Manual,1,5.49,3
Mercedes Benz C Class,69710,Diesel,Auto,2,13.1,9
Hyundai i20,96120,Diesel,Manual,3,2.67,11
Renault Kwid,77880,Petrol,Manual,2,2.4,8
Mahindra Verito,82520,Diesel,Manual,1,1.4,12
Maruti Wagon R 1.0,22670,Petrol,Manual,1,2.0,11
Datsun Go Plus,39830,Petrol,Manual,1,2.3,9
Honda Amaze,71770,Petrol,Manual,2,2.6,9
Maruti Baleno,69540,Petrol,Manual,1,4.55,8
Datsun Redi Go,19700,Petrol,Manual,2,2.1,5
Nissan Micra Active,31270,Petrol,Manual,3,2.5,11
Datsun Go Plus,50790,Petrol,Manual,2,3.0,6
Volkswagen Polo,66850,Petrol,Manual,4,2.73,11
Ford Ecosport,140000,Diesel,Manual,1,3.61,9
Maruti Ritz,74310,Diesel,Manual,2,1.1,15
Audi A4,65930,Diesel,Auto,2,5.0,14
Renault Kwid,190000,Petrol,Auto,2,3.3,6
Maruti Baleno,13840,Petrol,Manual,1,6.07,4
Renault Duster,100000,Diesel,Manual,3,2.03,13
Maruti IGNIS,37300,Petrol,Manual,1,5.31,3
Maruti Ertiga,73010,Petrol,Manual,1,7.49,4
Honda City,54140,Petrol,Manual,1,8.49,4
Nissan MAGNITE,23500,Petrol,Manual,1,7.55,5
Maruti Ertiga,91680,Diesel,Manual,1,3.79,11
Maruti S PRESSO,44770,Petrol,Manual,2,3.35,4
KIA SELTOS,11920,Petrol,Manual,1,8.75,4
Ford Ecosport,43400,Petrol,Manual,4,4.51,7
Maruti Vitara Brezza,110000,Diesel,Manual,1,4.5,8
Jeep Compass,54200,Diesel,Manual,1,7.5,8
Volkswagen TAIGUN,41260,Petrol,Auto,1,14.66,4
Maruti Celerio,28350,Petrol,Auto,2,3.5,6
Hyundai GRAND I10 NIOS,13640,Petrol,Auto,1,5.6,6
KIA SONET,62620,Petrol,Manual,1,8.0,4
Hyundai VENUE,15930,Petrol,Manual,1,7.3,4
Maruti Dzire,55600,Petrol,Manual,1,5.0,8
MG HECTOR,110000,Diesel,Manual,1,11.5,3
Toyota Innova Crysta,49450,Diesel,Manual,1,14.0,8
Hyundai NEW I20,15620,Petrol,Manual,1,8.5,2
Hyundai VENUE,1280,Petrol,Manual,1,10.0,2
Maruti Baleno,17770,Petrol,Manual,1,7.5,2
BMW 5 Series,54820,Diesel,Auto,3,13.5,10
BMW X1,77550,Diesel,Auto,2,12.5,9
Mahindra MARAZZO,57960,Diesel,Manual,1,7.5,7
Ford Ecosport,38650,Petrol,Manual,2,5.65,7
Maruti Ciaz,32220,Petrol,Manual,2,6.4,5
MG ZS EV,5010,Electric,Auto,1,16.94,2
Renault Duster,120000,Diesel,Manual,1,2.65,10
Hyundai Tucson,57300,Diesel,Auto,2,6.5,8
Mahindra Thar,44200,Petrol,Manual,1,7.0,4
Mitsubishi Pajero Sport,830000,Diesel,Auto,1,5.47,10
Renault Captur,52190,Diesel,Manual,1,4.1,7
Renault Kwid,70650,Petrol,Manual,3,1.31,9
Maruti Wagon R 1.0,53060,Petrol,Manual,1,2.3,12
Hyundai i20,84970,Petrol,Manual,2,1.99,12
Maruti Wagon R 1.0,60630,Petrol,Manual,3,2.1,12
Maruti Alto K10,62720,Petrol,Manual,1,1.5,12
Hyundai Grand i10,52080,Petrol,Manual,2,3.47,8
Honda City,250000,Petrol,Manual,2,2.57,13
Honda Amaze,33060,Petrol,Manual,1,5.75,3
Hyundai i10,37790,Petrol,Manual,2,1.68,14
Maruti Alto 800,38860,Petrol,Manual,2,1.34,12
Honda City,83640,Diesel,Manual,3,3.5,11
Maruti Alto K10,53430,Petrol,Manual,2,1.4,15
Tata Nano,17230,Petrol,Manual,1,1.26,10
Hyundai i20,130000,Petrol,Manual,3,1.21,15
Hyundai Grand i10,13380,Petrol,Manual,1,3.59,8
Maruti Swift Dzire,74220,Diesel,Manual,5,1.2,14
Mahindra Xylo,150000,Diesel,Manual,4,1.29,15
Hyundai Elite i20,60400,Petrol,Manual,1,4.4,9
Hyundai Santro Xing,120000,Petrol,Manual,2,1.31,14
Maruti Wagon R 1.0,200000,Petrol,Manual,1,2.17,9
Maruti Swift Dzire,86430,Petrol,Manual,1,1.22,15
Skoda Rapid,37270000,Diesel,Auto,2,3.0,10
Hyundai i20,120000,Petrol,Manual,4,1.25,15
Hyundai Xcent,71700,Diesel,Manual,2,2.0,9
Maruti Swift,69100,Petrol,Manual,1,3.2,13
Maruti Wagon R 1.0,140000,Petrol,Manual,2,1.62,14
Maruti A Star,83220,Petrol,Manual,2,1.52,14
Maruti Alto K10,73380,Petrol,Manual,1,1.38,13
Skoda Rapid,41190,Petrol,Manual,2,6.5,4
Maruti Baleno,120000,Petrol,Manual,1,4.63,8
Maruti Swift Dzire,56300,Petrol,Manual,1,3.65,10
Maruti Ritz,60660,Petrol,Manual,3,1.19,15
Hyundai Eon,38870,Petrol,Manual,1,1.8,12
Renault TRIBER,24310,Petrol,Manual,2,4.1,6
Chevrolet Sail UVA,68720,Diesel,Manual,2,1.0,11
Maruti Dzire,87850,Petrol,Manual,1,5.29,4
Ford Ecosport,25890,Petrol,Manual,1,5.5,6
Honda WR-V,100000,Petrol,Manual,1,4.34,8
Maruti Alto K10,28310,Petrol,Manual,1,1.63,14
Hyundai Verna,96550,Diesel,Manual,2,2.8,13
Maruti Wagon R 1.0,39680,Petrol,Manual,2,2.37,9
Hyundai AURA,21540,Petrol,Manual,1,5.04,4
Hyundai NEW I20,56250,Petrol,Manual,1,6.47,4
Maruti New Wagon-R,8440,Petrol,Manual,2,4.55,4
Hyundai i20,44210,Petrol,Manual,3,1.4,15
Skoda Rapid,40000,Petrol,Manual,2,6.38,5
Mahindra Bolero,98240,Diesel,Manual,1,2.45,13
Renault TRIBER,100000,Petrol,Manual,1,4.75,5
Maruti Swift Dzire,100000,Diesel,Manual,2,2.8,8
Hyundai NEW SANTRO,37390,Petrol,Manual,1,3.45,7
Hyundai Verna,43630,Petrol,Manual,1,13.56,1
Ford Ecosport,82190,Diesel,Manual,1,4.1,8
Maruti Baleno,12820,Petrol,Manual,1,7.36,1
Honda Amaze,39080,Petrol,Manual,2,2.6,11
Toyota Etios Liva,12490,Petrol,Manual,1,2.4,11
Maruti S PRESSO,58060,Petrol,Manual,1,3.8,3
Honda WR-V,80150,Petrol,Manual,1,4.47,8
KIA CARENS,140000,Diesel,Manual,1,10.5,2
Honda Amaze,76000,Petrol,Auto,1,3.6,8
Honda Amaze,41860,Petrol,Manual,1,2.65,12
Ford Ecosport,150000,Diesel,Manual,3,2.8,11
Hyundai Creta,170000,Diesel,Manual,1,7.09,6
Hyundai Grand i10,25960,Petrol,Manual,1,3.4,10
Maruti Swift,76450,Diesel,Manual,1,3.36,11
Ssangyong Rexton,87980,Diesel,Auto,3,3.2,12
Hyundai Grand i10,38140,Petrol,Manual,2,3.59,9
Mahindra Thar,4000,Petrol,Auto,1,12.5,1
Ford Endeavour,130000,Diesel,Manual,3,3.55,15
Renault TRIBER,2230,Petrol,Manual,1,7.4,1
BMW X3,200000,Diesel,Auto,3,4.71,14
Honda Amaze,34650,Petrol,Manual,2,6.99,2
Hyundai VENUE,29690,Diesel,Manual,1,11.21,2
Renault Duster,48300,Petrol,Manual,1,3.29,9
Honda WR-V,57310,Petrol,Manual,1,7.0,4
Honda Brio,35150,Petrol,Manual,1,2.99,12
Toyota Innova Crysta,170000,Diesel,Manual,1,14.11,8
Toyota YARIS,58900,Petrol,Manual,1,6.0,6
Mahindra XUV500,220000,Diesel,Manual,2,2.67,13
Maruti Vitara Brezza,100000,Petrol,Manual,1,6.9,5
Tata Harrier,33780,Diesel,Manual,1,13.5,5
Skoda Octavia,140000,Diesel,Auto,1,4.3,12
Hyundai NEW I20,26920,Petrol,Manual,1,7.06,4
Maruti XL6,21930,Petrol,Auto,1,12.15,3
Toyota Innova,120000,Diesel,Manual,3,3.29,12
Toyota Innova Crysta,170000,Diesel,Manual,1,11.5,9
Toyota URBAN CRUISER,87920,Petrol,Manual,1,7.0,4
Chevrolet Cruze,140000,Diesel,Manual,2,3.5,11
Maruti Baleno,5250,Petrol,Auto,1,8.21,3
KIA SONET,16400,Diesel,Manual,1,9.0,2
Hyundai Eon,32770,Petrol,Manual,1,2.72,7
KIA SONET,1570,Diesel,Manual,1,11.5,1
Jeep Compass,44920,Diesel,Manual,1,10.0,7
Maruti Dzire,37640,Petrol,Auto,1,7.09,2
Maruti BREZZA,22450,Petrol,Manual,1,10.71,1
MG HECTOR,83720,Petrol,Manual,1,9.23,4
Mahindra XUV300,17870,Petrol,Manual,1,8.0,3
Tata Harrier,45060,Diesel,Manual,1,17.02,3
KIA SONET,52880,Diesel,Auto,1,9.26,4
Hyundai Verna,10000,Petrol,Manual,1,13.3,2
Renault Duster,86270,Diesel,Manual,1,3.59,11
Renault Kwid,52220,Petrol,Manual,2,3.5,4
Maruti Grand Vitara,2440,Petrol,Auto,1,16.95,0
Maruti Vitara Brezza,95740,Diesel,Auto,1,6.06,7
Honda Amaze,70670,Diesel,Manual,1,9.5,4
Mahindra XUV300,19910,Diesel,Manual,1,8.59,2
Tata ALTROZ,43730,Diesel,Manual,1,8.37,3
Hyundai Verna,36100,Petrol,Manual,1,9.1,5
Renault Captur,34750,Diesel,Manual,1,6.4,7
KIA SELTOS,91370,Diesel,Auto,1,12.0,5
Mahindra SCORPIO CLASSIC,30610,Diesel,Manual,1,16.97,2
Hyundai Creta,140000,Diesel,Manual,1,7.14,10
CITROEN C3 AIRCROSS,7270,Petrol,Manual,1,9.5,2
Tata NEXON EV,15690,Electric,Auto,1,13.5,3
Maruti S Cross,44800,Petrol,Manual,1,7.42,3
Skoda Superb,80700,Petrol,Auto,1,16.95,7
Maruti S Cross,49570,Petrol,Manual,1,7.5,4
Toyota Innova Crysta,83490,Diesel,Manual,1,15.68,6
Tata Harrier,93210,Diesel,Manual,1,14.75,3
Hyundai NEW I20,40940,Petrol,Manual,1,6.34,3
Jeep Compass,81900,Diesel,Manual,1,10.5,7
ISUZU MU-X,110000,Diesel,Auto,1,13.5,7
KIA SELTOS,82330,Diesel,Auto,2,14.0,4
Hyundai Verna,77150,Diesel,Manual,3,2.56,14
Ford Figo Aspire,58390,Diesel,Manual,2,3.46,10
Honda Amaze,71990,Diesel,Manual,2,2.34,11
Hyundai Verna,130000,Diesel,Manual,2,2.56,11
Datsun Redi Go,47490,Petrol,Manual,2,1.57,8
Hyundai i20,89340,Petrol,Manual,2,1.15,15
Volkswagen VIRTUS,83060,Petrol,Auto,1,12.0,2
Maruti Swift,42460,Petrol,Manual,1,4.6,5
Hyundai Grand i10,94890,Diesel,Manual,2,2.91,8
Hyundai i20,90330,Petrol,Manual,3,2.29,12
Hyundai i20,73790,Petrol,Manual,2,2.5,15
Honda Brio,79180,Petrol,Manual,1,2.7,10
Nissan Micra,130000,Diesel,Manual,2,1.53,15
Volkswagen Vento,68970,Petrol,Manual,3,1.27,14
Hyundai VENUE,70530,Diesel,Manual,1,6.42,6
Ford Fiesta,94930,Diesel,Manual,2,1.8,14
Hyundai i20,81490,Petrol,Manual,1,1.75,14
Hyundai i20,51800,Petrol,Manual,2,1.0,15
Maruti Baleno,21990,Petrol,Manual,1,5.96,2
Ford Figo,110000,Diesel,Manual,1,1.35,12
Maruti Swift Dzire,53500,Petrol,Manual,1,4.7,10
Ford Ecosport,110000,Diesel,Manual,4,2.74,11
Datsun Redi Go,28730,Petrol,Manual,1,2.23,7
Maruti S Cross,110000,Diesel,Manual,2,5.43,8
Maruti Ciaz,76920,Diesel,Manual,3,3.71,10
Toyota Innova Crysta,229999,Diesel,Manual,1,15.5,7
Hyundai Creta,81080,Diesel,Manual,3,7.0,6
Hyundai i20,76460,Diesel,Manual,4,1.7,13
Mahindra XUV500,100000,Diesel,Manual,1,8.49,8
Maruti Alto K10,58280,Petrol,Manual,2,3.0,10
Maruti SX4,150000,Petrol,Manual,2,1.22,14
Maruti Swift Dzire,150000,Diesel,Manual,1,1.5,15
Honda Accord,220000,Petrol,Auto,1,3.75,12
Hyundai i20,88490,Petrol,Manual,2,1.74,15
Honda Amaze,42080,Petrol,Manual,1,5.37,3
Ford Figo,120000,Diesel,Manual,2,1.27,13
Tata ALTROZ,20610,Petrol,Manual,1,6.0,3
Honda City,190000,Diesel,Manual,1,4.54,9
Maruti Dzire,49900,Petrol,Manual,1,5.2,8
Hyundai GRAND I10 NIOS,42780,Petrol,Manual,1,6.19,2
Toyota Innova Crysta,170000,Diesel,Auto,1,18.5,7
Hyundai GRAND I10 NIOS,6630,Petrol,Manual,1,6.0,1
Hyundai Grand i10,44190,Petrol,Manual,2,2.96,9
Maruti Swift,41800,Petrol,Manual,1,6.5,3
Maruti Baleno,19180,Petrol,Manual,1,5.95,2
KIA SONET,23700,Petrol,Manual,1,8.01,4
Hyundai Grand i10,21040,Petrol,Manual,1,4.12,10
Honda WR-V,7870,Petrol,Manual,1,8.0,3
Tata Tiago,60650,Petrol,Manual,1,5.14,4
Maruti Ertiga,74510,Diesel,Manual,2,3.8,13
Maruti Baleno,92320,Diesel,Manual,2,4.0,9
Toyota Innova,140000,Diesel,Manual,3,3.2,14
Toyota Fortuner,150000,Diesel,Auto,3,9.5,12
Tata NEXON,63560,Petrol,Manual,1,7.57,4
Hyundai GRAND I10 NIOS,68450,Petrol,Manual,1,6.33,2
KIA SELTOS,120000,Diesel,Manual,1,8.25,4
Ford Ecosport,76070,Diesel,Manual,1,5.5,7
Maruti Grand Vitara,93630,Petrol,Manual,1,8.85,3
Maruti Ertiga,76960,Diesel,Manual,2,4.43,13
Toyota Fortuner,160000,Diesel,Manual,1,6.42,15
Maruti Dzire,77950,Diesel,Manual,3,5.0,7
Chevrolet Cruze,53610,Diesel,Manual,1,4.14,11
Toyota Fortuner,89930,Diesel,Manual,2,7.74,15
Hyundai Creta,57090,Petrol,Auto,2,14.14,4
Volkswagen Vento,79590,Petrol,Manual,1,7.0,5
Tata Tiago,9810,Petrol,Auto,1,6.28,1
Mercedes Benz E Class,75230,Diesel,Auto,3,11.01,10
Toyota Fortuner,140000,Diesel,Manual,3,11.42,11
MG HECTOR,50190,Petrol,Auto,1,10.0,5
KIA SONET,34940,Diesel,Auto,1,11.46,2
Chevrolet Cruze,170000,Diesel,Auto,1,4.5,11
Skoda Octavia,90100,Diesel,Manual,2,5.98,10
Toyota Innova Crysta,340000,Diesel,Manual,1,10.0,8
Tata PUNCH,24760,Petrol,Manual,1,6.3,3
Mahindra XUV500,98660,Diesel,Manual,3,5.53,9
MG HECTOR,11680,Petrol,Auto,1,18.0,2
Toyota Innova,140000,Diesel,Manual,2,7.5,10
Honda City,61340,Petrol,Manual,1,10.88,3
Honda City,65400,Petrol,Manual,1,11.0,3
Tata Harrier,140000,Diesel,Manual,2,10.5,6
Hyundai Creta,180000,Diesel,Auto,1,9.94,6
Volkswagen TAIGUN,85340,Petrol,Auto,1,14.18,3
Toyota Fortuner,110000,Diesel,Auto,2,13.5,10
Mahindra Thar,52640,Diesel,Auto,1,11.0,5
Hyundai i10,65700,Petrol,Manual,3,1.4,15
Tata ALTROZ,70050,Diesel,Manual,1,8.24,5
Renault Kwid,60960,Petrol,Manual,1,2.85,4
Honda Amaze,65340,Diesel,Manual,1,6.35,7
Hyundai Eon,52830,Petrol,Manual,1,2.85,11
Hyundai Grand i10,120000,Petrol,Manual,1,3.2,12
Renault Scala,250000,Diesel,Manual,2,2.71,12
Ford Figo,110000,Diesel,Manual,5,1.2,14
Honda City,110000,Diesel,Manual,2,4.0,11
Tata Tiago,41300,Petrol,Manual,1,4.55,7
Hyundai i10,62330,Petrol,Manual,2,2.65,12
Maruti Ertiga,95100,Diesel,Manual,2,9.95,6
Hyundai AURA,51000,Petrol,Manual,1,6.45,5
Skoda Rapid,190000,Diesel,Manual,3,3.12,12
Maruti Ciaz,94700,Diesel,Manual,1,6.79,10
Honda Amaze,33500,Petrol,Manual,1,8.25,1
Mahindra XUV500,140000,Diesel,Manual,4,3.8,12
Honda Mobilio,120000,Diesel,Manual,2,5.6,11
Honda City,48400,Petrol,Auto,1,11.01,3
Mahindra SCORPIO-N,79960,Diesel,Manual,1,18.5,2
Maruti S PRESSO,75000,Petrol,Manual,1,4.55,6
Tata NEXON EV,44090,Electric,Auto,1,10.55,3
Hyundai VENUE,43700,Petrol,Manual,3,6.99,3
Maruti Swift Dzire,190000,Diesel,Manual,4,2.5,11
Mahindra Scorpio,200000,Diesel,Manual,4,2.6,15
Renault Kwid,62490,Petrol,Manual,3,2.79,9
Volkswagen Polo,53790,Petrol,Manual,1,2.75,11
Toyota Etios,130000,Petrol,Manual,1,2.84,14
Ssangyong Rexton,96030,Diesel,Auto,2,4.37,11
Maruti Ertiga,130000,Petrol,Manual,3,4.5,10
Maruti Wagon R 1.0,98600,Petrol,Manual,1,3.37,9
Maruti Wagon R 1.0,180000,Petrol,Manual,6,1.72,14
Maruti S Cross,150000,Diesel,Manual,2,7.0,8
Hyundai Verna,81960,Petrol,Auto,1,8.5,4
Maruti Alto 800,47690,Petrol,Manual,2,2.5,11
Hyundai Creta,260000,Diesel,Manual,2,7.5,10
Maruti Ertiga,150000,Petrol,Manual,5,2.5,13
Honda City,140000,Diesel,Manual,1,4.05,10
Maruti Ciaz,150000,Diesel,Manual,3,3.52,10
Maruti Eeco,180000,Petrol,Manual,6,3.1,13
Renault TRIBER,60500,Petrol,Manual,2,6.0,3
Honda City,130000,Petrol,Manual,2,4.25,10
Toyota Etios Liva,150000,Diesel,Manual,2,3.63,13
Maruti Swift Dzire,72660,Petrol,Manual,2,3.75,13
Tata NEXON,83850,Diesel,Manual,1,13.84,2
Honda City,150000,Petrol,Manual,3,2.5,14
Maruti Dzire,97540,Diesel,Auto,1,7.5,7
Hyundai Xcent,87720,Diesel,Manual,2,4.68,8
Mahindra XUV500,180000,Diesel,Manual,6,2.5,14
KIA SELTOS,39300,Petrol,Manual,2,16.95,4
Hyundai VENUE,41480,Petrol,Manual,2,9.46,5
Honda WR-V,62060,Petrol,Manual,3,7.0,7
Maruti Vitara Brezza,120000,Diesel,Manual,2,6.2,9
Nissan Kicks,170000,Diesel,Manual,1,14.05,6
MG HECTOR,100000,Petrol,Auto,1,13.0,6
Tata NEXON EV,46530,Electric,Auto,1,12.5,3
Tata Safari,77350,Diesel,Auto,1,18.5,4
Tata PUNCH EV,20000,Electric,Auto,1,10.5,1
Maruti IGNIS,43390,Petrol,Manual,1,3.73,5
Ford Ecosport,40630,Diesel,Manual,2,3.71,9
Hyundai Santro Xing,83780,Petrol,Manual,1,1.87,12
Tata NEXON,50500,Petrol,Manual,1,5.25,5
Maruti Alto K10,49290,Petrol,Manual,2,1.42,15
Volkswagen Passat,150000,Diesel,Auto,5,2.12,14
Maruti Swift Dzire,76230,Petrol,Manual,1,4.07,9
Tata ALTROZ,26970,Petrol,Manual,1,5.57,5
Hyundai Creta,120000,Petrol,Manual,1,6.29,9
Tata Tiago,84880,Petrol,Manual,1,3.21,8
Maruti Swift Dzire,47220,Petrol,Manual,1,3.89,10
Chevrolet Spark,74410,Petrol,Manual,2,1.21,14
Hyundai Verna,100000,Diesel,Auto,1,4.56,9
Honda City,31560,Petrol,Manual,2,7.25,4
MG HECTOR,48000,Diesel,Manual,1,13.5,3
Toyota Fortuner,130000,Diesel,Auto,2,9.69,12
Nissan Sunny,100000,Petrol,Manual,3,1.38,13
Maruti Dzire,86430,Petrol,Manual,2,3.35,7
Hyundai i20,85620,Diesel,Manual,3,2.13,11
Skoda KUSHAQ,22880,Petrol,Manual,1,13.46,3
Volkswagen Polo,110000,Diesel,Manual,3,2.41,11
Maruti Alto 800,94900,Petrol,Manual,3,1.52,12
Ford Ecosport,100000,Diesel,Manual,4,2.99,11
Hyundai i20,90420,Diesel,Manual,3,2.19,11
Hyundai Grand i10,80780,Petrol,Auto,3,2.49,11
Maruti Wagon R 1.0,87070,Petrol,Manual,2,2.99,8
Renault TRIBER,110000,Petrol,Manual,3,3.0,5
Mahindra Kuv100,180000,Petrol,Manual,3,2.15,9
Volkswagen Polo,98850,Petrol,Manual,4,1.42,13
Maruti Baleno,120000,Petrol,Auto,3,3.71,8
Maruti Alto K10,110000,Petrol,Manual,3,1.7,9
Maruti Alto K10,12470,Petrol,Manual,1,4.5,2
Volkswagen Vento,100000,Diesel,Manual,1,4.0,10
Hyundai Creta,120000,Petrol,Manual,1,7.39,8
Volkswagen Polo,93720,Petrol,Manual,3,2.49,10
Tata TIGOR,51250,Petrol,Manual,1,6.4,3
Renault Duster,52480,Diesel,Manual,2,4.14,8
Renault TRIBER,82480,Petrol,Manual,1,5.14,3
Maruti Wagon R 1.0,110000,Petrol,Manual,4,1.32,14
Datsun Redi Go,130000,Petrol,Manual,2,1.44,7
Maruti XL6,110000,Petrol,Auto,2,7.97,5
Tata Tiago,35200,Petrol,Manual,2,5.84,3
Hyundai Creta,100000,Diesel,Auto,3,9.75,5
Maruti Ciaz,25340,Petrol,Auto,1,9.19,3
Mini Cooper Countryman,53430,Diesel,Auto,2,10.5,12
Tata Tiago,45250,Petrol,Manual,1,5.14,5
Maruti Ertiga,120000,Petrol,Manual,3,3.68,13
Hyundai Verna,170000,Diesel,Manual,3,3.17,11
Maruti Ertiga,120000,Diesel,Manual,2,5.32,7
Maruti Eeco,83060,Petrol,Manual,1,4.59,4
Audi Q5,130000,Diesel,Auto,4,4.8,13
BMW 5 Series,180000,Diesel,Auto,2,5.5,15
Mahindra XUV300,19710,Petrol,Manual,1,10.51,2
Mercedes Benz Ml Class,86000,Diesel,Auto,3,5.5,14
Mahindra XUV300,100000,Diesel,Auto,2,10.0,4
Honda Amaze,55800,Petrol,Manual,1,5.75,5
Toyota Etios,76790,Diesel,Manual,2,2.31,13
Hyundai Eon,28920,Petrol,Manual,1,1.8,13
Honda Amaze,150000,Diesel,Manual,1,2.74,12
Volkswagen Jetta,84010,Diesel,Manual,2,2.3,12
Hyundai Eon,93840,Petrol,Manual,1,2.0,8
Toyota Etios,75730,Diesel,Manual,3,1.6,13
Tata NEXON,14360,Petrol,Manual,1,6.97,4
Maruti Swift,52660,Diesel,Auto,1,4.2,7
Hyundai i10,72040,Petrol,Manual,3,1.44,15
Tata Manza,82630,Diesel,Manual,2,1.8,14
KIA CARENS,12560,Petrol,Manual,1,13.0,3
Renault Kwid,52510,Petrol,Manual,3,2.5,8
Nissan Sunny,73550,Diesel,Manual,1,1.28,13
Toyota Etios Liva,63440,Petrol,Manual,2,2.86,14
Hyundai i10,17540,Petrol,Manual,1,2.44,12
Hyundai GRAND I10 NIOS,35240,Petrol,Manual,1,5.14,5
Nissan Micra,90310,Diesel,Manual,3,1.63,12
Hyundai Eon,54420,Petrol,Manual,1,1.79,13
Nissan Terrano,240000,Diesel,Manual,1,3.75,8
Maruti Swift,72800,Petrol,Manual,1,2.8,13
Honda Amaze,459999,Petrol,Manual,1,5.3,6
Renault Lodgy,30500,Diesel,Manual,1,3.8,10
Maruti Swift Dzire,42490,Diesel,Manual,3,1.37,14
Maruti IGNIS,21850,Petrol,Manual,1,5.0,3
Honda City,67650,Petrol,Manual,1,6.37,9
Hyundai AURA,180000,Petrol,Manual,1,6.0,3
Hyundai Elite i20,79140,Petrol,Manual,1,4.75,7
Honda WR-V,50350,Petrol,Manual,1,6.0,7
MG ASTOR,2440,Petrol,Manual,1,14.5,2
Maruti Wagon R 1.0,60170,Petrol,Manual,2,3.2,7
Hyundai Creta,67690,Diesel,Manual,1,9.12,7
Maruti New Wagon-R,55600,Petrol,Manual,1,4.5,5
Hyundai ALCAZAR,120000,Diesel,Manual,1,11.5,4
Maruti Dzire,150000,Diesel,Manual,1,5.84,7
Mahindra Thar,48740,Diesel,Manual,1,14.2,2
Renault Kwid,87580,Petrol,Manual,1,1.49,10
Hyundai VENUE,120000,Petrol,Manual,1,5.9,4
Hyundai i10,150000,Petrol,Manual,5,1.07,14
Maruti Swift,92210,Diesel,Manual,3,4.54,8
Maruti Celerio,40880,Petrol,Manual,1,2.5,10
Tata Tiago,130000,Petrol,Manual,1,5.14,3
Maruti Swift,96230,Petrol,Manual,1,5.42,2
Mahindra TUV300,89440,Diesel,Manual,3,3.05,10
Hyundai Elite i20,110000,Diesel,Manual,2,3.86,9
Toyota Etios,98660,Diesel,Manual,3,3.71,8
Mahindra BOLERO NEO,10600,Diesel,Manual,1,9.5,2
Honda City,65200,Diesel,Manual,2,4.4,9
Hyundai VENUE,75990,Diesel,Manual,1,6.75,6
Jeep Compass,42520,Petrol,Auto,1,12.5,6
Maruti Dzire,33370,Petrol,Manual,1,5.5,6
Tata NEXON,5430,Petrol,Manual,1,8.83,1
Hyundai Grand i10,79530,Diesel,Manual,2,2.1,11
Maruti Baleno,3600,Petrol,Manual,1,4.6,5
Hyundai Verna,120000,Diesel,Manual,2,2.31,13
Tata Safari,180000,Diesel,Manual,2,1.76,11
Hyundai Grand i10,58800,Diesel,Manual,3,2.0,10
Hyundai Verna,110000,Diesel,Auto,3,6.0,8
Maruti Ritz,130000,Diesel,Manual,1,1.65,14
Maruti Zen Estilo,94520,Petrol,Manual,1,1.0,15
Tata PUNCH,33730,Petrol,Manual,1,6.25,3
Ford Ecosport,70860,Diesel,Manual,2,4.7,8
ISUZU D-Max V Cross,110000,Diesel,Manual,1,12.05,8
Honda Amaze,120000,Diesel,Manual,1,4.62,6
Ford Figo Aspire,9760,Petrol,Manual,1,6.05,4
Mahindra XUV500,110000,Diesel,Manual,3,4.41,10
Renault Duster,63290,Diesel,Manual,2,2.6,12
Honda Mobilio,190000,Diesel,Manual,3,2.79,10
Nissan MAGNITE,13940,Petrol,Auto,1,6.95,1
Mahindra Kuv100,75270,Diesel,Manual,2,3.06,9
Nissan Terrano,110000,Diesel,Manual,1,3.0,11
Tata Safari,110000,Diesel,Manual,2,11.5,4
Maruti New Wagon-R,69350,Petrol,Manual,1,4.33,5
Toyota Innova Crysta,240000,Diesel,Manual,1,11.01,8
Maruti Ertiga,53430,Petrol,Manual,1,10.0,4
Tata Safari Storme,140000,Diesel,Manual,4,5.48,8
Hyundai Grand i10,46910,Petrol,Manual,1,4.22,8
Tata ALTROZ,65970,Petrol,Manual,1,5.14,5
Hyundai i20,69340,Petrol,Manual,1,3.59,12
Maruti Wagon R 1.0,78850,Petrol,Manual,3,1.0,13
Tata ALTROZ,50410,Petrol,Manual,1,4.71,4
Toyota Innova,290000,Diesel,Manual,3,2.86,14
Maruti Swift Dzire,170000,Diesel,Manual,3,3.13,12
Maruti Ertiga,99560,Diesel,Manual,1,6.0,10
Hyundai Creta,120000,Diesel,Manual,1,7.5,6
KIA SELTOS,11450,Petrol,Auto,1,17.26,2
Toyota Fortuner,110000,Diesel,Manual,2,13.15,11
Tata Tiago,130000,Petrol,Auto,3,2.74,8
Nissan MAGNITE,22910,Petrol,Manual,2,4.41,4
Hyundai i10,150000,Petrol,Manual,3,1.6,10
Honda Brio,48490,Petrol,Manual,2,1.65,13
Hyundai i20,110000,Petrol,Manual,4,1.16,14
Maruti Alto K10,73260,Petrol,Manual,1,1.46,13
Renault TRIBER,62710,Petrol,Manual,2,3.45,5
Maruti Wagon R 1.0,83890,Petrol,Manual,1,1.85,11
Volkswagen Ameo,80830,Diesel,Manual,2,3.1,8
Hyundai i10,100000,Petrol,Auto,3,1.37,15
Chevrolet Cruze,2,Diesel,Manual,3,1.13,15
Ford Ecosport,430000,Diesel,Manual,2,4.43,8
Hyundai Creta,82530,Diesel,Manual,1,6.5,7
Skoda Rapid,72740,Petrol,Manual,1,6.5,4
Honda City,95430,Petrol,Auto,2,1.67,14
Maruti Swift,88630,Petrol,Manual,2,3.78,8
KIA SONET,79860,Diesel,Manual,2,9.48,5
Renault Kwid,93630,Petrol,Manual,1,3.21,5
Tata NEXON,130000,Diesel,Manual,1,11.38,3
Tata Harrier,87480,Diesel,Manual,1,14.21,3
Mahindra Scorpio,92950,Diesel,Manual,4,3.5,11
Tata Harrier,92030,Diesel,Manual,3,12.82,5
Skoda Superb,83340,Petrol,Auto,3,11.0,8
Tata Safari,120000,Diesel,Manual,1,14.38,4
Hyundai Grand i10,27080,Petrol,Manual,1,4.26,7
Hyundai GRAND I10 NIOS,21150,Petrol,Manual,1,5.99,3
Maruti Swift Dzire,89390,Diesel,Manual,2,2.34,9
Renault Duster,120000,Diesel,Manual,1,4.15,9
Ford New Figo,92390,Diesel,Manual,3,2.24,10
Maruti Swift Dzire,79090,Diesel,Manual,2,2.13,11
Maruti IGNIS,48150,Petrol,Auto,1,5.29,5
Skoda Rapid,73640,Petrol,Manual,1,1.94,12
Maruti Celerio,66900,Diesel,Manual,3,1.25,10
Tata Curvv,12210,Diesel,Manual,1,11.88,1
Maruti Swift Dzire,140000,Diesel,Manual,3,1.24,11
Maruti Wagon R 1.0,170000,Petrol,Manual,1,2.25,11
Hyundai Creta,92320,Diesel,Manual,3,5.5,8
Mahindra Bolero,81130,Diesel,Manual,5,1.88,13
Maruti Celerio,110000,Petrol,Auto,1,2.81,7
Hyundai Elite i20,71800,Diesel,Manual,1,4.99,7
Honda Jazz,160000,Petrol,Manual,2,1.08,14
Hyundai Creta,37800,Petrol,Manual,2,7.47,5
Maruti Swift,37090,Petrol,Auto,1,5.4,5
Hyundai i20,79500,Petrol,Manual,2,2.29,12
Hyundai i20 Active,92400,Diesel,Manual,2,3.84,8
Hyundai Xcent,120000,Diesel,Manual,3,2.09,9
Volkswagen Ameo,240000,Petrol,Manual,2,3.24,9
Hyundai i20,63690,Petrol,Manual,3,1.06,14
Hyundai New Elantra,71990,Diesel,Manual,3,2.0,12
Renault Kwid,57670,Petrol,Manual,3,2.86,5
Ford Figo Aspire,160000,Diesel,Manual,3,2.32,9
Honda Brio,95890,Petrol,Manual,1,2.55,11
Hyundai Creta,290000,Diesel,Manual,1,6.47,9
Toyota Corolla Altis,120000,Petrol,Manual,3,1.99,14
Honda Amaze,130000,Diesel,Manual,2,2.3,10
Hyundai Elite i20,78380,Petrol,Manual,1,4.5,9
Volkswagen Polo,100000,Diesel,Manual,1,1.1,14
Hyundai Grand i10,68460,Petrol,Manual,1,4.14,6
Maruti Swift,85070,Diesel,Manual,2,1.92,14
Volkswagen Ameo,130000,Diesel,Manual,2,3.43,7
Maruti IGNIS,110000,Petrol,Manual,1,3.11,7
Toyota Etios,70490,Petrol,Manual,1,1.2,14
Renault Duster,140000,Diesel,Manual,5,1.85,13
Maruti A Star,110000,Petrol,Manual,2,1.4,15
Tata TIGOR,64590,Petrol,Manual,2,3.66,8
Skoda Rapid,110000,Diesel,Manual,2,2.0,12
Maruti Alto K10,34110,Petrol,Manual,1,1.64,13
Ford Figo,100000,Diesel,Manual,2,1.65,13
Hyundai i10,140000,Petrol,Manual,3,1.42,15
Volkswagen Polo,41650,Petrol,Manual,2,5.36,5
Ford Ecosport,150000,Diesel,Manual,3,2.64,12
Toyota Etios,99990,Petrol,Manual,3,1.5,14
Hyundai Xcent,150000,Diesel,Manual,1,2.41,11
Ford Figo,110000,Diesel,Manual,1,1.5,13
Tata Safari Storme,83490,Diesel,Manual,2,2.76,13
Maruti Ciaz,210000,Diesel,Manual,2,5.15,7
Hyundai GRAND I10 NIOS,88520,Petrol,Auto,1,5.14,6
Hyundai i20 Active,87620,Diesel,Manual,2,2.8,10
Hyundai Elite i20,80890,Diesel,Manual,2,4.69,8
Honda Brio,55670,Petrol,Manual,2,1.97,12
Hyundai VENUE,46840,Petrol,Manual,1,6.97,3
Volkswagen Polo,28060,Petrol,Manual,1,5.0,6
Tata PUNCH,38270,Petrol,Auto,1,6.8,4
Renault Kwid,90170,Petrol,Manual,2,2.78,6
Fiat Linea,100000,Petrol,Manual,1,1.2,15
Hyundai Verna,120000,Diesel,Manual,1,2.55,13
Hyundai Verna,140000,Petrol,Manual,1,2.0,14
Skoda Rapid,180000,Diesel,Manual,3,2.04,11
Honda Brio,170000,Petrol,Manual,1,1.65,12
Maruti Wagon R Duo,180000,Petrol,Manual,1,1.12,15
Maruti Baleno,86600,Petrol,Manual,1,5.5,3
Nissan MAGNITE,24730,Petrol,Manual,1,5.12,4
Hyundai GRAND I10 NIOS,22410,Petrol,Manual,1,5.42,4
Honda Amaze,65090,Petrol,Manual,1,5.36,5
Mahindra Scorpio,110000,Diesel,Manual,3,1.35,15
Tata NEXON,16129,Diesel,Manual,1,9.45,1
Maruti Dzire,45530,Petrol,Manual,2,5.36,7
Maruti Swift Dzire,88870,Petrol,Manual,2,3.6,10
Mahindra Scorpio,180000,Diesel,Manual,2,3.0,14
Hyundai NEW SANTRO,11510,Petrol,Manual,1,3.75,7
Nissan MAGNITE,92380,Petrol,Manual,1,5.4,3
Tata Tiago,140000,Petrol,Manual,1,3.41,7
Maruti Baleno,25470,Petrol,Manual,1,5.58,5
Hyundai Xcent,120000,Diesel,Manual,2,4.22,7
Mahindra XUV500,110000,Diesel,Manual,2,2.65,10
Volkswagen Jetta,200000,Diesel,Manual,1,2.58,13
Renault Duster,170000,Diesel,Manual,2,2.73,12
Hyundai VENUE,110000,Petrol,Manual,1,7.07,4
Hyundai NEW SANTRO,110000,Petrol,Manual,1,3.2,6
Volkswagen Ameo,28250,Petrol,Manual,1,4.38,8
Maruti Wagon R 1.0,150000,Petrol,Manual,4,1.6,13
Tata TIGOR,82320,Petrol,Manual,1,7.45,3
Volkswagen Polo,76160,Petrol,Auto,1,7.19,5
Mahindra Scorpio,28170,Diesel,Manual,3,8.36,8
Tata Harrier,160000,Diesel,Manual,1,15.0,4
Jeep Compass,100000,Diesel,Manual,3,9.31,8
Hyundai Grand i10,80000,Petrol,Manual,2,3.8,7
Hyundai i20 Active,140000,Petrol,Manual,1,3.55,10
Jeep Compass,78250,Diesel,Manual,1,9.68,8
Renault Kwid,80650,Petrol,Manual,1,2.5,6
Ford FREESTYLE,170000,Diesel,Manual,1,5.25,5
Mahindra XUV500,120000,Diesel,Manual,1,9.5,6
Hyundai Elite i20,110000,Diesel,Manual,2,4.4,6
Maruti Swift,65200,Petrol,Manual,1,5.31,4
Ford Ecosport,72740,Diesel,Manual,2,6.0,7
Mahindra XUV500,140000,Diesel,Manual,2,5.92,10
Nissan MAGNITE,37420,Petrol,Manual,1,6.43,3
KIA SELTOS,20,Petrol,Manual,1,11.0,4
Hyundai Elite i20,70620,Petrol,Manual,1,5.42,6
Skoda KUSHAQ,31430,Petrol,Manual,1,11.0,2
Tata Harrier,66850,Diesel,Manual,1,18.0,3
KIA CARENS,12920,Petrol,Manual,1,11.95,1
Renault Kiger,8330,Petrol,Manual,1,7.25,2
Hyundai AURA,39580,Petrol,Manual,1,8.2,1
Skoda Rapid,52000,Petrol,Manual,2,7.25,4
Tata ALTROZ,31470,Petrol,Manual,1,6.2,3
Maruti Dzire,71960,Petrol,Manual,2,5.72,5
Tata Tiago,87300,Petrol,Manual,1,6.09,3
Maruti Ertiga,150000,Diesel,Manual,1,4.5,11
Maruti BREZZA,23350,Petrol,Manual,1,9.05,3
Toyota YARIS,140000,Petrol,Auto,2,5.49,7
Ford FREESTYLE,130000,Diesel,Manual,1,5.76,7
Maruti Baleno,80620,Petrol,Manual,1,4.98,6
Hyundai VENUE,74790,Petrol,Auto,1,7.19,6
Ford Ecosport,72000,Diesel,Manual,2,5.9,6
MG ASTOR,30320,Petrol,Auto,1,9.8,4
Tata NEXON,74310,Diesel,Manual,1,9.8,4
Toyota Innova,260000,Diesel,Manual,1,7.0,10
Maruti S Cross,170000,Diesel,Manual,1,4.75,10
MG ASTOR,37190,Petrol,Auto,1,11.5,3
Tata NEXON,17100,Petrol,Manual,1,10.44,2
Toyota Innova,160000,Diesel,Manual,2,5.99,11
Toyota Innova,140000,Diesel,Manual,2,10.0,11
MG HECTOR PLUS,40370,Diesel,Manual,1,14.86,2
KIA SELTOS,110000,Diesel,Manual,1,9.5,5
Tata Harrier,190000,Diesel,Manual,1,8.4,6
Audi A6,110000,Diesel,Auto,2,7.0,12
Honda City,190000,Diesel,Manual,2,4.39,11
Toyota Glanza,130000,Petrol,Manual,2,5.29,6
Toyota Etios Liva,130000,Diesel,Manual,2,3.08,12
Maruti Swift Dzire,110000,Diesel,Manual,2,4.3,9
Landrover Freelander 2,120000,Diesel,Auto,1,10.0,12
Hyundai Verna,83900,Diesel,Manual,1,9.34,5
Honda City,120000,Petrol,Manual,1,3.95,11
Skoda Rapid,250000,Diesel,Manual,1,3.3,10
Toyota Innova,91890,Diesel,Manual,3,6.18,11
Toyota Glanza,51250,Petrol,Manual,1,7.28,3
Toyota Fortuner,95520,Diesel,Manual,1,5.46,15
MG HECTOR PLUS,60000,Petrol,Auto,1,12.5,5
KIA SONET,15210,Petrol,Manual,1,9.5,2
Volkswagen TAIGUN,66650,Petrol,Manual,1,13.0,3
Skoda Octavia,120000,Diesel,Auto,2,6.75,9
MG HECTOR,62340,Diesel,Manual,1,11.0,5
Honda City,120000,Diesel,Manual,1,10.5,4
Volkswagen TAIGUN,64290,Petrol,Manual,1,12.5,3
KIA SONET,11480,Petrol,Auto,1,10.0,2
Maruti New Wagon-R,110000,Petrol,Manual,1,4.63,4
Renault Koleos,140000,Diesel,Auto,2,3.71,12
Toyota Fortuner,200000,Diesel,Manual,3,11.99,9
Mahindra TUV300,94200,Diesel,Manual,1,6.8,6
Hyundai Verna,25870,Petrol,Auto,2,13.0,2
KIA SONET,13290,Petrol,Manual,1,10.13,3
Maruti S Cross,160000,Diesel,Manual,3,4.54,8
Mahindra XUV500,100000,Diesel,Manual,1,6.8,10
MG HECTOR,280000,Diesel,Manual,1,9.9,6
Jeep Compass,70760,Petrol,Auto,1,9.5,6
Skoda Octavia,150000,Diesel,Auto,1,7.75,10
Maruti New Wagon-R,29700,Petrol,Manual,1,4.71,4
Maruti S Cross,97570,Diesel,Manual,2,5.36,9
Tata TIGOR EV,24460,Electric,Auto,1,12.39,1
Chevrolet Cruze,210000,Diesel,Manual,1,4.37,11
Audi A6,180000,Diesel,Auto,3,7.0,15
Tata Safari Storme,130000,Diesel,Manual,2,5.0,10
Mahindra XUV300,7330,Petrol,Manual,1,7.21,4
MG HECTOR,19260,Petrol,Manual,1,11.94,6
Audi Q3,160000,Diesel,Auto,1,10.0,10
Audi A6,89990,Diesel,Auto,2,10.0,11
Volkswagen TAIGUN,77410,Petrol,Manual,1,11.5,4
Tata NEXON EV,83190,Electric,Auto,1,12.5,2
Mahindra TUV300,91670,Diesel,Auto,1,6.2,9
Skoda Octavia,110000,Diesel,Auto,3,4.45,11
Mercedes Benz E Class,77290,Diesel,Auto,1,11.92,12
Tata Harrier,97490,Diesel,Manual,2,11.0,6
MG HECTOR,210000,Diesel,Manual,1,11.01,6
Hyundai VENUE,100000,Petrol,Manual,1,10.38,1
Tata Harrier,39000,Diesel,Auto,2,17.5,3
Audi Q7,120000,Diesel,Auto,1,10.77,12
ISUZU D-Max V Cross,120000,Diesel,Manual,2,11.8,7
Volkswagen TAIGUN,55860,Petrol,Manual,1,10.91,3
Volkswagen TAIGUN,38290,Petrol,Auto,1,11.9,4
Toyota Innova Crysta,120000,Diesel,Manual,2,15.83,5
Tata NEXON EV,35330,Electric,Auto,1,14.4,2
Hyundai Tucson,120000,Diesel,Auto,1,14.0,7
Mahindra XUV700,46410,Petrol,Manual,2,11.11,3
Volkswagen Polo,76060,Diesel,Manual,1,3.0,9
Maruti Wagon R 1.0,100000,Petrol,Manual,3,1.6,9
Maruti Swift Dzire,110000,Diesel,Manual,1,3.38,11
Tata PUNCH,41190,Petrol,Manual,1,5.47,3
Honda BR-V,229999,Diesel,Manual,1,5.5,9
Maruti Swift,85010,Petrol,Manual,1,5.35,6
Mahindra Scorpio,180000,Diesel,Manual,3,3.29,12
Hyundai Grand i10,170000,Petrol,Manual,1,4.67,7
KIA SELTOS,60170,Petrol,Manual,2,9.35,5
KIA SELTOS,86730,Diesel,Manual,1,10.49,6
Hyundai Eon,21720,Petrol,Manual,2,1.83,13
Renault Kwid,44880,Petrol,Manual,2,2.69,7
Maruti Celerio,39050,Petrol,Manual,2,3.38,9
Maruti Swift,160000,Diesel,Manual,2,1.59,15
Mahindra XUV300,76710,Diesel,Manual,1,12.35,2
Hyundai Verna,90350,Diesel,Manual,3,1.48,14
Tata ALTROZ,16620,Petrol,Manual,1,6.83,2
KIA SONET,51230,Diesel,Manual,1,8.5,5
Toyota Etios,220000,Diesel,Manual,3,3.0,13
Renault Kwid,120000,Petrol,Manual,2,1.58,9
Maruti Swift Dzire,220000,Petrol,Manual,1,3.5,10
Tata Tiago,90730,Petrol,Manual,2,2.7,8
Hyundai i10,69000,Petrol,Manual,2,1.98,12
Hyundai Grand i10,130000,Petrol,Manual,1,3.6,8
Tata Indigo ECS,130000,Diesel,Manual,1,2.0,8
Maruti Ciaz,180000,Diesel,Manual,2,3.5,10
Tata Indigo ECS,200000,Diesel,Manual,1,1.2,9
Ford Ecosport,110000,Diesel,Manual,2,4.33,8
Hyundai Accent,74000,Petrol,Manual,2,2.0,12
Hyundai Eon,110000,Petrol,Manual,2,2.0,7
Maruti Ertiga,2760,Petrol,Manual,1,11.0,1
Hyundai VENUE,110000,Diesel,Manual,1,7.58,6
Renault Duster,150000,Diesel,Manual,1,3.19,11
Volkswagen Vento,90050,Petrol,Auto,2,8.0,4
Toyota Innova,150000,Diesel,Manual,4,4.4,11
Maruti Swift,140000,Diesel,Manual,1,4.32,8
Maruti Dzire,130000,Diesel,Manual,1,4.91,7
Honda Amaze,68890,Diesel,Manual,1,4.87,6
Tata Zest,48900,Petrol,Manual,2,2.98,7
Maruti Vitara Brezza,170000,Diesel,Manual,1,4.62,8
Honda WR-V,41780,Petrol,Manual,1,5.78,6
Tata Indica EV2,47720,Diesel,Manual,2,2.2,8
Ford New Figo,81720,Diesel,Manual,2,1.87,10
Maruti Alto 800,63420,Petrol,Manual,2,2.27,6
Skoda SLAVIA,17920,Petrol,Manual,1,13.16,3
Renault Kwid,90010,Petrol,Manual,2,2.4,9
Tata Tiago,66480,Petrol,Manual,2,2.29,8
Mahindra XUV700,140000,Petrol,Manual,1,15.28,4
Renault Kwid,72780,Petrol,Manual,2,1.52,9
Maruti Ritz,85150,Diesel,Manual,3,1.45,13
Maruti Alto 800,22230,Petrol,Manual,1,1.4,11
Hyundai Santro Xing,90210,Petrol,Manual,2,1.51,12
Maruti Dzire,64379,Diesel,Manual,1,5.25,7
Honda Amaze,110000,Diesel,Manual,5,1.5,11
Maruti Vitara Brezza,87280,Diesel,Manual,2,4.95,8
Hyundai Verna,36160,Petrol,Manual,1,5.0,7
Honda Amaze,58690,Diesel,Manual,1,2.48,12
Renault Kwid,44840,Petrol,Manual,1,1.77,8
Maruti Swift Dzire,170000,Diesel,Manual,3,3.52,11
Maruti Ritz,85190,Diesel,Manual,3,1.42,13
Datsun Redi Go,57710,Petrol,Manual,1,1.5,8
Maruti Wagon R 1.0,76120,Petrol,Manual,2,1.65,12
Hyundai i10,70650,Petrol,Manual,3,1.65,11
Maruti Swift,89620,Petrol,Manual,2,2.25,12
MG HECTOR,140000,Diesel,Manual,1,10.41,5
Hyundai Grand i10,72500,Diesel,Manual,1,2.5,10
Maruti Ritz,85190,Diesel,Manual,3,1.51,13
Tata NEXON,13480,Petrol,Manual,1,6.25,3
Audi Q3,66460,Diesel,Auto,1,8.14,12
Hyundai i10,60340,Petrol,Manual,1,1.6,12
Maruti Ciaz,67560,Diesel,Manual,2,4.75,10
Volkswagen Polo,27440,Petrol,Manual,1,4.92,6
Toyota Etios,100000,Petrol,Manual,3,1.36,13
Tata Zest,84800,Petrol,Manual,1,1.82,9
Volkswagen Polo,130000,Diesel,Manual,2,1.42,13
Renault Kwid,27540,Petrol,Auto,2,2.3,6
Honda Amaze,69400,Diesel,Manual,2,2.5,12
Maruti Wagon R 1.0,71480,Petrol,Manual,2,1.4,14
Maruti Wagon R 1.0,80090,Petrol,Manual,1,2.3,9
Maruti Wagon R 1.0,110000,Petrol,Manual,1,2.21,9
Honda Amaze,94380,Diesel,Manual,2,2.6,9
Skoda Rapid,95820,Diesel,Manual,4,1.42,13
Maruti Swift,67260,Diesel,Manual,1,3.75,9
Honda Brio,29720,Petrol,Manual,4,1.62,12
Maruti Ciaz,69280,Diesel,Manual,1,4.9,10
Tata Zest,78000,Diesel,Manual,1,2.21,10
Maruti Alto 800,61130,Petrol,Manual,2,2.32,6
Hyundai Eon,140000,Petrol,Manual,3,1.04,13
Maruti Alto,12900,Petrol,Manual,1,1.4,15
Mahindra XUV500,140000,Diesel,Manual,2,2.25,13
Hyundai Santro Xing,77410,Petrol,Manual,1,1.08,13
Maruti Swift,21000,Petrol,Manual,1,6.84,1
Maruti Alto 800,37580,Petrol,Manual,1,1.45,11
Toyota Etios,86530,Diesel,Manual,1,3.8,12
Maruti Swift,58250,Petrol,Manual,1,5.45,5
Maruti Wagon R 1.0,120000,Petrol,Manual,2,2.56,7
Hyundai NEW I20,8510,Petrol,Manual,1,6.0,2
Honda Brio,110000,Petrol,Manual,1,1.5,13
Hyundai i10,82190,Petrol,Manual,3,1.5,12
Maruti Wagon R 1.0,73100,Petrol,Manual,1,2.32,12
Maruti Alto K10,88100,Petrol,Manual,3,1.35,12
Tata Zest,120000,Diesel,Manual,2,1.31,11
Volkswagen Ameo,75150,Diesel,Auto,2,2.81,9
Tata Indica EV2,65730,Diesel,Manual,2,1.12,11
Chevrolet Beat,110000,Petrol,Manual,5,1.12,10
Maruti Baleno,65000,Petrol,Manual,1,3.72,9
Tata TIGOR,56480,Diesel,Manual,1,3.8,7
Renault TRIBER,25380,Petrol,Manual,1,4.6,2
Honda Jazz,120000,Petrol,Manual,2,1.56,13
Honda City,73510,Petrol,Manual,1,2.1,13
Maruti Eeco,24050,Petrol,Manual,2,1.49,12
Nissan Micra,58410,Petrol,Manual,2,1.2,12
Tata Zest,140000,Diesel,Manual,1,2.49,9
Volkswagen Ameo,37250,Petrol,Manual,1,3.13,9
Renault Duster,88070,Diesel,Manual,2,2.65,13
Maruti Wagon R 1.0,79270,Petrol,Manual,1,3.0,7
Hyundai i10,86070,Petrol,Manual,3,1.2,13
Maruti Alto,69060,Petrol,Manual,2,1.4,13
Maruti Swift Dzire,63290,Petrol,Manual,1,2.5,13
Maruti Wagon R 1.0,73500,CNG,Manual,1,2.65,13
Skoda Rapid,77330,Diesel,Manual,2,1.5,12
Honda City,72980,Diesel,Manual,2,3.75,11
Maruti Dzire,54000,Petrol,Manual,1,4.7,7
Hyundai Santro Xing,91110,Petrol,Manual,2,1.06,13
Nissan Micra,160000,Diesel,Manual,2,1.4,13
Renault TRIBER,76690,Petrol,Manual,1,4.95,4
Toyota Etios,84670,Petrol,Manual,2,1.48,14
Mahindra XUV300,39430,Diesel,Manual,1,5.97,6
Maruti Swift Dzire,92800,Petrol,Manual,3,2.5,10
Renault Duster,220000,Diesel,Manual,4,2.63,11
Maruti Vitara Brezza,120000,Diesel,Manual,1,5.14,9
Maruti Swift Dzire,84380,Petrol,Manual,3,2.3,12
Tata Tiago,89870,Petrol,Manual,1,3.15,7
Hyundai Grand i10,57920,Petrol,Manual,1,4.65,6
Maruti Wagon R 1.0,59230,Petrol,Auto,1,2.61,9
Renault Duster,100000,Diesel,Manual,1,1.96,13
Ford Figo,240000,Diesel,Manual,1,1.0,13
Tata Indigo ECS,65099,Diesel,Manual,1,1.69,9
Maruti Alto 800,87610,Petrol,Manual,1,1.6,9
Tata ALTROZ,72030,Diesel,Manual,1,5.49,5
Renault TRIBER,67370,Petrol,Manual,2,4.3,5
Volkswagen Vento,95090,Petrol,Manual,2,1.55,14
Skoda Laura,110000,Diesel,Manual,3,1.75,14
Renault Duster,56390,Diesel,Manual,3,1.98,13
Maruti IGNIS,56970,Petrol,Manual,2,2.96,8
Hyundai Elite i20,84930,Diesel,Manual,2,3.19,10
Renault Kwid,32450,Petrol,Manual,1,2.9,6
Maruti Baleno,63900,Petrol,Manual,1,4.8,8
Hyundai Creta,72520,Diesel,Manual,1,8.5,5
Volkswagen Polo,170000,Diesel,Manual,1,2.95,9
Maruti Wagon R 1.0,44430,Petrol,Manual,1,2.99,8
Tata Safari,100000,Diesel,Manual,3,1.0,13
Honda Amaze,39960,Petrol,Manual,2,4.72,6
Hyundai i20,89260,Petrol,Manual,2,1.29,14
Maruti IGNIS,62620,Petrol,Manual,2,3.23,7
Honda Brio,80760,Petrol,Manual,4,1.39,14
KIA CARENS,20570,Petrol,Manual,1,9.38,2
Honda City,130000,Diesel,Manual,1,6.5,6
Maruti Dzire,92900,Diesel,Manual,2,4.5,6
Hyundai Verna,91270,Diesel,Manual,4,2.72,12
Hyundai Verna,36250,Diesel,Manual,1,6.37,6
Hyundai Grand i10,36650,Petrol,Manual,1,3.09,9
Ford Figo,82980,Diesel,Manual,2,1.24,14
Hyundai Grand i10,65220,Diesel,Manual,1,4.13,7
Toyota Etios,80840,Petrol,Manual,1,1.4,14
Mahindra Thar,27460,Diesel,Auto,2,13.83,4
Mahindra Scorpio,120000,Diesel,Manual,1,8.65,8
Maruti Alto K10,76320,Petrol,Auto,1,2.8,7
Toyota Corolla Altis,84520,Diesel,Manual,3,2.49,13
Maruti Dzire,74500,Petrol,Manual,1,5.75,6
Maruti SX4,91440,Petrol,Manual,3,1.1,15
Mahindra Bolero,130000,Diesel,Manual,1,1.9,14
Maruti Wagon R 1.0,86440,Petrol,Manual,1,3.22,7
Honda Jazz,56900,Petrol,Manual,1,3.3,9
Maruti Alto K10,35200,Petrol,Manual,1,1.4,13
Maruti Wagon R 1.0,87240,Petrol,Manual,2,1.43,14
Maruti Baleno,87970,Diesel,Manual,1,4.8,7
Hyundai Grand i10,83200,Petrol,Manual,2,6.5,7
Maruti Alto 800,58250,Petrol,Manual,2,2.65,10
Hyundai Verna,130000,Petrol,Manual,1,2.54,13
Honda Amaze,120000,Diesel,Manual,2,1.95,11
Hyundai VENUE,8400,Petrol,Manual,1,9.5,1
Maruti New Wagon-R,20800,Petrol,Manual,1,4.99,5
Renault Duster,85160,Diesel,Manual,1,2.5,11
Hyundai i20 Active,54220,Petrol,Manual,1,4.95,9
Tata TIAGO EV,44590,Electric,Auto,1,5.75,2
Toyota Camry,92350,Hybrid,Auto,1,9.22,9
Hyundai Elite i20,99260,Petrol,Manual,1,3.83,9
Maruti Swift Dzire,100000,Diesel,Manual,1,3.6,9
Tata ALTROZ,25510,Petrol,Manual,1,6.5,4
Mahindra KUV 100 NXT,58220,Diesel,Manual,2,2.8,7
Maruti Swift,130000,Diesel,Manual,2,1.55,14
KIA SELTOS,100000,Diesel,Auto,1,8.5,5
Hyundai Elite i20,97370,Petrol,Manual,1,4.65,7
MG HECTOR,140000,Diesel,Manual,2,8.0,6
KIA SONET,21720,Petrol,Manual,1,9.58,1
Tata Tiago,96000,Diesel,Manual,2,3.0,6
Maruti Baleno,13230,Petrol,Manual,1,5.38,5
Tata Indigo ECS,140000,Diesel,Manual,2,1.18,11
Hyundai Verna,15020,Petrol,Manual,1,12.11,1
Mahindra Bolero,30030,Diesel,Manual,1,8.25,3
Renault Kwid,51430,Petrol,Auto,1,3.55,5
Mahindra XUV500,66800,Diesel,Manual,1,7.75,9
Ford Ecosport,150000,Diesel,Manual,2,3.14,9
Ford Ecosport,45260,Petrol,Manual,3,4.0,8
Chevrolet Cruze,85290,Diesel,Manual,2,3.25,13
Landrover Range Rover Sport,96760,Diesel,Auto,2,7.59,15
Mahindra XUV500,82360,Diesel,Manual,2,3.67,10
Hyundai Elite i20,48000,Diesel,Manual,2,3.85,10
Hyundai VENUE,36130,Petrol,Manual,1,6.87,5
Tata NEXON,15670,Diesel,Manual,1,11.05,1
Hyundai Elite i20,85940,Diesel,Manual,3,3.58,10
Hyundai Verna,58530,Diesel,Auto,1,7.73,8
Maruti New Wagon-R,22170,Petrol,Manual,1,4.71,4
Tata NEXON,79070,Diesel,Auto,2,5.7,7
Hyundai Creta,71770,Diesel,Manual,1,7.5,9
Mahindra Thar,28030,Diesel,Manual,1,11.21,2
Maruti Dzire,69320,Diesel,Manual,2,5.62,7
Ford Ecosport,150000,Diesel,Manual,1,3.5,9
Ford Ecosport,59240,Diesel,Manual,1,5.0,8
Hyundai Creta,68380,Diesel,Manual,2,6.8,9
Audi Q3,67600,Diesel,Auto,2,7.5,10
Honda Amaze,40400,Petrol,Manual,1,4.99,7
Maruti S PRESSO,3240,Petrol,Manual,1,5.39,1
Maruti Eeco,84220,Petrol,Manual,1,5.36,3
Toyota Innova,120000,Diesel,Manual,1,3.95,13
Honda Jazz,59610,Diesel,Manual,2,4.23,7
MG HECTOR PLUS,130000,Diesel,Manual,1,10.5,4
Hyundai Creta,100000,Diesel,Manual,1,9.56,4
Mahindra Thar,25440,Petrol,Auto,2,11.99,4
Honda City,28000,Petrol,Manual,2,5.27,9
Tata Safari Storme,74120,Diesel,Manual,3,4.25,9
Maruti Wagon R 1.0,85020,Petrol,Manual,2,3.0,7
Tata ALTROZ,19220,Petrol,Manual,1,9.02,2
Maruti New Wagon-R,100000,Petrol,Manual,1,4.0,5
Tata ALTROZ,95580,Petrol,Manual,1,5.5,4
Hyundai Grand i10,57060,Petrol,Manual,2,3.64,7
Tata Harrier,7640,Diesel,Manual,1,16.0,2
Hyundai Elite i20,170000,Diesel,Manual,1,3.6,9
Toyota Fortuner,120000,Diesel,Manual,2,9.5,11
Honda City,21060,Petrol,Manual,1,6.0,7
KIA CARENS,48330,Petrol,Manual,1,9.5,1
KIA SELTOS,50110,Petrol,Manual,1,14.32,2
MG HECTOR,59500,Diesel,Manual,1,11.74,5
MG ASTOR,47470,Petrol,Manual,1,10.9,3
Mahindra SCORPIO CLASSIC,36110,Diesel,Manual,1,12.18,2
BMW X1,64720,Diesel,Auto,2,12.5,8
Maruti Baleno,43290,Petrol,Manual,1,5.39,4
Honda Amaze,57050,Petrol,Manual,1,6.0,2
Mahindra Scorpio,140000,Diesel,Manual,1,12.37,5
Hyundai Creta,26710,Diesel,Manual,1,13.6,4
Maruti Vitara Brezza,66150,Diesel,Manual,2,6.0,6
Maruti Baleno,30950,Petrol,Manual,1,5.55,4
Toyota Innova,190000,Diesel,Manual,2,4.5,12
Hyundai Creta,120000,Diesel,Manual,1,9.49,5
Honda Amaze,36730,Petrol,Manual,1,6.76,4
KIA SELTOS,72140,Diesel,Manual,1,13.5,4
Hyundai NEW I20 N LINE,45170,Petrol,Auto,1,7.6,4
Hyundai EXTER,9370,Petrol,Manual,1,11.01,1
Mahindra SCORPIO-N,32390,Diesel,Manual,1,16.0,2
Honda City,22800,Petrol,Auto,2,8.5,6
Toyota Innova Crysta,98660,Diesel,Auto,3,9.99,9
Honda WR-V,44320,Petrol,Manual,1,5.97,5
Maruti Vitara Brezza,67630,Diesel,Auto,1,7.0,7
KIA SELTOS,30930,Diesel,Manual,2,15.16,2
Mahindra XUV500,27630,Diesel,Manual,1,8.5,9
Toyota Fortuner,120000,Diesel,Auto,2,6.5,12
Hyundai Creta,37150,Diesel,Manual,1,6.47,10
Mahindra NUVOSPORT,76390,Diesel,Manual,1,3.9,9
Skoda Octavia,120000,Diesel,Auto,1,5.33,12
Ford Ecosport,130000,Diesel,Manual,1,5.8,5
Tata ALTROZ,87680,Diesel,Manual,1,5.5,4
Maruti New Wagon-R,61180,Petrol,Manual,1,4.1,6
Toyota Innova,190000,Diesel,Manual,1,4.6,11
Mahindra XUV300,130000,Diesel,Manual,1,7.5,5
Renault Duster,130000,Diesel,Manual,3,2.02,11
MG HECTOR,77920,Diesel,Manual,2,8.73,6
Hyundai NEW SANTRO,70660,Petrol,Manual,2,3.23,7
Maruti New Wagon-R,67320,Petrol,Manual,1,4.96,3
Mahindra XUV500,110000,Diesel,Manual,3,5.5,8
Maruti Ciaz,11470,Petrol,Manual,1,7.9,5
Mahindra Scorpio,90930,Diesel,Manual,1,4.28,13
Toyota Innova Crysta,93250,Diesel,Manual,2,18.0,3
Ford Ecosport,59270,Diesel,Manual,2,3.8,10
Maruti Grand Vitara,37380,Petrol,Manual,1,11.95,2
MG HECTOR PLUS,34500,Diesel,Manual,1,16.5,2
Skoda Octavia,76010,Diesel,Auto,2,5.5,10
Toyota Innova Crysta,150000,Diesel,Manual,1,9.4,9
Tata Safari Storme,170000,Diesel,Manual,5,3.5,9
Tata Tiago,69420,Diesel,Manual,2,3.99,6
Maruti New Wagon-R,75620,Petrol,Manual,1,4.65,4
Maruti Eeco,64349,Petrol,Manual,2,3.6,5
Maruti Vitara Brezza,130000,Diesel,Manual,1,4.5,9
Audi Q5,95570,Diesel,Auto,2,6.5,11
KIA SONET,27270,Diesel,Auto,1,11.88,4
Hyundai Creta,65450,Diesel,Auto,3,10.5,5
Toyota Innova,250000,Diesel,Manual,2,4.99,9
Mahindra XUV300,36330,Petrol,Auto,1,7.5,4
Audi A3,39820,Diesel,Auto,1,9.5,10
Maruti Grand Vitara,10650,Hybrid,Auto,1,17.19,2
Renault Duster,86290,Diesel,Manual,1,3.8,10
Renault Captur,180000,Diesel,Manual,2,4.9,8
Toyota Innova Crysta,120000,Diesel,Manual,2,10.5,8
Audi Q3,77830,Diesel,Auto,2,9.5,10
MG HECTOR PLUS,61050,Diesel,Manual,1,15.25,3
Ford Ecosport,33800,Diesel,Manual,1,8.9,4
Maruti S Cross,160000,Diesel,Manual,3,3.37,9
Mahindra XUV300,31050,Petrol,Manual,1,6.45,6
MG HECTOR PLUS,53760,Diesel,Manual,1,13.0,5
Hyundai GRAND I10 NIOS,59020,Petrol,Manual,2,4.41,5
Audi Q3,120000,Diesel,Auto,2,8.0,10
Mahindra MARAZZO,81040,Diesel,Manual,1,5.65,7
Landrover Range Rover,56810,Diesel,Auto,2,15.3,12
Volkswagen TAIGUN,29200,Petrol,Auto,1,14.0,2
Mahindra XUV300,89580,Diesel,Manual,1,9.2,5
KIA SELTOS,61470,Diesel,Manual,1,13.43,3
MG HECTOR,31730,Petrol,Auto,1,10.5,5
Mahindra XUV500,81130,Diesel,Manual,2,5.86,9
Mahindra XUV500,46790,Diesel,Manual,1,7.6,9
Hyundai Creta,130000,Diesel,Manual,1,5.0,10
Mahindra XUV300,28670,Diesel,Manual,1,9.38,3
MG HECTOR PLUS,97860,Diesel,Manual,1,14.5,3
Skoda KUSHAQ,41310,Petrol,Manual,1,11.2,3
Toyota Innova Crysta,140000,Diesel,Auto,1,13.75,8
Jeep Compass,84400,Petrol,Auto,2,8.03,8
Mahindra XUV400,37710,Electric,Auto,1,15.0,2
Mahindra MARAZZO,80070,Diesel,Manual,1,5.5,7
Tata NEXON EV,70230,Electric,Auto,1,8.5,3
Mahindra XUV400,51770,Electric,Auto,1,16.25,2
Toyota Innova Crysta,35880,Diesel,Manual,1,17.5,3
Skoda Rapid,87260,Diesel,Manual,3,1.5,13
Toyota YARIS,72390,Petrol,Manual,2,7.22,5
Hyundai Santro Xing,73340,Petrol,Manual,2,1.28,14
Hyundai Xcent,180000,Diesel,Manual,2,2.45,10
Maruti Alto K10,130000,Petrol,Manual,2,1.22,13
Skoda Fabia,150000,Diesel,Manual,3,1.4,13
Maruti Baleno,46470,Diesel,Manual,2,5.08,6
Honda Jazz,120000,Diesel,Manual,3,3.68,9
Maruti Swift Dzire,120000,Diesel,Manual,2,4.93,9
Maruti Swift Dzire,200000,Diesel,Manual,3,1.5,15
Hyundai Elite i20,86020,Diesel,Manual,2,4.82,10
Maruti Swift,110000,Diesel,Manual,2,5.5,7
Hyundai Xcent,180000,Diesel,Manual,3,2.67,10
Hyundai Verna,48850,Diesel,Manual,2,1.84,15
Skoda Rapid,89560,Petrol,Auto,1,7.13,4
Hyundai Verna,120000,Diesel,Manual,3,3.38,12
Toyota Etios Liva,110000,Petrol,Manual,1,1.49,14
Tata PUNCH,17500,Petrol,Manual,1,4.79,2
Hyundai i20,120000,Diesel,Manual,1,2.5,12
Hyundai Santro Xing,100000,Petrol,Manual,3,1.37,12
Maruti Alto 800,110000,Petrol,Manual,2,1.79,9
Maruti Swift,67010,Petrol,Manual,2,1.54,12
Maruti Swift,60210,Petrol,Manual,2,2.59,12
Maruti Swift Dzire,64040,Diesel,Manual,2,3.57,12
Maruti Swift Dzire,180000,Diesel,Manual,2,2.85,10
Maruti Swift Dzire,250000,Diesel,Manual,4,2.19,13
Maruti Swift Dzire,160000,Diesel,Manual,2,1.6,14
Toyota Corolla Altis,82430,Petrol,Manual,3,2.43,11
Hyundai i10,85800,Petrol,Manual,4,1.08,15
Maruti Ritz,170000,Diesel,Manual,4,1.42,12
Honda Brio,82720,Petrol,Manual,1,1.93,13
Mahindra XUV500,120000,Diesel,Manual,2,10.68,6
Hyundai Elite i20,43030,Petrol,Manual,2,3.6,8
Volkswagen Vento,81290,Petrol,Manual,1,2.95,12
Toyota YARIS,78690,Petrol,Auto,2,5.75,7
Toyota Etios,67720,Petrol,Manual,2,1.51,14
Honda ELEVATE,12400,Petrol,Auto,1,15.0,1
Hyundai Creta,27390,Petrol,Manual,2,9.17,3
Toyota Corolla Altis,97710,Petrol,Auto,2,2.77,13
Maruti Ritz,130000,Petrol,Manual,2,1.39,15
Hyundai i20,140000,Petrol,Manual,4,1.44,13
Ford Figo,150000,Diesel,Manual,3,1.3,11
Toyota Fortuner,170000,Diesel,Manual,2,5.98,14
Hyundai i20,170000,Diesel,Manual,3,1.7,13
Hyundai Verna,110000,Diesel,Manual,3,2.3,12
Maruti Swift,150000,Petrol,Manual,1,2.16,14
Maruti Swift,110000,Diesel,Manual,1,3.3,8
Hyundai XCENT PRIME,71290,Petrol,Manual,2,2.45,8
Maruti Wagon R 1.0,75300,Petrol,Manual,4,2.5,7
Honda Amaze,99210,Diesel,Manual,2,2.6,10
Maruti Swift,43990,Petrol,Manual,1,5.14,4
Hyundai Creta,150000,Diesel,Manual,1,6.0,8
Maruti SX4,190000,Diesel,Manual,4,1.54,14
Hyundai i10,71310,Petrol,Manual,3,1.77,11
Nissan Micra,110000,Diesel,Manual,3,1.2,13
Hyundai Elite i20,87560,Diesel,Manual,3,2.7,10
Honda City,84620,Diesel,Manual,1,8.0,5
Hyundai i10,170000,Petrol,Manual,2,1.21,15
Maruti Alto K10,58160,Petrol,Manual,1,1.48,14
Audi A3,71270,Diesel,Auto,2,11.49,10
Maruti Wagon R 1.0,85260,Petrol,Manual,2,1.4,13
Honda City,110000,Petrol,Auto,4,1.25,14
Ford Figo,200000,Diesel,Manual,1,1.45,12
Hyundai Creta,110000,Diesel,Manual,1,6.9,10
MG ASTOR,24780,Petrol,Auto,1,14.0,2
Hyundai Creta,86200,Petrol,Manual,3,5.3,10
Hyundai NEW I20,32630,Petrol,Manual,1,8.5,2
Maruti Alto,15180,Petrol,Manual,1,4.08,2
Hyundai Creta,170000,Diesel,Auto,4,5.0,9
Hyundai NEW I20,36560,Petrol,Manual,1,7.0,4
Hyundai Grand i10,88280,Diesel,Manual,1,3.14,9
Hyundai Creta,120000,Diesel,Manual,3,6.0,9
Mercedes Benz C Class,80400,Diesel,Auto,2,5.5,12
Mahindra XUV700,42280,Diesel,Auto,1,17.89,2
Maruti Alto K10,55310,Petrol,Manual,1,3.13,8
Mahindra KUV 100 NXT,150000,Diesel,Manual,2,3.12,7
Hyundai i20,229999,Diesel,Manual,2,1.39,13
Maruti Swift,130000,Diesel,Manual,1,3.08,13
Maruti Ertiga,200000,Diesel,Manual,3,4.52,11
Maruti Eeco,190000,Petrol,Manual,1,2.6,8
Chevrolet Cruze,67230,Diesel,Manual,2,4.47,12
Mahindra Thar,60710,Diesel,Manual,1,11.5,3
Maruti Swift,78200,Diesel,Manual,1,3.75,9
Audi A4,96160,Diesel,Auto,4,7.99,10
Ford Ecosport,160000,Diesel,Manual,1,3.17,11
Maruti S Cross,120000,Diesel,Manual,2,4.71,8
KIA SELTOS,71160,Diesel,Auto,1,17.05,2
Mahindra BOLERO NEO,52330,Diesel,Manual,1,9.02,2
Toyota Fortuner,130000,Diesel,Manual,2,17.75,8
Toyota Corolla Altis,380000,Diesel,Manual,2,3.21,13
KIA SELTOS,120000,Diesel,Auto,2,11.0,5
Toyota Innova Crysta,150000,Diesel,Manual,1,10.8,8
Toyota Innova Crysta,110000,Diesel,Auto,1,12.89,6
Maruti Ertiga,200000,Diesel,Manual,1,5.58,9
Toyota Innova Crysta,110000,Diesel,Manual,4,10.24,8
BMW 5 Series,200000,Diesel,Auto,2,14.32,10
MG HECTOR,13440,Diesel,Manual,1,15.5,3
Tata Harrier,88790,Diesel,Manual,2,11.4,6
Tata Hexa,87250,Diesel,Manual,1,6.91,7
Mahindra Scorpio,97450,Diesel,Manual,1,12.5,6
Maruti Dzire,100000,Petrol,Manual,2,5.27,5
Tata Tiago,55240,Petrol,Manual,1,3.4,8
Hyundai Eon,45750,Petrol,Manual,1,1.12,14
Maruti Wagon R 1.0,120000,Petrol,Manual,4,1.15,12
Tata Aria,200000,Diesel,Manual,4,1.66,13
Honda Amaze,140000,Diesel,Manual,3,2.9,12
Maruti Swift Dzire,87860,Petrol,Manual,2,4.1,11
Skoda Rapid,120000,Diesel,Auto,2,4.75,9
Hyundai VENUE,89400,Diesel,Manual,1,8.75,6
Ford Ecosport,66140,Petrol,Manual,2,6.0,7
KIA SONET,18200,Petrol,Auto,1,14.75,2
Maruti BREZZA,20210,Petrol,Manual,1,12.93,2
Maruti Swift Dzire,51120,Diesel,Manual,4,1.42,11
Maruti IGNIS,29240,Petrol,Manual,1,3.1,7
Maruti Swift Dzire,130000,Petrol,Manual,1,3.84,11
Hyundai Elite i20,69820,Diesel,Manual,2,3.71,10
Maruti Swift Dzire,22530,Petrol,Manual,1,2.4,15
Tata Tiago,11640,Petrol,Manual,2,4.2,2
Maruti Dzire,17050,Petrol,Manual,1,4.8,6
Ford Figo Aspire,38750,Petrol,Manual,1,6.37,5
Nissan MAGNITE,12010,Petrol,Manual,1,9.47,4
Tata ALTROZ,71440,Petrol,Manual,1,4.8,4
Tata Tiago,170000,Petrol,Auto,1,3.8,8
Maruti Alto 800,110000,Petrol,Manual,1,2.7,11
Hyundai Verna,89260,Diesel,Manual,3,3.6,12
Tata Indigo CS,240000,Diesel,Manual,2,1.04,15
Datsun Go Plus,130000,Petrol,Manual,2,1.72,10
Chevrolet Optra Magnum,170000,Diesel,Manual,2,1.21,15
Renault Scala,88410,Diesel,Manual,2,2.34,11
Maruti Wagon R 1.0,100000,Petrol,Manual,1,1.81,15
Maruti Alto K10,63510,Petrol,Manual,4,1.5,15
Hyundai i10,86240,Petrol,Manual,3,1.5,14
Toyota Glanza,8900,Petrol,Auto,1,7.7,1
Nissan Sunny,77610,Petrol,Manual,3,1.79,12
Hyundai Verna,100000,Petrol,Manual,4,1.4,15
Volkswagen Polo,92270,Petrol,Manual,2,2.0,14
Renault TRIBER,46120,Petrol,Manual,1,6.5,4
Maruti Dzire,87120,Petrol,Manual,3,5.98,8
Nissan Sunny,97820,Diesel,Manual,1,2.98,13
Nissan Sunny,220000,Diesel,Manual,2,1.87,13
Maruti Swift,86540,Diesel,Manual,4,1.73,14
Hyundai AURA,100000,Petrol,Manual,1,6.0,5
Tata Manza,240000,Diesel,Manual,1,1.86,15
Chevrolet Beat,180000,Petrol,Manual,1,1.4,14
Renault Kwid,8060,Petrol,Manual,1,5.0,1
Honda BR-V,100000,Petrol,Manual,4,6.08,9
Skoda Laura,130000,Diesel,Manual,3,2.95,14
Honda Amaze,120000,Petrol,Manual,4,4.1,9
Hyundai Creta,290000,Diesel,Manual,2,9.0,9
Honda Brio,43430,Petrol,Manual,2,4.24,10
Maruti S Cross,48950,Petrol,Manual,2,7.98,3
Maruti Wagon R 1.0,110000,Petrol,Manual,3,2.85,13
Skoda Octavia,160000,Diesel,Auto,3,6.0,12
Volkswagen Polo,150000,Petrol,Manual,4,3.77,15
Maruti Swift,160000,Diesel,Manual,3,3.4,10
MG HECTOR,54960,Diesel,Manual,1,16.0,5
Ford Figo Aspire,140000,Diesel,Manual,1,4.03,10
Tata Hexa,200000,Diesel,Manual,2,8.5,8
Skoda Rapid,100000,Diesel,Auto,2,8.0,7
Mercedes Benz E Class,150000,Diesel,Auto,3,8.5,14
MG HECTOR,68940,Petrol,Auto,1,11.5,5
Toyota Innova,170000,Diesel,Manual,2,5.09,14
Renault Lodgy,160000,Diesel,Manual,4,4.72,10
Jeep Compass,160000,Diesel,Manual,3,11.0,8
Tata Hexa,110000,Diesel,Auto,1,11.34,7
KIA SONET,8660,Petrol,Manual,1,8.42,1
Hyundai Grand i10,82000,Petrol,Manual,3,2.82,10
Hyundai Verna,120000,Diesel,Manual,2,1.8,13
Maruti Baleno,35920,Petrol,Manual,1,5.47,5
Hyundai Grand i10,70000,Diesel,Manual,4,1.11,10
Maruti Wagon R 1.0,180000,Petrol,Manual,5,1.96,10
Renault Kwid,38140,Petrol,Manual,1,2.0,7
Honda Amaze,130000,Petrol,Manual,1,3.6,11
Hyundai Verna,71070,Petrol,Manual,1,4.24,10
Maruti Baleno,82030,Petrol,Manual,1,3.64,8
Volkswagen Polo,98830,Diesel,Manual,2,1.18,13
Maruti Celerio,51630,Petrol,Auto,1,3.25,8
Honda WR-V,66560,Petrol,Manual,1,4.03,8
Chevrolet Sail,120000,Diesel,Manual,1,1.35,12
Nissan MAGNITE,36880,Petrol,Manual,1,4.9,4
Maruti Swift,110000,Diesel,Manual,1,3.81,7
Volkswagen Vento,88070,Diesel,Manual,1,2.42,13
Hyundai i20 Active,170000,Diesel,Manual,1,3.72,10
Ford Figo,99140,Diesel,Manual,1,1.2,11
Chevrolet Sail,250000,Diesel,Manual,1,1.25,12
Hyundai Xcent,130000,Petrol,Manual,1,3.45,9
Tata TIGOR,57700,Petrol,Manual,1,7.84,3
Hyundai Xcent,150000,Petrol,Manual,1,2.99,10
Maruti Alto K10,52050,Petrol,Manual,1,2.67,7
Maruti Alto 800,120000,Petrol,Manual,1,2.5,9
Maruti Ertiga,100000,Diesel,Manual,3,6.44,9
Nissan MAGNITE,4290,Petrol,Auto,1,6.6,1
Honda Civic,60340,Petrol,Auto,2,2.06,15
Volkswagen Polo,41390,Petrol,Manual,2,2.35,12
Tata Tiago,400000,Petrol,Manual,2,4.2,5
Hyundai GRAND I10 NIOS,51960,Petrol,Manual,1,5.4,4
Renault Duster,210000,Diesel,Manual,2,2.23,12
Volkswagen Vento,98440,Diesel,Auto,1,6.84,8
Maruti Baleno,52640,Petrol,Auto,1,4.15,9
Datsun Redi Go,29660,Petrol,Manual,1,2.0,6
Tata Tiago,63600,Petrol,Manual,1,6.0,3
Tata NEXON,57910,Petrol,Manual,1,7.44,4
Skoda Superb,78500,Petrol,Auto,1,2.69,14
Chevrolet Enjoy,87000,Diesel,Manual,1,2.15,12
Maruti Eeco,180000,Petrol,Manual,6,1.3,15
Chevrolet Beat,78000,Diesel,Manual,1,2.0,8
Ford New Figo,97480,Petrol,Manual,2,2.67,10
Maruti Wagon R 1.0,73500,Petrol,Manual,3,1.0,15
Toyota URBAN CRUISER,750000,Petrol,Manual,1,7.0,3
Ford Ecosport,90780,Diesel,Manual,1,4.5,8
Maruti Wagon R 1.0,36890,Petrol,Manual,1,3.69,8
Maruti Wagon R 1.0,120000,Petrol,Manual,1,2.0,13
Datsun Go Plus,53390,Petrol,Manual,1,3.86,6
Tata ALTROZ,21860,Petrol,Manual,1,5.71,3
Mahindra KUV 100 NXT,74850,Petrol,Manual,1,2.75,7
Honda Amaze,130000,Petrol,Manual,1,5.13,5
Maruti Baleno,88000,Petrol,Manual,1,5.83,2
Maruti Alto,57610,Petrol,Manual,1,1.42,15
Maruti Eeco,63040,Petrol,Manual,1,3.08,7
Maruti Alto 800,120000,Petrol,Manual,1,2.31,9
Maruti Baleno,35110,Petrol,Manual,2,5.64,4
Tata TIGOR,6690,Petrol,Auto,1,7.0,3
Maruti Ertiga,95620,Diesel,Manual,2,10.22,6
Volkswagen Vento,150000,Diesel,Manual,1,3.66,11
Jeep Compass,100000,Diesel,Manual,1,7.6,8
Maruti Ciaz,94740,Petrol,Manual,2,4.91,10
Nissan MAGNITE,25200,Petrol,Manual,1,5.72,4
Volkswagen Vento,190000,Petrol,Manual,1,5.19,9
Toyota Corolla Altis,62250,Diesel,Manual,2,2.88,14
Mahindra XUV500,110000,Diesel,Manual,2,3.93,12
Renault Duster,110000,Diesel,Manual,3,2.67,13
Volkswagen Vento,100000,Petrol,Auto,1,5.52,7
Nissan Terrano,180000,Diesel,Manual,1,3.0,12
Mahindra XUV500,110000,Diesel,Manual,3,9.45,7
Toyota Etios Liva,67220,Petrol,Manual,1,2.5,12
Tata NEXON,60950,Petrol,Manual,1,5.49,6
Mahindra XUV700,27500,Petrol,Auto,1,17.15,4
Maruti Alto 800,61940,Petrol,Manual,1,2.5,7
Maruti XL6,35990,Petrol,Manual,1,10.52,3
Toyota Innova,140000,Diesel,Manual,3,4.21,9
Honda City,86110,Petrol,Auto,2,6.6,8
Mahindra SCORPIO-N,21860,Diesel,Manual,1,15.5,2
Maruti Ertiga,83200,Diesel,Manual,1,6.0,8
KIA SELTOS,31630,Diesel,Manual,1,12.98,3
Mahindra Thar,47870,Diesel,Manual,1,12.0,4
Tata Tiago,51510,Petrol,Manual,1,5.31,2
Honda City,200000,Petrol,Manual,1,4.95,9
Hyundai NEW SANTRO,130000,Petrol,Manual,1,4.67,7
Honda WR-V,39640,Petrol,Manual,1,5.89,7
Volkswagen Passat,170000,Diesel,Auto,1,9.9,8
Honda CRV,98560,Petrol,Auto,2,5.0,11
Renault Kiger,15830,Petrol,Manual,1,5.6,2
Maruti S Cross,240000,Diesel,Manual,1,4.12,9
Hyundai Creta,10150,Petrol,Manual,1,17.5,1
Renault Kwid,85940,Petrol,Manual,1,2.61,7
Hyundai Verna,72570,Diesel,Manual,1,3.4,12
Hyundai Creta,20820,Diesel,Manual,1,14.3,3
Hyundai VENUE,29830,Petrol,Manual,1,8.88,1
Audi Q3,130000,Diesel,Auto,2,9.0,11
KIA SELTOS,30190,Diesel,Manual,1,14.65,3
Maruti Grand Vitara,53050,Hybrid,Auto,1,15.1,2
KIA SELTOS,120000,Diesel,Manual,1,11.0,3
KIA SELTOS,8440,Diesel,Manual,1,10.5,5
Toyota Innova,220000,Diesel,Manual,2,4.5,12
KIA SELTOS,80560,Diesel,Auto,1,18.35,2
Audi Q5,100000,Diesel,Auto,4,6.4,12
KIA SONET,50100,Diesel,Manual,1,9.1,4
Hyundai Creta,82800,Petrol,Manual,3,6.9,10
Mahindra XUV500,83670,Diesel,Manual,1,3.92,13
Tata Safari Storme,120000,Diesel,Manual,3,5.72,8
Toyota Innova,400000,Diesel,Manual,2,5.0,12
Volkswagen Passat,170000,Diesel,Auto,2,10.86,8
KIA SELTOS,37560,Diesel,Manual,1,14.49,2
Maruti Eeco,63910,Petrol,Manual,2,3.94,5
Mahindra MARAZZO,220000,Diesel,Manual,1,6.0,7
Tata ALTROZ,26170,Diesel,Manual,1,7.34,2
Tata TIAGO EV,75200,Electric,Auto,1,8.0,2
Volkswagen Jetta,150000,Diesel,Manual,1,4.4,12
Ford Figo,39420,Petrol,Manual,2,2.73,11
Maruti Celerio,64989,Petrol,Manual,4,3.5,6
Hyundai Elite i20,59460,Petrol,Manual,1,4.0,10
Toyota Etios,35460,Petrol,Manual,1,3.63,10
Hyundai EXTER,11160,Petrol,Manual,1,7.4,1
Maruti Alto 800,45840,Petrol,Manual,2,2.6,8
Hyundai i10,75850,Petrol,Manual,3,1.6,13
Maruti Swift Dzire,170000,Diesel,Manual,1,4.0,10
Tata Nano,660000,Petrol,Auto,3,1.55,8
Toyota Corolla,130000,Petrol,Auto,3,1.15,20
Tata NEXON EV,76970,Electric,Auto,1,14.11,2
Hyundai Verna,84920,Petrol,Manual,2,5.42,9
Volkswagen Polo,200000,Diesel,Manual,2,3.33,11
Toyota Innova Crysta,210000,Diesel,Manual,2,15.54,7
Hyundai Eon,48800,Petrol,Manual,2,2.39,8
Honda City,31440,Petrol,Manual,1,7.57,6
Volkswagen Polo,110000,Petrol,Auto,3,6.23,10
Maruti Swift,84460,Petrol,Manual,3,3.53,12
Maruti Wagon R 1.0,110000,Petrol,Manual,1,4.1,11
Volkswagen Vento,180000,Diesel,Manual,2,1.49,14
Hyundai NEW SANTRO,120000,Petrol,Manual,1,4.47,6
KIA SONET,11780,Petrol,Manual,2,8.37,2
Tata TIGOR,120000,Petrol,Auto,1,3.2,7
BMW 5 Series,87680,Diesel,Auto,2,15.0,10
BMW X1,78200,Diesel,Auto,4,10.69,11
Maruti Swift Dzire,240000,Diesel,Manual,1,3.55,12
Maruti New Wagon-R,51240,Petrol,Auto,2,6.18,5
Maruti Celerio,45980,Petrol,Auto,2,4.3,8
Maruti Alto 800,54800,Petrol,Manual,2,2.5,10
Honda City,43150,Petrol,Auto,1,6.86,9
Maruti Wagon R 1.0,81030,Petrol,Manual,2,3.09,13
Ford Ecosport,64750,Petrol,Manual,1,7.0,6
Mahindra XUV500,77760,Diesel,Auto,2,12.69,7
Tata NEXON,36950,Petrol,Auto,1,10.01,2
Maruti Ciaz,60780,Petrol,Manual,1,8.5,4
Maruti Vitara Brezza,7310,Petrol,Manual,1,7.4,4
Maruti New Wagon-R,46680,Petrol,Manual,1,8.21,3
Ford Endeavour,190000,Diesel,Auto,2,17.04,8
KIA SELTOS,73170,Diesel,Manual,1,11.5,5
Maruti Ciaz,110000,Petrol,Manual,1,6.89,9
KIA SELTOS,35760,Petrol,Auto,1,11.5,5
Skoda SLAVIA,26890,Petrol,Auto,1,16.94,3
MG HECTOR,81320,Petrol,Auto,1,12.0,6
Toyota URBAN CRUISER,95990,Petrol,Manual,1,10.5,5
Maruti S Cross,190000,Diesel,Manual,1,10.13,7
Maruti Swift Dzire,190000,Diesel,Manual,3,2.3,11
Mahindra XUV500,140000,Diesel,Manual,2,5.36,9
Honda Brio,120000,Petrol,Manual,3,2.5,8
Maruti Swift,120000,Diesel,Manual,4,3.1,10
Hyundai Grand i10,67640,Petrol,Manual,3,2.27,11
Maruti Swift,49690,Petrol,Manual,1,3.0,12
Maruti Celerio,67430,Petrol,Manual,1,2.31,11
Tata Tiago,42960,Petrol,Manual,1,6.29,3
Maruti Ciaz,76290,Diesel,Manual,2,4.19,9
Mahindra TUV300,160000,Diesel,Manual,1,3.75,8
Maruti Alto 800,120000,Petrol,Manual,5,1.18,13
Hyundai NEW I20,62540,Petrol,Manual,2,5.35,4
Maruti Swift,92130,Diesel,Manual,1,3.13,12
Tata NEXON,35260,Petrol,Manual,1,6.63,3
Maruti Swift,110000,Diesel,Manual,3,2.61,11
Hyundai i10,54750,Petrol,Manual,1,1.63,15
Maruti Swift,40160,Petrol,Manual,2,5.0,6
Maruti Vitara Brezza,150000,Diesel,Manual,1,6.15,8
Hyundai Grand i10,120000,Diesel,Manual,4,2.67,8
Maruti Swift,130000,Diesel,Manual,2,3.9,8
Honda City,150000,Diesel,Manual,4,3.54,9
Maruti Swift Dzire,130000,Diesel,Manual,3,3.31,10
Volkswagen Polo,100000,Diesel,Manual,3,1.28,14
Skoda Rapid,200000,Diesel,Auto,2,2.75,11
Hyundai GRAND I10 NIOS,18720,Petrol,Manual,1,6.85,1
Ford Ecosport,110000,Diesel,Manual,1,3.0,10
Hyundai Elite i20,140000,Diesel,Manual,1,5.5,6
Nissan Terrano,180000,Diesel,Manual,1,4.16,9
Toyota Fortuner,210000,Diesel,Auto,4,8.06,10
KIA SELTOS,160000,Diesel,Auto,1,9.85,5
Mahindra XUV500,160000,Diesel,Manual,1,3.33,12
Hyundai Tucson,90280,Diesel,Auto,2,12.5,7
Audi A4,140000,Diesel,Auto,3,7.58,12
Hyundai Elite i20,160000,Diesel,Manual,4,3.0,10
Hyundai i20,99390,Petrol,Manual,2,2.19,14
Renault Kwid,110000,Petrol,Manual,1,2.5,7
Maruti Swift Dzire,80880,Petrol,Manual,3,2.06,14
Maruti Baleno,140000,Petrol,Manual,1,6.5,5
Hyundai i10,77510,Petrol,Manual,3,1.5,15
Hyundai i10,89550,Petrol,Manual,3,1.79,14
Hyundai i10,68360,Petrol,Manual,3,2.3,11
Maruti Alto K10,40950,Petrol,Manual,1,2.0,12
Hyundai i20,160000,Petrol,Manual,4,1.5,14
Chevrolet Beat,150000,Diesel,Manual,3,1.25,12
Volkswagen Polo,96030,Petrol,Manual,4,3.63,11
Toyota Etios,130000,Petrol,Manual,5,2.67,14
Maruti Wagon R 1.0,66160,Petrol,Manual,1,4.89,7
Skoda Rapid,170000,Diesel,Manual,4,2.5,13
Hyundai Grand i10,120000,Petrol,Auto,2,5.3,8
Maruti Swift Dzire,100000,Diesel,Manual,2,6.96,8
Honda City,150000,Diesel,Manual,3,4.8,10
Hyundai Verna,200000,Diesel,Manual,2,4.0,13
Tata Harrier,220000,Diesel,Manual,1,11.5,5
Honda WR-V,27050,Petrol,Manual,2,6.5,8
Hyundai Xcent,130000,Petrol,Manual,1,5.9,6
Mahindra Thar,40300,Diesel,Manual,1,13.0,2
Maruti S PRESSO,120000,Petrol,Manual,2,5.72,5
Mahindra MARAZZO,59670,Diesel,Manual,2,6.5,5
Tata Zest,140000,Diesel,Manual,1,5.2,6
Toyota Etios,250000,Diesel,Manual,2,3.9,13
KIA SONET,100000,Diesel,Auto,1,13.0,4
Hyundai Creta,82310,Diesel,Manual,1,10.07,7
Hyundai Verna,220000,Diesel,Manual,2,3.6,14
Maruti Dzire,110000,Petrol,Manual,3,8.5,4
KIA SONET,110000,Diesel,Manual,1,11.66,4
Tata PUNCH EV,30000,Electric,Auto,1,10.0,1
Volkswagen Polo,140000,Petrol,Manual,1,5.75,9
Hyundai Eon,130000,Petrol,Manual,2,2.25,13
Tata Tiago,110000,Petrol,Manual,1,3.95,6
Datsun Go Plus,56520,Petrol,Manual,1,3.2,9
Hyundai Grand i10,47120,Petrol,Manual,1,3.25,9
Hyundai Eon,72970,Petrol,Manual,3,2.3,10
Tata Indica EV2,150000,Diesel,Manual,1,1.43,9
Maruti Zen Estilo,94960,Petrol,Manual,2,2.24,15
Honda Amaze,140000,Diesel,Manual,3,3.42,8
Chevrolet Sail UVA,87860,Diesel,Manual,3,1.19,12
Maruti Ritz,110000,Diesel,Manual,3,1.74,14
Fiat Grand Punto,100000,Diesel,Manual,3,1.98,12
Ford Ecosport,95570,Petrol,Manual,1,6.0,5
Volkswagen Vento,210000,Diesel,Manual,1,3.19,14
Renault TRIBER,60330,Petrol,Manual,2,6.26,3
Tata NEXON,67780,Diesel,Auto,1,8.0,4
Hyundai Creta,100000,Diesel,Auto,1,11.4,6
Hyundai NEW I20,70730,Diesel,Manual,1,9.0,3
Landrover Freelander 2,260000,Diesel,Auto,3,8.5,12
Ford Ecosport,69460,Petrol,Auto,2,6.73,7
Nissan Kicks,140000,Diesel,Manual,1,7.66,6
CITROEN C5 AIRCROSS,130000,Diesel,Auto,1,18.0,4
Mahindra XUV500,53440,Diesel,Manual,1,4.0,13
Renault TRIBER,31540,Petrol,Manual,1,6.4,4
Maruti Alto K10,110000,Petrol,Manual,1,1.66,14
Tata NEXON EV,49150,Electric,Auto,1,11.44,3
Maruti Dzire,110000,Petrol,Auto,2,4.3,8
Maruti Swift,180000,Diesel,Manual,3,1.8,15
Ford Classic,160000,Diesel,Manual,2,1.96,13
Hyundai i20,47460,Petrol,Manual,1,3.15,13
Hyundai GRAND I10 NIOS,35440,Petrol,Manual,1,8.55,2
Landrover Freelander 2,120000,Diesel,Auto,3,15.01,10
Hyundai Creta,130000,Diesel,Manual,1,16.0,5
Hyundai VENUE,35220,Petrol,Manual,1,7.51,4
Mahindra XUV300,71910,Diesel,Manual,2,14.21,4
Hyundai GRAND I10 NIOS,47480,Petrol,Manual,1,5.0,4
Skoda Octavia,73220,Diesel,Auto,2,4.18,12
Maruti Vitara Brezza,86030,Diesel,Manual,2,5.14,8
KIA SELTOS,70400,Diesel,Manual,1,13.75,4
Ford Ecosport,160000,Diesel,Manual,3,2.68,12
Hyundai VENUE,66030,Petrol,Auto,2,8.16,5
Hyundai Eon,50940,Petrol,Manual,1,1.43,11
Honda Amaze,170000,Diesel,Manual,3,2.09,11
Hyundai Santro Xing,45070,Petrol,Manual,1,1.11,14
Renault Kwid,63790,Petrol,Manual,1,1.36,9
Maruti Swift,170000,Diesel,Manual,1,2.61,11
Maruti Swift Dzire,120000,Diesel,Manual,1,1.5,12
Maruti Celerio,100000,Petrol,Manual,2,2.4,9
Hyundai i10,98200,Petrol,Manual,2,1.5,13
Hyundai Santro Xing,160000,Petrol,Manual,5,1.07,13
Maruti Swift Dzire,45280,Petrol,Manual,2,2.15,12
Maruti Swift Dzire,100000,Petrol,Manual,1,1.13,14
Maruti Swift,210000,Diesel,Manual,1,2.5,11
Mahindra Bolero,120000,Diesel,Manual,2,3.3,11
Honda City,220000,Diesel,Manual,1,2.66,11
Honda Civic,65000,Petrol,Manual,1,1.56,14
Maruti Vitara Brezza,110000,Diesel,Manual,1,4.35,9
Toyota Etios Liva,92520,Diesel,Manual,2,1.68,14
Honda Brio,100000,Petrol,Manual,1,2.25,11
Maruti Swift Dzire,110000,Diesel,Manual,1,1.4,15
Skoda Rapid,160000,Diesel,Manual,1,2.72,12
Fiat Grand Punto,150000,Diesel,Manual,1,1.13,12
Honda WR-V,61020,Petrol,Manual,1,5.23,8
Hyundai Santro Xing,99410,Petrol,Manual,2,1.05,13
Maruti Swift,64420,Diesel,Manual,1,1.2,15
Maruti Swift Dzire,67880,Petrol,Manual,1,3.15,12
Honda Amaze,83630,Petrol,Manual,1,1.7,10
Maruti Swift Dzire,140000,Diesel,Manual,2,2.0,12
Maruti Vitara Brezza,94420,Diesel,Manual,1,4.88,7
Maruti Swift,68220,Diesel,Manual,1,1.49,14
Hyundai Xcent,65700,Diesel,Manual,1,1.85,11
Maruti Swift Dzire,72220,Diesel,Manual,1,3.8,9
Honda Brio,70230,Petrol,Manual,1,2.0,12
Maruti Wagon R 1.0,33960,Petrol,Manual,1,2.53,11
Mahindra XUV500,64569,Diesel,Manual,1,6.99,8
Toyota Etios Liva,210000,Diesel,Manual,2,2.2,13
Mahindra Scorpio,150000,Diesel,Manual,3,2.16,14
Hyundai Elite i20,29230,Petrol,Auto,1,5.99,6
Maruti Swift,130000,Diesel,Manual,3,3.53,9
Maruti Swift Dzire,92920,Petrol,Manual,3,3.5,9
Honda City,92240,Petrol,Manual,1,5.68,8
Hyundai Grand i10,59960,Petrol,Manual,1,3.39,8
Nissan MAGNITE,24230,Petrol,Auto,1,6.6,1
Honda City,72690,Petrol,Manual,1,6.2,6
Hyundai i10,88010,Petrol,Manual,1,2.0,10
Mahindra TUV300,110000,Diesel,Manual,2,3.24,10
Maruti Swift,130000,Diesel,Manual,1,3.3,10
Honda City,120000,Petrol,Auto,1,1.82,14
Skoda Rapid,88420,Diesel,Manual,1,6.25,6
Maruti Ciaz,76410,Diesel,Manual,3,3.57,9
Skoda SLAVIA,57130,Petrol,Auto,1,14.38,2
Mahindra Kuv100,91390,Diesel,Manual,1,2.5,9
Maruti Celerio,88180,Petrol,Manual,1,2.44,10
Hyundai Grand i10,130000,Petrol,Manual,1,2.93,9
Honda City,190000,Diesel,Manual,1,3.1,10
Honda Amaze,180000,Diesel,Manual,1,2.0,11
Hyundai Grand i10,33630,Petrol,Manual,1,3.76,7
Maruti New Wagon-R,69190,Petrol,Manual,2,4.1,4
Hyundai GRAND I10 NIOS,43820,Petrol,Manual,1,4.38,6
Maruti IGNIS,27210,Petrol,Manual,1,5.34,3
Maruti S Cross,78190,Diesel,Manual,1,4.58,8
Maruti Swift,91720,Petrol,Manual,3,2.36,11
Mahindra Scorpio,87660,Diesel,Manual,2,3.38,12
Renault TRIBER,7690,Petrol,Manual,1,5.68,6
Tata PUNCH,32740,Petrol,Auto,2,7.62,2
Honda Jazz,130000,Diesel,Manual,1,2.4,10
Maruti Swift Dzire,340000,Petrol,Manual,2,3.0,7
Hyundai Grand i10,49400,Petrol,Manual,1,3.57,7
Hyundai Xcent,49270,Petrol,Manual,1,4.15,7
Hyundai Elite i20,92020,Petrol,Manual,1,4.35,9
Toyota Innova Crysta,53370,Diesel,Manual,2,16.12,4
Mahindra BOLERO NEO,81790,Diesel,Manual,1,6.5,4
Tata NEXON,64000,Diesel,Manual,1,10.5,2
Hyundai GRAND I10 NIOS,53760,Petrol,Auto,1,6.0,3
Maruti Grand Vitara,50490,Petrol,Manual,1,12.12,2
Maruti Swift,250000,Diesel,Manual,1,2.5,11
KIA CARENS,40860,Diesel,Auto,1,15.5,3
Mahindra Thar,93020,Diesel,Manual,1,12.0,2
KIA SONET,100000,Diesel,Manual,1,9.5,5
Toyota Glanza,65319,Petrol,Manual,1,7.59,2
Hyundai Creta,18550,Petrol,Auto,1,17.21,1
Mahindra Thar,94920,Diesel,Manual,1,13.82,2
Jeep Compass,70220,Diesel,Manual,1,9.4,6
MG HECTOR,110000,Diesel,Manual,1,10.6,4
KIA SELTOS,150000,Diesel,Manual,1,11.13,4
Maruti Grand Vitara,17710,Hybrid,Auto,1,18.41,1
Tata Harrier,82310,Diesel,Manual,1,14.5,3
Mahindra XUV500,79480,Diesel,Manual,1,4.45,11
Skoda SLAVIA,6130,Petrol,Manual,1,15.24,1
Hyundai i20 Active,120000,Diesel,Manual,1,4.87,7
MG ASTOR,26480,Petrol,Manual,1,8.5,3
KIA SELTOS,49670,Petrol,Manual,1,9.95,5
Tata ALTROZ,5210,Petrol,Auto,1,8.65,0
Mahindra BOLERO NEO,12650,Diesel,Manual,1,10.5,1
Maruti Baleno,44420,Petrol,Manual,1,5.95,4
Tata NEXON,5830,Petrol,Auto,1,9.25,3
Hyundai Grand i10,140000,Diesel,Manual,1,1.91,9
MG HECTOR PLUS,43210,Petrol,Auto,2,15.84,4
Maruti Dzire,140000,Diesel,Auto,2,3.41,8
Maruti Swift Dzire,150000,Petrol,Manual,1,1.18,15
Honda City,100000,Petrol,Auto,1,8.0,6
Chevrolet Beat,81930,Diesel,Manual,1,1.04,11
Hyundai i10,61500,Petrol,Manual,3,1.66,12
Mahindra MARAZZO,160000,Diesel,Manual,2,4.69,6
Maruti Wagon R 1.0,150000,Petrol,Manual,2,1.5,13
Hyundai New Elantra,77990,Diesel,Manual,2,5.25,9
Honda Brio,92540,Petrol,Manual,3,2.28,11
Maruti Baleno,14410,Petrol,Auto,1,6.52,4
Tata Tiago,120000,Petrol,Manual,1,3.5,7
Hyundai Creta,36490,Diesel,Auto,2,13.15,4
Mahindra XUV300,76920,Petrol,Manual,1,8.2,3
Tata ALTROZ,53480,Petrol,Manual,1,4.7,4
Ford Ecosport,140000,Diesel,Manual,1,3.0,10
Volkswagen Polo,67940,Petrol,Manual,2,2.43,10
Maruti BREZZA,32950,Petrol,Manual,1,9.24,3
Chevrolet Beat,130000,Diesel,Manual,1,1.31,10
Maruti Swift Dzire,100000,Petrol,Manual,1,2.4,13
Hyundai Creta,110000,Diesel,Manual,1,4.01,10
Tata ALTROZ,130000,Petrol,Manual,1,5.0,3
Mahindra XUV500,120000,Diesel,Manual,2,3.55,11
Maruti New Wagon-R,47830,Petrol,Manual,1,4.24,4
Tata Tiago,45740,Petrol,Manual,2,2.45,9
Ford Figo Aspire,94320,Diesel,Manual,2,2.05,10
Maruti Swift Dzire,140000,Diesel,Manual,1,1.35,15
Maruti Swift,70160,Petrol,Manual,3,1.7,14
Hyundai Eon,77080,Petrol,Manual,3,1.89,8
Maruti Wagon R 1.0,96400,Petrol,Manual,2,1.26,13
Maruti Ritz,34490,Petrol,Manual,4,1.1,14
Maruti Dzire,72750,Diesel,Manual,2,4.1,8
KIA SONET,43690,Diesel,Auto,1,12.5,3
Hyundai Eon,67470,Petrol,Manual,3,1.0,13
Ford Figo Aspire,79610,Diesel,Manual,2,2.25,10
Hyundai i10,87690,Petrol,Manual,2,1.19,14
Hyundai Grand i10,88110,Diesel,Manual,2,2.25,8
Hyundai Grand i10,60170,Diesel,Manual,2,2.7,8
Maruti Swift Dzire,140000,Diesel,Manual,1,2.8,10
Tata Zest,92260,Diesel,Manual,2,1.99,10
Renault Kwid,76030,Petrol,Manual,5,1.38,8
Hyundai Eon,43640,Petrol,Manual,1,1.99,7
Tata ALTROZ,82470,Diesel,Manual,1,7.5,2
Honda City,86590,Petrol,Manual,1,1.77,15
Hyundai Creta,93820,Diesel,Manual,1,6.31,8
Hyundai Creta,66580,Diesel,Manual,1,5.5,9
Maruti Alto 800,66810,Petrol,Manual,2,1.89,10
Mahindra E VERITO,74940,Electric,Auto,1,2.5,7
Honda City,100000,Petrol,Manual,1,10.25,4
Maruti Wagon R 1.0,71160,Petrol,Manual,3,1.8,10
Maruti Swift Dzire,150000,Diesel,Manual,1,3.15,10
KIA SELTOS,4000,Diesel,Manual,1,12.03,6
Toyota Innova Crysta,150000,Diesel,Manual,1,10.73,8
Maruti Alto K10,130000,Petrol,Manual,1,1.51,12
Ford Ecosport,83140,Diesel,Manual,2,3.99,9
Hyundai ALCAZAR,44510,Diesel,Auto,1,15.5,3
Hyundai Elite i20,99830,Diesel,Manual,3,2.8,10
Tata NEXON,30250,Petrol,Manual,2,4.67,6
Maruti Alto K10,50010,Petrol,Manual,3,1.03,14
Hyundai GRAND I10 NIOS,65030,Petrol,Manual,1,5.25,4
Maruti Zen Estilo,43030,Petrol,Manual,2,1.21,15
Renault Duster,130000,Diesel,Manual,1,2.85,8
Hyundai Xcent,80850,Diesel,Manual,1,2.2,10
Hyundai Grand i10,75750,Petrol,Manual,2,3.7,6
Nissan MAGNITE,15010,Petrol,Auto,1,9.05,3
Volkswagen Polo,93650,Petrol,Manual,2,1.2,14
Maruti Ciaz,120000,Diesel,Manual,1,3.11,10
Honda Amaze,86900,Diesel,Manual,2,2.05,10
Maruti Vitara Brezza,73650,Diesel,Manual,2,4.59,7
Maruti Swift,130000,Petrol,Manual,2,1.18,14
Hyundai Grand i10,65860,Petrol,Manual,3,2.76,9
Tata Safari,120000,Diesel,Manual,2,1.93,13
Maruti Ciaz,91070,Diesel,Manual,2,3.0,9
Volkswagen VIRTUS,46490,Petrol,Manual,1,11.75,3
Toyota Etios Liva,80610,Diesel,Manual,1,4.17,7
Maruti FRONX,49700,Petrol,Auto,1,8.12,2
KIA SELTOS,73000,Petrol,Manual,1,7.1,4
Renault TRIBER,22540,Petrol,Manual,2,4.5,4
Honda City,110000,Petrol,Manual,1,2.63,12
Tata Tiago,110000,Petrol,Manual,1,3.39,7
Mahindra XUV300,110000,Petrol,Manual,1,9.57,1
Maruti Swift,110000,Diesel,Manual,2,3.49,8
Maruti Dzire,6290,Petrol,Manual,1,7.36,1
Maruti Swift Dzire,120000,Petrol,Manual,1,1.11,15
KIA SONET,17130,Petrol,Manual,2,7.97,3
Maruti Wagon R 1.0,54020,Petrol,Manual,1,1.36,14
Hyundai Grand i10,89140,Diesel,Manual,1,2.0,11
Mahindra Scorpio,38530,Diesel,Manual,2,11.21,4
Tata Safari Storme,130000,Diesel,Manual,1,4.48,10
Honda Jazz,40270,Petrol,Manual,1,1.09,15
Hyundai Creta,33370,Diesel,Manual,1,6.05,8
Tata Harrier,88720,Diesel,Manual,2,8.83,6
Hyundai Grand i10,76250,Petrol,Manual,4,2.1,10
Tata ALTROZ,48390,Petrol,Manual,1,9.1,2
BMW 3 Series,50130,Diesel,Auto,2,17.13,8
CITROEN Basalt,2130,Petrol,Manual,1,11.5,1
Toyota Etios,39000,Petrol,Manual,1,1.88,14
Ford Ecosport,170000,Diesel,Manual,2,3.14,9
Maruti Swift Dzire,62400,Diesel,Manual,2,3.49,10
Tata TIAGO NRG,15630,Petrol,Manual,1,6.0,1
Hyundai GRAND I10 NIOS,9430,Petrol,Manual,1,5.96,4
Maruti Ciaz,80800,Diesel,Manual,3,3.72,8
Maruti Swift,170000,Diesel,Manual,1,4.12,8
Maruti New Wagon-R,37700,Petrol,Manual,1,4.22,3
Mahindra Bolero,89690,Diesel,Manual,2,5.0,7
Maruti Dzire,71740,Petrol,Manual,1,7.17,2
Ford Ecosport,34720,Diesel,Manual,1,4.99,7
Hyundai Elite i20,120000,Diesel,Manual,1,3.95,9
Tata Tiago,78260,Diesel,Manual,1,2.77,7
Maruti Dzire,68360,Petrol,Manual,2,3.95,8
Ford FREESTYLE,80200,Diesel,Manual,2,3.71,7
Tata NEXON,140000,Petrol,Manual,1,5.0,5
Mahindra XUV500,72930,Diesel,Manual,1,6.5,8
Maruti New Wagon-R,40710,Petrol,Manual,1,4.3,4
Maruti Swift Dzire,140000,Petrol,Manual,5,1.0,15
Hyundai Eon,41840,Petrol,Manual,1,1.59,11
Renault TRIBER,61210,Petrol,Manual,2,4.89,5
Maruti Baleno,34740,Petrol,Manual,1,5.18,7
Maruti Swift,110000,Diesel,Manual,1,2.79,8
KIA SELTOS,33830,Petrol,Auto,1,18.5,2
Honda Amaze,6170,Petrol,Auto,1,8.87,2
Honda City,89690,Petrol,Manual,1,4.25,11
ISUZU D-Max V Cross,69140,Diesel,Manual,2,10.39,7
Maruti Vitara Brezza,64540,Diesel,Manual,2,5.18,8
Maruti SX4,110000,Petrol,Manual,2,1.19,15
Maruti Wagon R 1.0,68120,Petrol,Manual,5,1.28,14
Honda Amaze,52870,Petrol,Manual,3,4.66,5
Skoda Superb,72620,Petrol,Manual,2,1.35,14
Nissan Micra,92710,Diesel,Manual,1,1.6,11
Mahindra Bolero,63080,Diesel,Manual,1,5.34,9
Ford Ecosport,87200,Petrol,Auto,3,2.8,10
Tata NEXON,120000,Diesel,Manual,2,4.5,7
Honda Amaze,46000,Petrol,Manual,3,1.99,8
Mahindra XUV700,120000,Petrol,Manual,1,13.96,2
Honda City,52500,Hybrid,Auto,1,15.86,3
Maruti Swift,140000,Diesel,Manual,3,3.0,10
Hyundai i10,90280,Petrol,Manual,1,1.38,12
Mahindra Scorpio,120000,Diesel,Manual,1,10.63,6
Renault Duster,140000,Diesel,Manual,2,2.31,11
Hyundai Elite i20,140000,Diesel,Manual,1,3.33,10
Maruti Swift Dzire,360000,Diesel,Manual,1,3.41,13
Hyundai Elite i20,130000,Diesel,Manual,1,2.1,10
Honda City,150000,Petrol,Manual,1,5.69,8
Hyundai NEW SANTRO,40150,Petrol,Manual,1,4.99,4
Maruti Swift Dzire,110000,Diesel,Manual,1,3.6,10
Honda Jazz,25440,Petrol,Manual,1,4.8,6
Honda Amaze,49280,Petrol,Manual,1,5.5,3
Volkswagen Polo,150000,Diesel,Manual,1,1.62,14
Toyota Camry,229999,Petrol,Auto,3,2.3,14
Hyundai VENUE,120000,Diesel,Manual,1,6.0,6
Hyundai Verna,96770,Petrol,Manual,2,1.9,13
Tata Safari Storme,130000,Diesel,Manual,2,3.05,12
Maruti Baleno,38420,Petrol,Manual,1,5.42,5
Hyundai Creta,90660,Petrol,Manual,2,7.44,8
Skoda SLAVIA,98850,Petrol,Auto,1,12.9,3
Honda Jazz,98470,Petrol,Manual,1,3.0,10
Mahindra Quanto,130000,Diesel,Manual,2,1.37,11
Hyundai Creta,52600,Diesel,Auto,1,14.0,3
KIA SONET,11620,Petrol,Manual,1,7.85,2
Honda Jazz,98000,Petrol,Auto,1,3.87,9
Toyota Fortuner,300000,Diesel,Manual,2,17.0,8
Maruti Celerio,78320,Petrol,Auto,1,3.14,7
Renault Kwid,15860,Petrol,Auto,1,2.61,6
Maruti Baleno,67160,Petrol,Manual,2,3.73,8
KIA SELTOS,75220,Petrol,Manual,2,8.32,4
Renault Kwid,75560,Petrol,Manual,2,1.64,9
Maruti Swift Dzire,54980,Petrol,Manual,2,2.82,12
Hyundai i20,120000,Petrol,Manual,1,1.38,15
Tata NEXON,40540,Diesel,Manual,1,11.07,2
Toyota Innova,180000,Diesel,Manual,2,7.96,10
Mahindra XUV300,10310,Petrol,Manual,2,9.0,3
Hyundai i20,100000,Petrol,Manual,3,1.29,14
Audi Q5,71510,Diesel,Auto,2,15.61,10
Toyota URBAN CRUISER,110000,Petrol,Manual,1,6.7,4
Maruti Baleno,100000,Petrol,Manual,1,5.68,6
Nissan MAGNITE,47440,Petrol,Manual,2,4.3,4
Hyundai Creta,110000,Petrol,Manual,1,7.1,8
Tata Indigo ECS,170000,Diesel,Manual,2,1.0,11
Hyundai i10,120000,Petrol,Manual,5,1.25,13
Maruti Vitara Brezza,100000,Diesel,Manual,1,4.91,9
Mahindra Thar,17510,Diesel,Manual,1,12.09,2
Maruti Swift Dzire,78450,Diesel,Manual,3,2.92,11
Tata NEXON,100000,Diesel,Manual,1,4.25,7
Maruti Swift,44720,Petrol,Manual,1,3.73,9
Maruti Swift Dzire,78240,Petrol,Manual,1,2.24,13
Renault Kiger,59380,Petrol,Manual,1,7.0,3
Honda City,91660,Petrol,Manual,2,3.95,11
Mercedes Benz C Class,66260,Petrol,Auto,2,3.6,14
Maruti Swift,120000,Diesel,Manual,1,3.9,8
Maruti Swift Dzire,91990,Petrol,Manual,2,1.8,14
Hyundai Verna,89910,Diesel,Manual,2,3.0,12
Hyundai Elite i20,30150,Petrol,Manual,2,4.15,7
Volvo V 40,56610,Diesel,Auto,1,16.14,8
Hyundai Xcent,200000,Petrol,Manual,1,3.38,11
Tata Harrier,41620,Diesel,Manual,1,8.75,6
Maruti Swift Dzire,120000,Diesel,Manual,1,3.69,10
Nissan Terrano,120000,Diesel,Manual,1,2.14,11
Nissan Micra,100000,Petrol,Manual,3,1.0,14
Tata Tiago,94000,Diesel,Manual,1,2.0,9
Hyundai Eon,56200,Petrol,Manual,7,1.35,10
KIA SELTOS,28740,Petrol,Manual,1,10.25,3
Volkswagen Polo,26180,Petrol,Manual,1,7.43,5
KIA SELTOS,17080,Diesel,Auto,1,16.79,2
Mahindra Scorpio,69960,Diesel,Manual,1,16.09,3
Hyundai i10,95360,Petrol,Manual,1,2.5,9
Maruti Swift,1220000,Diesel,Manual,1,3.21,10
Tata Safari,58230,Diesel,Manual,2,12.0,4
Skoda Rapid,160000,Diesel,Manual,1,2.3,10
Maruti Swift Dzire,55870,Petrol,Manual,2,2.86,11
Hyundai i20,95200,Petrol,Manual,2,1.83,13
Ford Ecosport,91500,Diesel,Manual,2,2.48,12
Hyundai Grand i10,23600,Petrol,Manual,1,3.23,10
Hyundai Elite i20,22930,Petrol,Manual,1,4.12,7
Honda Jazz,46350,Petrol,Manual,1,3.62,10
Hyundai NEW I20,11040,Petrol,Manual,1,6.6,3
Honda City,110000,Petrol,Manual,2,2.63,14
Maruti Wagon R 1.0,120000,Petrol,Manual,2,1.11,15
Maruti Wagon R 1.0,54750,Petrol,Manual,1,3.0,8
Maruti Swift Dzire,140000,Diesel,Manual,1,3.21,12
Maruti Vitara Brezza,56480,Diesel,Manual,1,5.14,8
Skoda KUSHAQ,52860,Petrol,Manual,1,12.38,3
Hyundai Eon,54350,Petrol,Manual,2,2.49,8
Tata PUNCH,15100,Petrol,Manual,1,6.75,3
Hyundai Santro Xing,130000,Petrol,Manual,1,1.42,11
Hyundai Creta,210000,Diesel,Manual,1,5.09,10
Mahindra Xylo,100000,Diesel,Manual,2,1.99,14
Hyundai i20,290000,Diesel,Manual,1,1.95,12
Hyundai i10,87250,Petrol,Manual,1,2.1,11
Hyundai Xcent,180000,Petrol,Manual,1,2.18,11
Hyundai Verna,84620,Diesel,Manual,2,5.16,8
Hyundai i20,54580,Petrol,Manual,1,1.24,15
Maruti Alto,34570,Petrol,Manual,2,3.9,3
KIA SONET,45380,Diesel,Auto,1,10.46,2
Ford Ecosport,89010,Diesel,Manual,1,3.57,9
Hyundai Verna,73300,Diesel,Manual,1,3.53,10
Hyundai Creta,95150,Diesel,Manual,2,5.5,9
Maruti Dzire,79360,Diesel,Manual,2,3.89,8
Jeep Compass,94280,Diesel,Manual,1,11.9,6
Toyota Etios Liva,120000,Diesel,Manual,2,2.0,12
Maruti BREZZA,16230,Petrol,Manual,2,9.25,3
Toyota Fortuner,92230,Diesel,Manual,2,10.8,10
Tata NEXON,11400,Petrol,Manual,1,7.92,1
KIA SELTOS,62700,Petrol,Manual,1,12.26,4
Renault Duster,90360,Diesel,Manual,3,2.98,11
Skoda KUSHAQ,17420,Petrol,Manual,1,8.95,3
Maruti Alto K10,63160,Petrol,Manual,2,2.42,6
Maruti Alto K10,70100,Petrol,Manual,2,1.43,13
Honda Amaze,93790,Diesel,Manual,1,5.5,6
Tata NEXON,51350,Diesel,Manual,1,10.71,2
KIA SONET,45710,Petrol,Manual,1,7.5,2
Jeep Compass,56000,Petrol,Manual,1,8.0,7
Maruti Wagon R 1.0,63520,Petrol,Manual,4,1.35,13
Maruti Ritz,170000,Diesel,Manual,3,1.52,12
Hyundai Elite i20,57250,Petrol,Manual,3,3.67,10
Mahindra MARAZZO,200000,Diesel,Manual,2,3.9,7
Maruti Baleno,89630,Diesel,Manual,1,5.36,7
Hyundai Grand i10,57910,Petrol,Manual,2,2.13,11
Renault Kwid,87210,Petrol,Manual,2,1.54,8
Hyundai Creta,67170,Diesel,Manual,2,5.5,6
Honda WR-V,75250,Diesel,Manual,1,4.5,7
Nissan Terrano,110000,Diesel,Manual,3,2.31,11
Tata Tiago,100000,Diesel,Manual,1,2.89,7
Tata PUNCH,32900,Petrol,Manual,1,5.98,1
Hyundai Verna,38410,Petrol,Manual,1,7.77,6
KIA SONET,120000,Diesel,Manual,1,7.36,5
Hyundai Grand i10,89290,Diesel,Manual,1,1.95,11
Maruti Wagon R 1.0,36870,Petrol,Manual,1,2.12,13
Honda City,110000,Petrol,Manual,2,2.5,14
Renault Duster,120000,Diesel,Auto,2,4.0,8
KIA SONET,75950,Diesel,Auto,1,8.2,5
Maruti S Cross,87500,Diesel,Manual,1,3.28,9
Maruti Alto 800,99040,Petrol,Manual,4,1.34,11
Hyundai i10,65540,Petrol,Manual,1,1.0,15
Hyundai Elite i20,77930,Petrol,Manual,1,4.93,7
Mahindra XUV500,72290,Diesel,Manual,2,5.0,8
Tata NEXON,200000,Diesel,Manual,1,5.14,8
Tata PUNCH,17950,Petrol,Manual,1,6.02,3
Tata Hexa,87180,Diesel,Manual,2,4.65,8
Hyundai VENUE,27300,Petrol,Manual,1,7.37,3
Honda Amaze,36610,Petrol,Auto,1,6.0,4
Maruti Dzire,33820,Petrol,Manual,1,4.4,6
Hyundai Elite i20,110000,Petrol,Manual,3,2.67,10
Hyundai Elite i20,229999,Petrol,Manual,1,3.54,9
Mahindra XUV500,70860,Diesel,Manual,2,4.62,8
Maruti Swift Dzire,370000,Diesel,Manual,1,2.2,10
Honda WR-V,39270,Petrol,Manual,1,5.98,6
Mahindra Thar,60000,Diesel,Auto,1,14.11,4
Maruti Swift Dzire,140000,Petrol,Manual,4,1.09,14
Maruti Swift Dzire,210000,Diesel,Manual,1,2.89,10
Maruti Ciaz,69960,Petrol,Manual,1,4.76,8
Hyundai Santro Xing,78140,Petrol,Manual,1,1.4,12
Audi Q7,130000,Diesel,Auto,3,3.9,14
Tata Tiago,33210,Petrol,Auto,1,5.98,4
Honda Amaze,110000,Petrol,Manual,2,3.53,7
Maruti Swift Dzire,66500,Petrol,Manual,1,2.37,12
Honda Amaze,57660,Diesel,Manual,1,4.46,6
KIA SELTOS,61690,Petrol,Auto,1,12.1,4
Maruti Wagon R 1.0,120000,Petrol,Manual,1,1.98,12
Hyundai XCENT PRIME,67010,Petrol,Manual,3,2.97,7
Maruti Celerio,110000,Petrol,Manual,2,2.94,7
Mahindra BOLERO NEO,58620,Diesel,Manual,1,9.42,4
Toyota Etios,150000,Diesel,Manual,1,2.4,12
Maruti Baleno,120000,Diesel,Manual,2,4.0,7
Honda Brio,78400,Petrol,Manual,1,2.9,12
Maruti Swift Dzire,82580,Diesel,Manual,2,2.0,12
Maruti Swift Dzire,140000,Diesel,Manual,1,1.57,14
Maruti Wagon R 1.0,87200,Petrol,Manual,2,1.72,12
Tata NEXON,83790,Diesel,Auto,1,7.95,3
Toyota Fortuner,180000,Diesel,Manual,2,4.5,15
Hyundai i10,95700,Petrol,Manual,1,1.2,13
Maruti Swift Dzire,78190,Diesel,Manual,1,3.26,10
Hyundai VENUE,130000,Diesel,Manual,1,6.99,6
Hyundai Creta,77510,Diesel,Manual,2,4.7,10
Volkswagen Polo,99640,Diesel,Manual,1,2.6,10
Honda Amaze,120000,Diesel,Manual,1,1.36,12
Maruti Baleno,74720,Diesel,Manual,1,3.52,9
Hyundai i10,142,Petrol,Manual,2,1.0,14
Maruti Swift Dzire,130000,Diesel,Manual,2,1.67,14
Nissan Sunny,63460,Petrol,Manual,2,1.42,14
Mahindra Kuv100,80160,Diesel,Manual,2,1.54,9
Maruti Wagon R 1.0,86150,Petrol,Manual,3,1.9,10
Maruti Wagon R 1.0,120000,Petrol,Manual,2,1.92,11
Maruti Baleno,41410,Petrol,Manual,1,6.28,4
Renault Duster,130000,Diesel,Manual,1,2.41,11
KIA SELTOS,140000,Diesel,Manual,1,7.44,6
Maruti Ciaz,120000,Diesel,Manual,1,3.71,9
Hyundai i10,27990,Petrol,Manual,1,1.7,12
Renault Lodgy,61170,Diesel,Manual,1,3.0,10
Maruti Baleno,7110,Petrol,Manual,2,4.6,2
Maruti Baleno,64440,Diesel,Manual,2,4.57,7
Tata NEXON,7470,Petrol,Manual,1,9.79,1
Datsun Redi Go,87460,Petrol,Manual,1,1.0,9
KIA SELTOS,70690,Diesel,Manual,1,8.0,6
Maruti New Wagon-R,17090,Petrol,Manual,1,5.38,2
Mahindra XUV300,38510,Diesel,Manual,1,8.8,2
Maruti Alto,36530,Petrol,Manual,2,2.66,5
Maruti Baleno,50030,Petrol,Manual,3,3.82,8
Tata NEXON,170000,Diesel,Manual,1,4.57,7
Maruti Alto,35070,Petrol,Manual,1,4.0,2
Maruti Wagon R 1.0,79170,Petrol,Manual,3,1.0,14
Maruti Ritz,80910,Diesel,Manual,3,1.19,15
Maruti Alto K10,63250,Petrol,Manual,1,1.0,13
Tata NEXON,58580,Petrol,Manual,1,8.82,4
Tata Safari,84290,Diesel,Manual,2,15.35,4
Hyundai NEW I20,55080,Petrol,Manual,1,8.1,2
Hyundai VENUE,21680,Petrol,Manual,1,7.7,1
Maruti Swift,73420,Diesel,Manual,2,2.67,11
Mahindra Thar,54980,Diesel,Manual,4,6.35,6
Hyundai i10,76710,Petrol,Manual,3,1.6,12
Tata Tiago,64530,Diesel,Manual,3,2.43,9
Toyota Innova Crysta,100000,Diesel,Auto,1,16.0,8
Maruti S Cross,51320,Diesel,Manual,1,5.86,7
Tata TIGOR,56670,Petrol,Manual,1,5.0,3
Maruti New Wagon-R,120000,Petrol,Manual,1,5.13,3
Renault Kwid,51120,Petrol,Manual,1,1.85,8
Maruti Celerio,92270,Petrol,Manual,2,3.81,5
Hyundai Creta,130000,Diesel,Manual,2,6.4,7
Maruti S Cross,76440,Diesel,Manual,2,3.36,9
KIA SONET,24720,Diesel,Manual,1,8.45,2
Maruti S Cross,120000,Diesel,Manual,1,4.9,8
Maruti Ciaz,150000,Diesel,Manual,1,3.2,9
Jeep Compass,93470,Diesel,Manual,2,7.3,8
Maruti Wagon R 1.0,68710,Petrol,Manual,2,1.13,14
Tata Harrier,35270,Diesel,Auto,1,17.72,4
Maruti New Wagon-R,17600,Petrol,Manual,1,5.5,1
Honda City,140000,Petrol,Manual,2,4.13,10
Tata NEXON,10110,Petrol,Manual,1,9.42,1
Hyundai i10,88860,Petrol,Manual,2,2.0,11
Renault Kwid,42220,Petrol,Manual,1,3.04,4
Honda Brio,51430,Petrol,Manual,2,2.0,12
Maruti Swift Dzire,67670,Petrol,Manual,1,3.7,6
Maruti IGNIS,20850,Petrol,Auto,1,6.0,3
Tata Safari,28510,Diesel,Manual,1,17.0,3
Maruti IGNIS,49680,Petrol,Manual,2,2.5,8
Maruti Alto K10,45000,Petrol,Auto,2,1.93,10
Maruti S Cross,210000,Diesel,Manual,1,3.0,8
Honda City,82630,Petrol,Manual,1,1.82,14
Hyundai Elite i20,72380,Petrol,Manual,1,4.61,6
Honda Civic,75970,Petrol,Manual,1,2.9,14
Hyundai i10,150000,Petrol,Manual,1,1.75,11
KIA SONET,30960,Petrol,Manual,1,10.13,2
Maruti Wagon R 1.0,110000,Petrol,Manual,2,2.26,11
Maruti Swift Dzire,97440,Petrol,Manual,2,2.58,11
Hyundai i10,90130,Petrol,Manual,3,1.05,13
Maruti Wagon R 1.0,20460,Petrol,Manual,1,3.55,7
Maruti Vitara Brezza,93440,Diesel,Manual,1,4.5,8
Maruti SX4,140000,Petrol,Manual,1,1.33,14
Maruti Vitara Brezza,220000,Diesel,Manual,1,5.26,8
Tata ALTROZ,24060,Petrol,Manual,1,6.5,3
Mahindra XUV500,73070,Diesel,Manual,2,4.9,8
Renault Duster,55710,Diesel,Manual,1,3.9,8
Maruti Swift Dzire,110000,Petrol,Manual,2,2.1,12
Hyundai Grand i10,18490,Petrol,Manual,1,2.39,12
Ford Figo,48040,Petrol,Manual,1,1.37,14
Hyundai AURA,67970,Petrol,Auto,2,5.32,5
Tata NEXON,120000,Diesel,Manual,1,8.61,3
Maruti Swift,70000,Petrol,Manual,1,1.15,14
Maruti Wagon R 1.0,100000,Petrol,Manual,2,1.98,9
Maruti Vitara Brezza,100000,Diesel,Manual,1,5.14,9
Hyundai Grand i10,66430,Diesel,Manual,3,2.56,9
Tata NEXON,69520,Diesel,Manual,2,7.0,5
Ford FREESTYLE,65379,Petrol,Manual,1,5.2,4
Hyundai Eon,130000,Petrol,Manual,2,2.07,8
Nissan Evalia,110000,Diesel,Manual,2,2.68,10
Maruti Wagon R 1.0,110000,Petrol,Manual,2,1.38,13
Renault TRIBER,290000,Petrol,Manual,1,3.5,6
Hyundai i10,80590,Petrol,Manual,3,2.33,11
Ford Figo,110000,Diesel,Manual,1,1.48,12
Hyundai Eon,229999,Petrol,Manual,3,1.2,10
Audi A6,120000,Diesel,Auto,3,2.75,15
Hyundai i20,59310,Petrol,Manual,1,3.3,12
Hyundai i10,80030,Petrol,Manual,2,2.31,9
Maruti Alto 800,71370,Petrol,Manual,1,2.47,8
Fiat PUNTO PURE,140000,Diesel,Manual,1,1.71,9
Renault Kwid,36210,Petrol,Auto,1,2.47,9
Maruti Swift,110000,Diesel,Manual,4,2.16,13
Tata TIGOR,210000,Petrol,Manual,1,3.1,8
Hyundai i10,120000,Petrol,Manual,2,1.36,14
Hyundai i20,84490,Petrol,Manual,2,2.1,13
Maruti Dzire,91220,Diesel,Auto,2,4.0,8
Hyundai Grand i10,70780,Petrol,Manual,1,4.55,6
Ford Ecosport,160000,Diesel,Manual,1,4.87,9
Maruti Ertiga,130000,Petrol,Manual,2,4.61,9
Volkswagen Vento,160000,Diesel,Manual,3,1.12,14
Honda City,140000,Petrol,Manual,2,1.98,14
Hyundai Elite i20,120000,Petrol,Manual,1,4.5,8
Toyota Innova Crysta,130000,Diesel,Manual,3,11.5,7
Maruti IGNIS,140000,Petrol,Manual,1,4.0,4
Mahindra Kuv100,140000,Diesel,Manual,1,3.0,7
Maruti Baleno,30910,Petrol,Manual,1,5.14,3
Maruti Dzire,14130,Petrol,Manual,1,8.36,1
Maruti Alto K10,21270,Petrol,Manual,1,3.5,3
Hyundai NEW SANTRO,89280,Petrol,Manual,1,3.3,6
Hyundai Eon,82420,Petrol,Manual,2,2.0,7
Maruti Eeco,25800,Petrol,Manual,1,6.44,1
Honda Jazz,130000,Diesel,Manual,2,3.1,10
Tata ALTROZ,47860,Diesel,Manual,1,7.25,2
Honda City,71940,Petrol,Auto,2,6.82,7
Hyundai Creta,120000,Petrol,Manual,1,7.5,7
Maruti BREZZA,21190,Petrol,Manual,1,8.24,3
Maruti Eeco,160000,Petrol,Manual,3,3.09,9
Maruti BREZZA,9670,Petrol,Manual,1,12.17,1
Renault Duster,130000,Diesel,Manual,1,2.85,11
Nissan MAGNITE,31000,Petrol,Manual,1,5.99,4
Jeep Compass,110000,Diesel,Manual,1,13.09,4
Tata Harrier,120000,Diesel,Manual,2,11.59,6
KIA SELTOS,24030,Petrol,Manual,2,12.5,3
Tata Hexa,88030,Diesel,Manual,1,7.22,7
MG HECTOR,64190,Diesel,Manual,1,14.03,4
Hyundai i10,46050,Petrol,Auto,2,1.62,15
Honda City,130000,Diesel,Manual,4,3.53,10
Hyundai Verna,130000,Diesel,Auto,3,3.05,10
Tata PUNCH,3760,Petrol,Manual,1,7.55,0
KIA SONET,25490,Diesel,Auto,1,12.73,1
Maruti Swift,88050,Petrol,Manual,1,4.26,5
Honda Amaze,200000,Diesel,Manual,2,1.94,11
KIA SONET,75300,Diesel,Manual,1,11.08,4
Volkswagen Polo,100000,Diesel,Manual,2,2.47,10
Maruti Swift,150000,Diesel,Manual,1,2.25,13
Skoda Rapid,210000,Diesel,Manual,4,2.31,12
Maruti Swift,71610,Petrol,Manual,2,1.21,15
Skoda Rapid,150000,Diesel,Manual,4,1.52,13
Tata Tiago,58320,Petrol,Manual,1,5.12,2
Maruti Celerio,160000,Petrol,Manual,1,2.85,6
Maruti Swift,250000,Diesel,Manual,1,3.52,12
Hyundai i20,97230,Petrol,Manual,2,2.8,11
Tata PUNCH,47810,Petrol,Manual,1,6.69,4
Maruti Zen Estilo,38680,Petrol,Manual,1,1.66,13
Hyundai i10,42730,Petrol,Manual,1,1.69,15
Tata Tiago,74560,Petrol,Manual,2,2.65,9
Hyundai i20,49930,Petrol,Manual,1,3.04,12
Maruti Swift Dzire,160000,Diesel,Manual,2,2.82,13
Ford Classic,240000,Diesel,Manual,1,1.28,12
Maruti Ertiga,85830,Diesel,Manual,3,3.99,11
Maruti Swift,160000,Diesel,Manual,3,3.78,10
Maruti Swift,98220,Diesel,Manual,2,3.46,11
Hyundai Eon,180000,Petrol,Manual,1,1.5,12
Maruti SX4,64810,Petrol,Manual,4,1.28,15
Hyundai Creta,87650,Diesel,Manual,1,5.25,9
Ford Fiesta,64209,Petrol,Manual,1,1.6,15
Maruti Swift Dzire,140000,Petrol,Manual,1,1.25,14
Maruti Ciaz,120000,Diesel,Manual,3,3.0,10
Honda Amaze,190000,Diesel,Manual,1,2.2,11
Mahindra Scorpio,98760,Diesel,Manual,3,10.0,7
Hyundai GRAND I10 NIOS,30980,Petrol,Manual,2,5.37,4
Maruti Alto K10,34080,Petrol,Auto,1,3.5,7
Maruti Baleno,72560,Petrol,Auto,3,4.4,7
Maruti Swift,140000,Diesel,Manual,3,2.45,13
Mahindra Thar,57240,Diesel,Auto,2,14.68,3
Volkswagen Ameo,96490,Diesel,Manual,1,4.75,8
Ford Figo,180000,Diesel,Manual,3,1.25,13
Hyundai Elite i20,110000,Petrol,Manual,1,5.49,6
Hyundai Creta,8170,Petrol,Auto,1,17.06,1
Hyundai Verna,75660,Diesel,Manual,2,3.69,10
Maruti XL6,22710,Petrol,Manual,1,9.5,3
Honda City,170000,Diesel,Manual,1,3.99,10
Mahindra KUV 100 NXT,220000,Petrol,Manual,2,2.5,8
Mahindra Thar,48010,Diesel,Manual,2,12.0,3
Tata NEXON,63990,Diesel,Auto,1,4.75,7
Tata Harrier,40310,Diesel,Manual,1,14.5,3
Maruti Ciaz,120000,Diesel,Manual,1,4.0,10
Hyundai Creta,67600,Diesel,Manual,1,6.9,9
Toyota Glanza,22670,Petrol,Auto,1,7.5,2
Maruti Ciaz,43040,Petrol,Manual,1,6.5,6
KIA SELTOS,63830,Petrol,Manual,2,7.9,6
Skoda SLAVIA,16830,Petrol,Auto,1,11.15,3
Maruti Ciaz,55260,Petrol,Manual,1,4.79,10
Mahindra KUV 100 NXT,68000,Petrol,Manual,2,3.82,7
Renault Lodgy,170000,Diesel,Manual,2,3.08,10
Volkswagen Vento,100000,Diesel,Manual,1,5.0,8
Hyundai Verna,66930,Diesel,Manual,1,9.43,4
Mahindra XUV500,38780,Diesel,Manual,1,14.23,4
Maruti Baleno,170000,Petrol,Manual,1,4.59,8
Jeep Compass,99750,Diesel,Auto,1,17.38,6
KIA SELTOS,26900,Petrol,Auto,1,12.56,5
Honda Amaze,100000,Diesel,Manual,2,5.01,7
Mahindra Thar,10540,Petrol,Manual,1,13.0,2
Mahindra XUV500,85890,Diesel,Manual,2,3.57,11
Audi A4,89180,Diesel,Auto,2,5.5,13
Tata Safari,22040,Diesel,Manual,1,15.5,3
Renault Duster,120000,Diesel,Manual,2,3.0,10
Hyundai Verna,84280,Petrol,Manual,1,7.87,5
Mahindra Thar,49670,Diesel,Manual,1,13.5,2
Maruti Swift,36420,Petrol,Auto,1,5.3,7
BMW 5 Series,91840,Diesel,Auto,2,12.47,12
Ford Endeavour,140000,Diesel,Auto,2,3.26,14
Jeep Compass,99210,Diesel,Manual,1,11.25,7
Hyundai Creta,40030,Diesel,Manual,1,13.0,2
Chevrolet Cruze,96280,Diesel,Manual,2,5.61,10
Mahindra XUV300,9480,Petrol,Manual,1,11.0,2
Hyundai ALCAZAR,110000,Diesel,Manual,2,11.5,4
Mahindra SCORPIO CLASSIC,26520,Diesel,Manual,1,15.5,3
MG HECTOR,41250,Petrol,Auto,1,15.5,2
Toyota Innova,180000,Diesel,Manual,1,6.0,12
Hyundai ALCAZAR,120000,Diesel,Auto,1,14.5,3
Tata Safari,88730,Diesel,Auto,1,16.5,4
Jeep Compass,91560,Diesel,Manual,1,9.23,8
Toyota Innova Crysta,100000,Diesel,Manual,2,16.06,7
Tata Hexa,130000,Diesel,Auto,1,9.33,7
Honda Amaze,92310,Petrol,Manual,1,4.69,6
Maruti Celerio,11110,Petrol,Manual,1,4.89,1
Maruti Alto K10,84390,Petrol,Manual,1,2.28,10
Volkswagen Polo,75390,Petrol,Manual,2,3.99,6
Honda Amaze,35950,Petrol,Manual,1,6.4,2
Tata Tiago,66060,Petrol,Manual,1,3.09,7
Tata NEXON,20370,CNG,Manual,1,7.61,2
Hyundai VENUE,36180,Petrol,Manual,1,6.86,3
Jeep Compass,95730,Diesel,Manual,1,6.93,8
Hyundai Elite i20,32600,Petrol,Manual,2,4.25,9
Tata ALTROZ,19330,Petrol,Manual,1,6.01,4
Hyundai Grand i10,96570,Diesel,Manual,2,2.81,9
Maruti Alto,72000,Petrol,Manual,1,3.23,3
Maruti Grand Vitara,22520,Petrol,Manual,1,10.8,1
Skoda Rapid,71510,Diesel,Manual,2,4.01,8
Maruti Swift Dzire,54930,Petrol,Manual,1,3.15,11
Maruti Baleno,69580,Petrol,Manual,2,4.8,6
Tata PUNCH,24840,Petrol,Auto,2,5.01,3
Renault Kwid,50740,Petrol,Manual,1,3.18,4
Hyundai NEW I20,52360,Petrol,Manual,2,5.78,5
Hyundai i10,130000,Petrol,Manual,2,1.84,12
Tata TIGOR,160000,Petrol,Manual,1,3.57,8
Maruti Swift Dzire,110000,Diesel,Manual,1,3.0,12
Nissan MAGNITE,15070,Petrol,Manual,1,5.0,3
Maruti Wagon R 1.0,120000,Petrol,Manual,2,2.34,9
Maruti Swift Dzire,130000,Diesel,Manual,3,3.14,9
Ford Ecosport,84640,Diesel,Manual,3,2.89,9
Hyundai Santro Xing,44400,Petrol,Manual,2,1.0,14
Maruti Swift Dzire,83160,Diesel,Manual,2,3.65,11
Maruti Baleno,57200,Petrol,Manual,1,5.23,4
Skoda Rapid,120000,Diesel,Manual,2,1.82,12
Hyundai Eon,99150,Petrol,Manual,3,1.75,8
Maruti Wagon R 1.0,190000,Petrol,Manual,6,1.34,13
Volkswagen Polo,78700,Diesel,Manual,3,1.36,13
Maruti Swift,69430,Petrol,Manual,2,3.68,8
Maruti Swift,86410,Diesel,Manual,2,2.69,12
Maruti Wagon R 1.0,110000,Petrol,Manual,3,1.84,9
Maruti Ertiga,180000,Diesel,Manual,1,5.42,11
Hyundai Verna,99320,Diesel,Auto,2,6.39,7
Maruti Swift,140000,Petrol,Manual,1,3.25,8
Maruti Swift,180000,Diesel,Manual,2,2.36,11
Tata ALTROZ,74420,Petrol,Manual,2,4.51,5
Honda Jazz,150000,Petrol,Manual,2,1.3,15
Hyundai Elite i20,78720,Petrol,Manual,3,3.67,8
Hyundai Grand i10,74790,Diesel,Manual,2,2.43,8
Maruti Ertiga,130000,Diesel,Manual,2,5.75,8
Maruti Swift Dzire,140000,Diesel,Manual,2,3.56,10
Volkswagen Polo,140000,Diesel,Manual,2,1.4,12
Maruti Wagon R 1.0,150000,Petrol,Manual,1,1.68,13
Maruti Wagon R 1.0,120000,Petrol,Manual,4,2.44,8
Maruti Ciaz,100000,Diesel,Manual,2,4.09,8
Hyundai Grand i10,89420,Petrol,Manual,3,2.5,9
Hyundai AURA,70190,Petrol,Manual,1,5.48,4
Maruti Swift Dzire,140000,Diesel,Manual,2,2.88,11
Hyundai GRAND I10 NIOS,45730,Petrol,Auto,1,5.3,4
Maruti Vitara Brezza,81600,Diesel,Manual,1,5.99,8
Toyota Etios Liva,110000,Diesel,Manual,2,3.05,10
Maruti Swift Dzire,70960,Petrol,Manual,2,3.0,10
Tata Indica Vista,130000,Diesel,Manual,2,1.05,13
Tata ALTROZ,61050,Petrol,Manual,1,6.25,4
Mercedes Benz E Class,76510,Diesel,Auto,3,3.0,15
Renault Duster,150000,Diesel,Manual,3,2.19,11
Maruti New Wagon-R,14960,Petrol,Manual,1,4.75,3
Maruti Celerio,91330,Petrol,Manual,3,2.94,8
Maruti Vitara Brezza,78840,Diesel,Manual,2,4.98,7
Tata TIGOR,23690,Petrol,Manual,1,6.31,1
Maruti Swift,38770,Petrol,Manual,1,8.0,1
Ford Ecosport,130000,Diesel,Manual,2,2.28,12
Hyundai Elite i20,120000,Diesel,Manual,4,3.26,8
Tata TIGOR,84970,Petrol,Manual,1,5.67,3
Renault Duster,88620,Diesel,Auto,2,5.28,8
Toyota Etios,140000,Petrol,Manual,1,2.66,11
Renault TRIBER,160000,Petrol,Manual,2,3.94,4
Toyota Etios Liva,85560,Petrol,Manual,2,1.67,13
Tata NEXON,36780,Diesel,Manual,2,9.78,3
Renault TRIBER,110000,Petrol,Manual,2,3.8,5
Tata Harrier,80690,Diesel,Manual,2,16.95,3
Tata Tiago,95680,Diesel,Manual,2,3.53,8
Tata Harrier,55390,Diesel,Manual,2,17.65,3
Hyundai Elite i20,56820,Petrol,Manual,3,3.5,9
Mahindra TUV300,140000,Diesel,Manual,2,4.3,9
Mahindra XUV 3XO,27830,Petrol,Auto,1,13.5,1
KIA SONET,77860,Petrol,Manual,1,7.0,5
Toyota YARIS,38130,Petrol,Manual,2,6.5,4
Hyundai Grand i10,8940,Petrol,Manual,1,4.71,5
Mahindra XUV500,110000,Diesel,Manual,1,3.25,11
Hyundai GRAND I10 NIOS,40000,Petrol,Manual,1,5.1,4
Maruti Eeco,66500,Petrol,Manual,2,3.15,6
Ford Ecosport,90720,Diesel,Manual,1,5.2,7
Hyundai Verna,99770,Diesel,Manual,1,10.92,4
Hyundai Creta,88480,Diesel,Manual,2,5.63,10
Maruti Vitara Brezza,67420,Diesel,Manual,2,4.5,8
Mahindra XUV500,70420,Diesel,Manual,3,3.6,10
KIA SELTOS,79060,Diesel,Manual,1,9.5,5
Maruti Baleno,100000,Diesel,Manual,2,3.59,9
Tata ALTROZ,30270,Petrol,Manual,1,8.07,2
Hyundai Grand i10,100000,Diesel,Manual,2,3.07,8
Mahindra SCORPIO CLASSIC,21230,Diesel,Manual,1,18.23,1
Mahindra Kuv100,110000,Petrol,Manual,1,3.5,6
Mahindra Scorpio,140000,Diesel,Manual,2,5.7,11
Tata Harrier,86070,Diesel,Manual,2,10.0,6
Audi Q5,91080,Diesel,Auto,1,6.25,12
Maruti S Cross,100000,Diesel,Manual,1,6.5,6
Mahindra Bolero,74920,Diesel,Manual,1,6.52,6
Maruti Swift,82260,Diesel,Manual,2,4.67,7
Honda City,40900,Petrol,Auto,2,9.02,6
Tata NEXON,30370,Petrol,Manual,1,8.56,3
Hyundai Creta,95750,Diesel,Auto,4,5.75,9
Toyota Innova,420000,Diesel,Manual,1,3.45,14
Volkswagen TAIGUN,27090,Petrol,Manual,1,12.0,3
Maruti BREZZA,28460,Petrol,Manual,1,10.31,1
Audi Q5,140000,Diesel,Auto,2,8.1,10
Toyota Innova,140000,Diesel,Manual,3,5.05,10
Tata Harrier,160000,Diesel,Manual,1,11.5,6
Maruti Eeco,65360,Petrol,Manual,1,3.15,7
Tata Safari Storme,160000,Diesel,Manual,1,3.6,12
Tata Safari,32409,Diesel,Auto,1,17.0,2
Tata Harrier,45880,Diesel,Manual,3,12.0,5
Volkswagen Polo,140000,Petrol,Auto,4,3.0,9
Maruti Alto 800,120000,Petrol,Manual,5,1.43,11
Hyundai i20,90620,Diesel,Manual,3,1.51,14
Maruti Swift Dzire,220000,Diesel,Manual,2,2.99,11
Ford Figo,91990,Diesel,Manual,1,1.27,13
Maruti Vitara Brezza,120000,Diesel,Manual,1,6.5,9
Hyundai Elite i20,190000,Diesel,Manual,1,4.5,6
Maruti Wagon R 1.0,88990,Petrol,Manual,2,2.85,7
Mahindra KUV 100 NXT,110000,Petrol,Manual,2,2.67,7
Hyundai Grand i10,54440,Petrol,Manual,1,3.96,9
Maruti Swift Dzire,130000,Diesel,Manual,3,2.96,11
Maruti Ciaz,71570,Diesel,Manual,1,4.66,10
Hyundai GRAND I10 NIOS,60740,Petrol,Manual,1,5.91,3
Maruti Swift,93600,Petrol,Manual,1,5.14,5
Hyundai Xcent,82830,Diesel,Manual,2,2.36,11
Maruti S PRESSO,140000,Petrol,Manual,1,2.91,5
Tata Indigo ECS,110000,Diesel,Manual,2,1.33,11
Maruti Alto,23290,Petrol,Manual,1,2.68,6
Tata ALTROZ,21490,Petrol,Manual,1,7.0,1
Honda Amaze,51440,Petrol,Manual,1,5.7,5
Maruti Ertiga,90600,Petrol,Manual,1,8.79,5
Jeep Compass,84750,Diesel,Manual,1,7.04,7
Audi A4,130000,Diesel,Auto,1,9.51,12
Volkswagen TIGUAN,170000,Diesel,Auto,3,9.06,8
Maruti Eeco,55900,Petrol,Manual,1,5.16,2
BMW 3 Series,98900,Diesel,Auto,2,6.7,10
Honda City,190000,Petrol,Auto,4,3.71,11
Tata Harrier,81310,Diesel,Manual,1,9.1,6
MG HECTOR,130000,Petrol,Auto,1,8.0,6
Honda City,25310,Petrol,Manual,1,10.0,4
Hyundai NEW SANTRO,17470,Petrol,Manual,1,5.29,3
Renault Captur,94670,Diesel,Manual,1,5.29,8
KIA SYROS,801,Petrol,Manual,1,13.24,0
Volkswagen Passat,160000,Diesel,Auto,1,3.74,13
Volkswagen VIRTUS,46920,Petrol,Auto,1,12.29,3
Hyundai Elite i20,26130,Petrol,Manual,2,3.75,7
Maruti Ertiga,64099,Petrol,Manual,4,5.5,8
MG HECTOR PLUS,65930,Diesel,Manual,2,12.05,4
Mahindra NUVOSPORT,90450,Diesel,Manual,3,3.24,9
Hyundai Verna,120000,Diesel,Manual,2,3.52,15
Maruti Ciaz,60020,Petrol,Manual,1,8.37,7
Renault TRIBER,32810,Petrol,Manual,1,4.5,6
Maruti Ciaz,77270,Petrol,Manual,1,8.95,5
Honda City,59640,Diesel,Manual,1,10.95,3
Hyundai Creta,140000,Diesel,Manual,3,4.75,8
Maruti Dzire,150000,Petrol,Manual,2,4.5,6
Hyundai Eon,93230,Petrol,Manual,3,1.1,13
Ford Fiesta Classic,140000,Diesel,Manual,1,1.6,13
Maruti Alto K10,43980,Petrol,Manual,2,1.4,14
Jeep Compass,120000,Diesel,Auto,1,14.0,4
Honda Amaze,10370,Petrol,Manual,1,4.5,7
Mahindra XUV300,87390,Diesel,Manual,1,7.0,6
Maruti Alto 800,66430,Petrol,Manual,2,1.99,9
Tata NEXON,140000,Petrol,Manual,1,5.5,6
Mahindra XUV500,79710,Diesel,Manual,1,6.0,10
Maruti New Wagon-R,36510,Petrol,Manual,1,6.39,3
Hyundai Grand i10,46800,Petrol,Manual,2,4.95,7
Tata Zest,1130000,Diesel,Manual,2,1.8,11
Maruti SX4,79860,Petrol,Manual,2,1.42,15
Hyundai Elite i20,76760,Petrol,Manual,2,5.15,7
Honda WR-V,86190,Diesel,Manual,1,9.0,5
Maruti Vitara Brezza,90570,Diesel,Manual,1,6.75,8
Renault Kwid,48130,Petrol,Auto,4,2.53,8
Maruti Swift Dzire,120000,Diesel,Manual,2,4.5,13
Maruti Vitara Brezza,61890,Petrol,Manual,1,6.22,5
Chevrolet Beat,50410,Diesel,Manual,1,1.17,13
Maruti Ritz,4900,Petrol,Manual,1,1.35,15
Maruti Swift,130000,Diesel,Manual,1,4.41,12
Maruti Swift Dzire,190000,Diesel,Manual,1,4.66,12
Maruti Ciaz,61380,Petrol,Manual,3,4.98,10
Hyundai i10,70030,Petrol,Manual,1,1.9,14
Fiat Grand Punto,190000,Diesel,Manual,1,2.28,11
Jeep Compass,180000,Diesel,Manual,2,8.19,8
Nissan Sunny,80370,Petrol,Manual,2,2.45,14
Hyundai Eon,81730,Petrol,Manual,2,1.71,13
Fiat Grand Punto,100000,Diesel,Manual,3,1.29,14
Renault Fluence,160000,Diesel,Manual,2,1.9,14
Maruti Celerio,76870,Petrol,Manual,2,3.29,11
Mahindra XUV500,43860,Diesel,Manual,2,14.19,6
Hyundai Verna,200000,Diesel,Manual,3,2.7,13
Volkswagen Polo,130000,Diesel,Manual,3,2.93,11
Skoda Rapid,90300,Diesel,Manual,1,3.56,13
Mahindra XUV700,18970,Diesel,Manual,1,16.92,3
Hyundai Verna,56910,Petrol,Manual,2,7.1,7
Maruti Celerio,15580,Petrol,Auto,1,6.5,1
Jeep Compass,120000,Diesel,Manual,1,9.0,7
MG ASTOR,32580,Petrol,Auto,1,13.0,3
Chevrolet Captiva,110000,Diesel,Manual,3,2.84,14
KIA SELTOS,110000,Diesel,Manual,2,12.0,5
Hyundai Creta,48400,Petrol,Manual,2,8.58,6
Chevrolet Enjoy,98920,Diesel,Manual,2,3.24,11
Mahindra XUV700,17390,Petrol,Manual,1,18.5,2
KIA SELTOS,120000,Diesel,Manual,1,10.11,4
Skoda SLAVIA,15220,Petrol,Auto,1,17.5,1
Ford Figo Aspire,180000,Diesel,Manual,1,5.34,8
KIA SELTOS,52180,Petrol,Manual,2,11.32,5
Toyota Innova Crysta,180000,Diesel,Manual,1,14.75,9
Force Motors GURKHA,41220,Diesel,Manual,1,11.1,3
KIA SONET,67100,Diesel,Manual,1,10.85,2
Hyundai Grand i10,90830,Petrol,Manual,1,4.5,11
Tata NEXON EV,53950,Electric,Auto,1,9.69,3
Hyundai i10,56970,Petrol,Manual,2,1.98,13
Hyundai Accent,130000,Petrol,Manual,2,1.34,13
Renault Kiger,20170,Petrol,Manual,1,7.5,2
Hyundai i10,65190,Petrol,Manual,2,1.37,15
Mahindra Thar,42480,Petrol,Auto,1,10.44,4
Tata Tiago,92850,Petrol,Manual,1,6.18,3
Mahindra XUV300,160000,Diesel,Manual,2,8.09,4
Maruti S Cross,29040,Petrol,Manual,1,9.5,5
Maruti Swift,89070,Petrol,Manual,4,3.22,11
Tata TIGOR,11710,Petrol,Manual,1,5.5,4
Maruti Alto 800,160000,Petrol,Manual,1,2.84,10
Datsun Redi Go,190000,Petrol,Manual,1,2.28,8
Maruti OMNI E,98340,Petrol,Manual,3,2.87,7
Hyundai i20,98560,Petrol,Manual,2,2.99,11
Toyota Glanza,120000,Petrol,Manual,1,6.0,5
Ford Figo,84920,Petrol,Manual,2,2.26,11
Tata Indica Vista,220000,Diesel,Manual,3,1.18,11
Maruti Celerio,25230,Petrol,Manual,2,5.7,3
Maruti Ciaz,67870,Petrol,Manual,1,4.85,8
Mahindra XUV500,180000,Diesel,Manual,5,2.6,14
Volkswagen Vento,160000,Diesel,Manual,2,6.0,8
Maruti Ritz,120000,Petrol,Manual,3,2.19,14
Hyundai i20,130000,Diesel,Manual,2,2.85,13
Maruti S Cross,100000,Diesel,Manual,2,6.88,8
Maruti SX4,110000,Diesel,Manual,3,1.73,14
Ford Ecosport,84710,Diesel,Manual,2,6.84,8
Renault Duster,75730,Diesel,Manual,5,3.27,12
Maruti Dzire,64519,Petrol,Manual,1,7.0,3
Renault Duster,180000,Diesel,Manual,2,3.25,12
Hyundai EXTER,50630,Petrol,Manual,1,8.75,1
Ford Ecosport,220000,Diesel,Manual,3,3.94,12
Toyota Glanza,51140,Petrol,Manual,1,6.25,4
Maruti Baleno,28010,Petrol,Manual,1,6.0,8
Toyota URBAN CRUISER,51990,Petrol,Manual,2,8.51,3
Tata Harrier,140000,Diesel,Manual,1,13.81,6
Renault Duster,220000,Diesel,Manual,2,3.77,12
Mahindra BOLERO NEO,130000,Diesel,Manual,1,10.5,4
Mahindra XUV300,140000,Diesel,Manual,1,9.0,4
Hyundai i10,84650,Petrol,Manual,2,2.74,10
Maruti Wagon R 1.0,56430,Petrol,Manual,2,1.83,13
Maruti Wagon R 1.0,190000,Petrol,Manual,1,1.5,11
Toyota Etios,79250,Petrol,Manual,1,2.26,14
Honda City,97850,Petrol,Manual,3,1.59,14
Hyundai i10,110000,Petrol,Manual,2,1.27,15
Maruti Wagon R 1.0,47630,Petrol,Manual,1,2.86,8
Hyundai Grand i10,86360,Diesel,Manual,2,3.55,9
Maruti Alto,73350,Petrol,Manual,1,3.03,6
Ford Ecosport,76960,Diesel,Manual,2,6.19,7
Maruti Ciaz,100000,Petrol,Manual,2,4.84,8
Maruti Celerio,83680,Petrol,Auto,1,3.79,7
Toyota Glanza,2680,Petrol,Auto,1,10.2,0
Maruti Eeco,84960,Petrol,Manual,2,3.79,7
MG HECTOR PLUS,87050,Petrol,Manual,1,14.32,4
Volvo S60,110000,Diesel,Auto,3,9.23,10
Hyundai Creta,82370,Petrol,Manual,2,6.5,10
Mercedes Benz C Class,65069,Diesel,Auto,1,18.59,7
Toyota Innova,130000,Diesel,Manual,2,5.3,12
Maruti Dzire,67540,Petrol,Auto,1,6.4,3
Maruti Alto K10,65030,Petrol,Manual,2,1.22,14
Tata TIGOR,14240,Petrol,Manual,2,6.14,2
Tata PUNCH,42110,Petrol,Manual,1,7.35,1
Hyundai Creta,79010,Diesel,Manual,3,8.82,9
Hyundai VENUE,27690,Petrol,Manual,1,7.3,5
Mahindra XUV700,91810,Diesel,Manual,1,15.5,3
BMW X3,150000,Diesel,Auto,1,17.72,9
MG ASTOR,20120,Petrol,Manual,1,10.13,3
Mahindra BOLERO NEO,82540,Diesel,Manual,1,8.9,2
Tata Bolt,31030,Petrol,Manual,2,2.76,9
Hyundai Eon,45700,Petrol,Manual,2,2.5,8
Hyundai Eon,61920,Petrol,Manual,2,2.12,11
Maruti Baleno,6220,Petrol,Manual,1,5.0,4
Hyundai i20 Active,64610,Petrol,Manual,1,5.0,6
Mahindra Kuv100,30710,Petrol,Manual,2,2.5,8
Hyundai Verna,99920,Petrol,Manual,2,2.58,13
Tata Bolt,49330,Petrol,Manual,2,2.05,10
Maruti Ertiga,94570,Petrol,Manual,1,7.0,6
Toyota Etios,76300,Diesel,Manual,3,2.21,12
Maruti Alto 800,18340,Petrol,Manual,1,3.03,9
Renault Kwid,25860,Petrol,Manual,2,2.5,9
Maruti Ertiga,39060,Petrol,Manual,1,4.0,11
Renault TRIBER,66200,Petrol,Manual,3,3.95,5
Datsun Go Plus,83100,Petrol,Manual,3,1.4,10
Maruti Wagon R 1.0,41960,Petrol,Manual,3,1.97,10
Maruti Zen Estilo,110000,Petrol,Manual,2,1.2,15
KIA SONET,89450,Diesel,Manual,1,6.0,5
Maruti Zen Estilo,110000,Petrol,Manual,2,1.0,14
Maruti Zen Estilo,96110,Petrol,Manual,2,1.1,15
Maruti Swift,43110,Diesel,Manual,1,3.55,8
Hyundai i10,55040,Petrol,Manual,1,1.78,16
Renault Kwid,11080,Petrol,Manual,1,2.3,7
Honda City,50590,Petrol,Manual,5,1.26,15
Maruti Wagon R 1.0,33580,Petrol,Manual,3,1.5,13
Maruti Ritz,38360,Petrol,Manual,3,1.62,14
Mahindra XUV500,89120,Diesel,Manual,3,3.78,11
Hyundai Eon,39530,Petrol,Manual,3,1.45,13
Maruti Alto,130000,Petrol,Manual,4,1.0,15
Renault Kwid,22920,Petrol,Manual,1,2.5,9
Hyundai Creta,51110,Diesel,Manual,1,6.0,9
Hyundai Elite i20,36850,Petrol,Manual,2,3.4,10
Renault TRIBER,27960,Petrol,Manual,1,4.3,6
Tata Tiago,59860,Petrol,Auto,1,4.71,5
KIA CARENS,29660,Petrol,Auto,1,15.0,2
Maruti Swift,22640,Petrol,Manual,2,5.3,4
Landrover Freelander 2,86610,Diesel,Auto,3,5.74,13
Hyundai Elite i20,52700,Petrol,Manual,3,3.52,10
Nissan MAGNITE,23540,Petrol,Manual,1,7.52,2
Ford Ecosport,53760,Diesel,Manual,2,3.8,9
Mahindra XUV500,56860,Diesel,Manual,2,5.02,9
Mahindra XUV500,110000,Diesel,Manual,3,6.73,8
Volkswagen Polo,38260,Petrol,Manual,2,4.0,10
Maruti XL6,19170,Petrol,Auto,1,12.26,2
Ford New Figo,77200,Petrol,Manual,1,2.93,10
Tata NEXON,6090,Petrol,Manual,1,11.59,1
Honda City,91410,Diesel,Manual,2,4.31,9
KIA SONET,3050,Petrol,Manual,1,9.0,1
Hyundai VENUE,15990,Petrol,Manual,1,9.0,3
Maruti Ciaz,45330,Petrol,Manual,2,5.53,5
Maruti Ertiga,33940,Petrol,Manual,1,6.5,7
Skoda Rapid,60010,Diesel,Manual,1,8.5,6
Mahindra Bolero,140000,Diesel,Manual,1,5.7,8
Maruti S PRESSO,24460,Petrol,Manual,2,3.92,4
Maruti Dzire,82690,Petrol,Manual,3,4.5,8
Tata ALTROZ,34980,Diesel,Manual,1,7.16,2
Maruti Swift,92830,Petrol,Manual,3,2.97,11
Nissan MAGNITE,23410,Petrol,Manual,1,5.92,2
Renault Kwid,15500,Petrol,Auto,1,6.26,2
Hyundai Verna,90830,Diesel,Manual,3,1.58,14
Maruti Swift,100000,Petrol,Manual,2,3.46,11
Maruti Wagon R 1.0,160000,Petrol,Manual,2,1.49,14
Hyundai GRAND I10 NIOS,120000,Petrol,Manual,1,4.2,5
Tata Hexa,130000,Diesel,Auto,1,7.49,8
Hyundai Grand i10,91590,Petrol,Manual,3,2.97,10
Hyundai Verna,82770,Diesel,Manual,2,2.46,12
Maruti Alto 800,75500,Petrol,Manual,2,1.95,9
Renault Kwid,88450,Petrol,Manual,2,1.63,10
Maruti IGNIS,130000,Diesel,Manual,2,3.47,8
Maruti Wagon R 1.0,150000,Petrol,Manual,3,1.55,14
Maruti IGNIS,77810,Petrol,Manual,1,3.84,6
Maruti Vitara Brezza,81700,Diesel,Manual,2,5.72,7
Hyundai Verna,100000,Diesel,Manual,2,2.7,12
Maruti Swift,17430,Petrol,Manual,1,8.53,1
Hyundai Creta,190000,Diesel,Manual,3,6.92,6
Mahindra TUV300,140000,Diesel,Manual,2,3.87,9
KIA SONET,18970,Diesel,Manual,1,12.08,2
CITROEN C3,12490,Petrol,Manual,1,6.92,2
Skoda KUSHAQ,21160,Petrol,Manual,1,14.15,2
Maruti Vitara Brezza,92920,Diesel,Manual,2,6.32,9
Mahindra TUV300,85130,Diesel,Manual,2,6.99,6
KIA SELTOS,110000,Petrol,Auto,1,10.0,4
Tata Tiago,35240,Petrol,Auto,2,4.53,6
Tata NEXON EV,65730,Electric,Auto,1,12.1,3
KIA SELTOS,99120,Diesel,Auto,2,13.7,4
KIA SONET,86960,Diesel,Auto,1,11.0,3
Skoda Rapid,93550,Petrol,Manual,2,5.5,5
Maruti Eeco,150000,Petrol,Manual,1,5.29,5
Chevrolet Tavera,390000,Diesel,Manual,1,2.43,15
Maruti Grand Vitara,667,Hybrid,Auto,1,17.29,1
Hyundai Grand i10,120000,Petrol,Auto,2,3.5,11
Maruti Ritz,19670,Petrol,Manual,3,2.0,15
Maruti Swift,56320,Petrol,Manual,1,1.4,14
Hyundai i20,150000,Diesel,Manual,1,3.04,14
Tata NEXON,15780,Petrol,Manual,1,11.0,1
Chevrolet Tavera,140000,Diesel,Manual,1,3.36,13
Mahindra MARAZZO,120000,Diesel,Manual,1,6.23,7
Hyundai AURA,31460,Petrol,Manual,1,8.25,1
Toyota Corolla Altis,65590,Petrol,Auto,1,6.5,10
Maruti Dzire,18370,Petrol,Manual,1,7.5,5
KIA SONET,58420,Diesel,Auto,2,8.75,4
KIA SELTOS,58890,Diesel,Auto,1,16.0,4
KIA SONET,34330,Diesel,Manual,1,11.66,2
Maruti Eeco,2000000,Petrol,Manual,2,1.3,10
Maruti Celerio,120000,Petrol,Manual,3,2.4,8
Maruti Alto K10,1530,Petrol,Manual,1,4.5,1
Hyundai GRAND I10 NIOS,40390,Petrol,Manual,3,4.5,5
Maruti Baleno,69830,Petrol,Manual,1,4.5,6
Mahindra Bolero,79620,Diesel,Manual,1,8.48,4
Maruti Ertiga,78270,Petrol,Manual,1,6.8,7
Maruti Swift Dzire,200000,Petrol,Manual,2,1.42,15
Maruti S PRESSO,97200,Petrol,Manual,1,4.56,4
Hyundai Creta,100000,Diesel,Auto,1,7.0,9
Mahindra XUV500,140000,Diesel,Manual,1,5.0,8
Maruti New Wagon-R,89100,Petrol,Manual,3,3.71,6
Hyundai i10,83620,Petrol,Manual,2,1.0,15
Nissan MAGNITE,72200,Petrol,Manual,1,4.66,4
Hyundai VENUE,75790,Petrol,Manual,1,6.79,4
Maruti Ciaz,84920,Petrol,Manual,2,5.05,7
Mahindra XUV500,140000,Diesel,Manual,1,5.47,9
Maruti Alto 800,81170,Petrol,Manual,2,3.52,13
Mahindra BOLERO NEO,63600,Diesel,Manual,1,8.49,3
Tata Hexa,110000,Diesel,Manual,1,7.08,7
Honda Amaze,92310,Petrol,Manual,1,4.69,6
Maruti Celerio,11110,Petrol,Manual,1,4.89,1
Maruti Alto K10,84390,Petrol,Manual,1,2.28,10
Volkswagen Polo,75390,Petrol,Manual,2,3.99,6
Honda Amaze,35950,Petrol,Manual,1,6.4,2
Tata Tiago,66060,Petrol,Manual,1,3.09,7
Tata NEXON,20370,CNG,Manual,1,7.61,2
Hyundai VENUE,36180,Petrol,Manual,1,6.86,3
Jeep Compass,95730,Diesel,Manual,1,6.93,8
Hyundai Elite i20,32600,Petrol,Manual,2,4.25,9
Tata ALTROZ,19330,Petrol,Manual,1,6.01,4
Hyundai Grand i10,96570,Diesel,Manual,2,2.81,9
Maruti Alto,72000,Petrol,Manual,1,3.23,3
Maruti Grand Vitara,22520,Petrol,Manual,1,10.8,1
Skoda Rapid,71510,Diesel,Manual,2,4.01,8
Maruti Swift Dzire,54930,Petrol,Manual,1,3.15,11
Maruti Baleno,69580,Petrol,Manual,2,4.8,6
Tata PUNCH,24840,Petrol,Auto,2,5.01,3
Renault Kwid,50740,Petrol,Manual,1,3.18,4
Hyundai NEW I20,52360,Petrol,Manual,2,5.78,5
Tata ALTROZ,69810,Petrol,Manual,1,4.79,5
Maruti Vitara Brezza,36970,Petrol,Manual,1,7.65,3
Hyundai Grand i10,25800,Petrol,Manual,2,3.09,9
Renault Kwid,54590,Petrol,Auto,1,2.63,8
Volkswagen Polo,73780,Petrol,Manual,1,5.13,5
Maruti Alto K10,2740,Petrol,Manual,1,4.13,1
Mahindra XUV500,99990,Diesel,Manual,1,7.7,6
Hyundai i20 Active,78980,Petrol,Manual,2,3.89,9
Maruti Ciaz,96690,Diesel,Manual,1,4.59,8
Hyundai NEW I20,15760,Petrol,Manual,1,6.79,2
Toyota Glanza,79830,Petrol,Manual,1,5.39,5
Hyundai GRAND I10 NIOS,7680,CNG,Manual,1,6.0,2
KIA CARENS,11590,Petrol,Manual,1,10.58,3
Tata NEXON,92050,Diesel,Manual,1,4.31,8
Maruti Ertiga,74320,Petrol,Manual,1,7.25,5
Maruti Alto,33980,CNG,Manual,1,3.87,2
Maruti Alto 800,67010,Petrol,Manual,1,2.37,9
Skoda SLAVIA,5330,Petrol,Auto,1,12.46,3
Hyundai Grand i10,24900,Petrol,Manual,1,3.6,8
Hyundai i10,43820,Petrol,Manual,1,2.21,12
Honda City,59300,Petrol,Auto,2,8.29,4
Renault Kwid,32560,Petrol,Manual,1,3.33,4
Hyundai Grand i10,48260,Petrol,Manual,1,3.19,9
Renault Kwid,52140,Petrol,Manual,1,3.39,3
Honda Amaze,24470,Petrol,Manual,1,6.96,1
Toyota Innova,91010,Diesel,Manual,3,6.69,10
Maruti Baleno,59970,Petrol,Manual,1,5.06,7
Honda City,86860,Petrol,Manual,2,6.3,6
Maruti Baleno,23400,Petrol,Auto,1,7.55,2
Hyundai NEW I20,11900,Petrol,Auto,1,8.45,1
MG HECTOR,33890,Diesel,Manual,1,12.29,5
Tata ALTROZ,73240,Diesel,Manual,1,5.99,4
Renault TRIBER,41180,Petrol,Manual,2,4.68,4
Tata PUNCH,15590,Petrol,Manual,1,6.76,2
Hyundai VENUE,41660,Petrol,Auto,1,8.79,3
Hyundai Creta,58330,Petrol,Auto,1,12.8,5
Hyundai Creta,85020,Diesel,Manual,1,5.95,10
Hyundai VENUE,65660,Petrol,Manual,1,6.25,5
Maruti Vitara Brezza,58340,Petrol,Manual,1,6.91,5
Jeep Compass,33400,Petrol,Manual,2,9.08,5
Maruti Ertiga,89350,Diesel,Manual,1,4.96,9
Tata NEXON,36490,Petrol,Manual,1,8.46,2
Honda City,78180,Petrol,Auto,2,8.08,5
Tata NEXON,35940,Petrol,Manual,1,7.6,3
Mahindra XUV300,17790,Petrol,Auto,1,8.7,4
KIA SONET,35840,Petrol,Manual,2,6.8,5
Toyota Glanza,10660,Petrol,Manual,1,6.36,2
Hyundai NEW SANTRO,65489,CNG,Manual,1,3.98,4
Hyundai Elite i20,65430,Petrol,Manual,1,4.49,8
Maruti New Wagon-R,21740,CNG,Manual,1,4.93,3
Honda City,120000,Petrol,Manual,3,4.5,9
Honda City,130000,Diesel,Manual,4,3.53,10
Hyundai Verna,130000,Diesel,Auto,3,3.05,10
Maruti Baleno,210000,Petrol,Manual,1,3.4,8
Tata PUNCH,3760,Petrol,Manual,1,7.55,0
Hyundai Creta,110000,Petrol,Manual,2,7.0,9
Hyundai i20,100000,Diesel,Manual,3,2.57,11
Honda Amaze,110000,Diesel,Manual,3,1.5,12
KIA SONET,25490,Diesel,Auto,1,12.73,1
Maruti Swift,88050,Petrol,Manual,1,4.26,5
Honda Amaze,200000,Diesel,Manual,2,1.94,11
KIA SONET,75300,Diesel,Manual,1,11.08,4
Volkswagen Polo,100000,Diesel,Manual,2,2.47,10
Hyundai Eon,51650,Petrol,Manual,3,1.55,11
Maruti Swift,150000,Diesel,Manual,1,2.25,13
Maruti Baleno,16720,Petrol,Manual,1,6.99,2
Maruti Ciaz,150000,Petrol,Manual,1,4.25,8
Skoda Rapid,210000,Diesel,Manual,4,2.31,12
Maruti Alto 800,68940,Petrol,Manual,2,1.97,10
Maruti Swift,71610,Petrol,Manual,2,1.21,15
Maruti Celerio,80430,Petrol,Manual,1,2.9,8
Maruti Wagon R 1.0,71280,Petrol,Manual,2,2.27,10
Hyundai Eon,130000,Petrol,Manual,3,1.3,11
Maruti Baleno,200000,Diesel,Manual,1,3.36,10
Hyundai Grand i10,120000,Petrol,Manual,1,4.0,6
Hyundai i20,140000,Petrol,Manual,3,1.48,14
Tata Manza,130000,Diesel,Manual,2,1.29,13
Hyundai i10,62260,Petrol,Manual,2,1.71,14
Mahindra SCORPIO-N,68720,Diesel,Auto,1,15.5,2
Maruti Alto K10,180000,Petrol,Manual,1,1.8,11
Tata Tiago,110000,Petrol,Manual,1,4.3,4
Chevrolet Beat,110000,Diesel,Manual,1,1.18,14
KIA SONET,54440,Diesel,Manual,2,6.0,3
Maruti Alto 800,81400,Petrol,Manual,3,1.97,7
Maruti Alto,170000,Petrol,Manual,1,2.85,5
Maruti Alto K10,15290,Petrol,Manual,1,5.0,2
Honda Amaze,79880,Petrol,Manual,2,3.52,10
Maruti Swift Dzire,180000,Petrol,Manual,4,2.57,12
Hyundai Verna,110000,Diesel,Auto,1,9.0,5
Honda Amaze,58750,Petrol,Manual,1,6.5,3
Tata TIGOR,110000,Petrol,Manual,1,4.6,4
Tata NEXON,85300,Petrol,Manual,2,5.27,7
Hyundai VENUE,18190,Petrol,Manual,1,10.28,1
Maruti Ciaz,86860,Diesel,Manual,1,7.69,9
Fiat Grand Punto,86400,Petrol,Manual,2,1.18,14
Maruti Swift,83420,Diesel,Manual,1,3.6,9
Hyundai i10,96070,Petrol,Manual,4,1.34,14
Maruti Swift Dzire,130000,Diesel,Manual,1,3.65,11
Honda Accord,84430,Petrol,Manual,3,2.31,15
Maruti 800,74490,Petrol,Manual,2,1.26,14
Toyota Etios,120000,Diesel,Manual,2,2.0,13
Volkswagen Polo,110000,Diesel,Manual,2,2.35,10
Hyundai GRAND I10 NIOS,48770,Petrol,Auto,2,5.22,6
Renault Kwid,62480,Petrol,Manual,2,3.0,6
Maruti Swift,44480,Petrol,Manual,2,4.18,9
Maruti Alto,100000,Petrol,Manual,2,1.42,15
Mercedes Benz C Class,100000,Diesel,Auto,2,4.33,14
Maruti Baleno,48470,Petrol,Manual,1,6.43,3
Hyundai Creta,91220,Diesel,Auto,2,8.59,7
Mahindra Thar,12270,Petrol,Auto,1,13.86,1
Hyundai NEW I20,22450,Petrol,Manual,1,8.0,2
Mahindra XUV500,96210,Diesel,Manual,3,6.7,10
Hyundai Verna,94860,Diesel,Auto,2,5.42,9
Maruti Alto,41600,Petrol,Manual,1,3.37,5
Mahindra Scorpio,110000,Diesel,Manual,1,7.09,10
Maruti Wagon R 1.0,84210,Petrol,Manual,1,3.74,9
BMW X1,140000,Diesel,Auto,4,3.06,14
MG ASTOR,41680,Petrol,Manual,1,11.5,2
Toyota Innova Crysta,110000,Diesel,Manual,2,9.5,8
Honda City,76190,Petrol,Auto,1,11.01,3
Mahindra Scorpio,90590,Diesel,Manual,3,10.7,8
Tata Safari,79310,Diesel,Manual,1,13.75,4
KIA SELTOS,30420,Diesel,Auto,1,17.0,2
Maruti Ertiga,110000,Diesel,Manual,3,7.09,7
Maruti Alto K10,66810,Petrol,Manual,3,1.1,15
Renault Kwid,78980,Petrol,Auto,2,3.2,9
MG HECTOR PLUS,87590,Diesel,Manual,1,13.66,4
Maruti Wagon R 1.0,150000,Petrol,Manual,3,2.7,14
Renault Kiger,48230,Petrol,Manual,1,6.14,2
Mahindra Quanto,170000,Diesel,Manual,2,2.36,13
Honda BR-V,110000,Diesel,Manual,1,5.0,8
Maruti Dzire,19090,Diesel,Auto,1,5.3,8
Hyundai Verna,42730,Diesel,Manual,2,3.0,14
Mahindra XUV500,130000,Diesel,Manual,2,3.35,12
Tata TIAGO NRG,10140,Petrol,Auto,1,5.0,4
Maruti Swift,77610,Diesel,Manual,1,3.5,11
Hyundai i20 Active,160000,Petrol,Manual,1,4.71,8
Honda Jazz,70710,Petrol,Manual,1,5.14,8
Maruti S PRESSO,42010,Petrol,Manual,2,4.0,4
Honda BR-V,120000,Diesel,Manual,2,5.79,9
Maruti Ertiga,120000,Diesel,Manual,1,9.99,8
Nissan Kicks,53530,Diesel,Manual,1,10.63,5
Hyundai Grand i10,59950,Petrol,Manual,1,4.08,7
Hyundai Verna,5110,Petrol,Manual,1,12.84,1
Hyundai GRAND I10 NIOS,85110,Petrol,Manual,1,6.12,3
Maruti Baleno,41090,Petrol,Manual,1,5.93,2
Tata TIGOR,110000,Petrol,Manual,2,4.35,6
Honda Jazz,120000,Petrol,Manual,3,1.43,15
Tata NEXON,260000,Diesel,Manual,1,6.93,8
Hyundai AURA,93870,Diesel,Manual,2,6.18,5
Volkswagen Passat,86380,Diesel,Auto,3,3.55,13
Nissan Terrano,180000,Diesel,Manual,2,4.99,10
Hyundai i10,76470,Petrol,Manual,1,3.26,9
Hyundai Verna,98000,Petrol,Auto,2,3.59,9
Maruti Swift Dzire,110000,Diesel,Manual,4,2.3,11
Hyundai Xcent,220000,Diesel,Manual,2,2.1,8
Ford New Figo,29030,Petrol,Manual,2,3.88,6
Mahindra XUV500,210000,Diesel,Manual,1,3.06,12
Ford Ecosport,140000,Diesel,Manual,2,2.69,10
Maruti Ritz,77660,Petrol,Manual,1,3.5,10
Honda Brio,91130,Petrol,Manual,1,2.2,12
Toyota Etios,73200,Diesel,Manual,3,2.85,11
Maruti Swift,130000,Petrol,Manual,1,3.52,10
Honda City,97770,Petrol,Manual,2,6.5,8
Hyundai i10,81380,Petrol,Manual,4,1.18,15
Skoda Octavia,120000,Petrol,Auto,2,5.24,10
Maruti Alto 800,82080,Petrol,Manual,2,1.78,10
Maruti Swift,110000,Diesel,Manual,3,2.3,13
Mahindra XUV500,140000,Diesel,Manual,1,4.04,8
Ford Ecosport,78280,Petrol,Auto,1,3.95,7
Nissan Terrano,82450,Diesel,Manual,3,2.86,9
Hyundai Xcent,120000,Diesel,Manual,2,2.0,10
Maruti BREZZA,69250,Petrol,Manual,1,7.8,2
Volkswagen Polo,110000,Petrol,Manual,3,1.56,13
Tata TIAGO NRG,29940,Petrol,Manual,1,3.66,6
Hyundai Verna,91280,Diesel,Manual,2,3.13,12
Maruti Swift Dzire,200000,Diesel,Manual,1,3.5,10
Hyundai VENUE,30770,Petrol,Manual,1,6.38,5
Maruti Wagon R Stingray,120000,Petrol,Manual,3,1.35,11
Maruti Baleno,68370,Petrol,Manual,1,5.35,8
Toyota Innova,88960,Diesel,Manual,2,4.38,10
Maruti Swift Dzire,76210,Diesel,Manual,2,3.04,10
Maruti Swift Dzire,73860,Diesel,Manual,1,3.2,10
Maruti Swift,56730,Petrol,Manual,3,3.04,10
Renault Pulse,86120,Diesel,Manual,1,1.5,13
Maruti Alto K10,50190,Petrol,Manual,1,1.55,12
Maruti Baleno,160000,Diesel,Manual,1,4.46,7
Hyundai New Elantra,89680,Diesel,Manual,3,4.5,8
Hyundai i20 Active,55410,Petrol,Manual,1,3.79,9
Tata Bolt,110000,Diesel,Manual,1,2.43,10
Maruti Dzire,160000,Diesel,Manual,1,4.99,7
Mahindra XUV500,99540,Diesel,Manual,1,10.25,7
Hyundai Elite i20,87000,Diesel,Manual,1,4.5,10
Ford Ecosport,52380,Petrol,Manual,1,3.7,11
Tata Indigo ECS,150000,Diesel,Manual,1,1.18,11
Maruti Baleno,9030,Petrol,Manual,2,5.37,3
Chevrolet Beat,48040,Petrol,Manual,2,1.3,10
Ford FREESTYLE,35840,Petrol,Manual,1,4.54,6
Tata NEXON,86610,Petrol,Manual,2,5.5,4
Honda City,110000,Petrol,Manual,1,5.0,9
Tata Indica Vista,65459,Diesel,Manual,1,1.2,11
Mahindra Scorpio,88170,Diesel,Manual,1,8.75,8
Renault TRIBER,150000,Petrol,Manual,1,3.97,6
Maruti Vitara Brezza,110000,Diesel,Manual,2,4.35,8
Renault Kwid,18850,Petrol,Auto,1,3.99,5
Maruti Dzire,5780,Petrol,Manual,1,7.95,1
Tata Indigo ECS,37170,Diesel,Manual,1,2.0,10
Honda WR-V,120000,Diesel,Manual,1,4.9,8
Renault Duster,270000,Diesel,Manual,1,3.0,10
Tata Tiago,10910,Petrol,Manual,1,4.74,1
Honda CRV,100000,Petrol,Manual,2,2.54,15
Maruti Ciaz,90460,Diesel,Manual,1,3.43,11
Renault Pulse,97050,Petrol,Manual,5,1.31,9
Hyundai Grand i10,72330,Petrol,Auto,1,3.44,8
Hyundai Eon,85380,Petrol,Manual,2,1.83,7
Honda City,65610,Petrol,Auto,2,5.29,10
MG ASTOR,29920,Petrol,Manual,1,11.0,3
Honda Amaze,86370,Petrol,Manual,1,3.4,9
Renault Duster,86310,Diesel,Manual,1,4.5,11
Volkswagen Polo,93890,Petrol,Manual,2,5.65,6
Renault Lodgy,150000,Diesel,Manual,3,2.79,7
Hyundai i20 Active,140000,Petrol,Manual,3,3.62,9
Hyundai Creta,110000,Petrol,Manual,1,5.2,9
MG HECTOR,16020,Petrol,Auto,2,14.0,2
Maruti Vitara Brezza,71510,Diesel,Manual,3,4.82,7
Renault Duster,91480,Diesel,Manual,1,3.8,11
Maruti Swift,76270,Diesel,Auto,1,5.77,7
Maruti Swift,19910,Petrol,Manual,1,3.76,9
Maruti Baleno,130000,Petrol,Manual,1,4.36,7
Hyundai Elite i20,80250,Diesel,Manual,2,3.57,10
KIA CARENS,6540,Petrol,Manual,1,10.0,2
Landrover Range Rover Evoque,130000,Diesel,Auto,1,18.5,10
Renault Duster,120000,Diesel,Auto,1,4.17,8
Maruti Swift,89540,Diesel,Manual,3,2.5,11
Renault Kwid,32680,Petrol,Manual,1,3.78,4
Hyundai i20 Active,85640,Petrol,Manual,2,4.5,10
Ford Endeavour,140000,Diesel,Manual,2,3.09,14
KIA SELTOS,190000,Diesel,Manual,1,11.65,5
Renault Kiger,23640,Petrol,Manual,1,5.0,3
Honda City,83230,Diesel,Manual,2,4.77,9
Mahindra XUV700,33680,Petrol,Manual,1,13.76,3
Hyundai Grand i10,91340,Petrol,Manual,1,4.76,5
Ford Ecosport,100000,Diesel,Manual,3,3.93,9
Tata Zest,68000,Diesel,Manual,2,3.09,7
Maruti Eeco,43150,Petrol,Manual,1,5.5,2
Tata NEXON,24050,Diesel,Auto,1,11.79,1
Mercedes Benz M Class,93410,Diesel,Auto,2,14.5,10
Maruti Ertiga,82890,Diesel,Manual,2,7.85,7
Skoda Octavia,120000,Petrol,Auto,2,5.14,10
Maruti S PRESSO,24500,Petrol,Auto,1,3.73,5
Mahindra XUV500,110000,Diesel,Manual,1,9.59,6
BMW 3 Series,120000,Diesel,Auto,2,5.5,13
Renault Duster,98810,Diesel,Manual,2,2.9,11
Mahindra Thar,39220,Diesel,Manual,1,11.9,3
Renault Kiger,34300,Petrol,Manual,1,5.6,3
Maruti Ciaz,73290,Petrol,Manual,1,5.57,7
Mahindra MARAZZO,160000,Diesel,Manual,1,6.0,6
BMW 5 Series,56080,Diesel,Auto,2,16.95,9
Honda City,110000,Diesel,Manual,1,4.04,10
BMW 5 Series,83300,Diesel,Auto,3,7.5,14
Volkswagen VIRTUS,7570,Petrol,Manual,1,11.0,2
Maruti Swift,260000,Diesel,Manual,2,2.67,11
Hyundai Creta,85970,Diesel,Auto,2,7.0,8
Audi A3,150000,Diesel,Auto,1,7.0,11
Hyundai Verna,120000,Diesel,Manual,1,3.18,13
MG ASTOR,10960,Petrol,Auto,1,12.5,1
Hyundai ALCAZAR,43410,Diesel,Manual,1,13.56,3
Hyundai Creta,51470,Petrol,Auto,1,10.2,5
Mahindra XUV500,98330,Diesel,Manual,3,3.08,13
Skoda SLAVIA,8870,Petrol,Auto,1,14.19,1
Audi Q3,140000,Diesel,Auto,2,16.0,7
Hyundai Santa Fe,120000,Diesel,Auto,1,7.0,8
Mercedes Benz E Class,86610,Diesel,Auto,1,9.5,12
KIA SELTOS,59060,Petrol,Manual,1,9.2,5
Maruti JIMNY,8420,Petrol,Auto,1,13.0,2
BMW X1,86780,Diesel,Auto,2,5.72,12
Mahindra XUV300,94630,Diesel,Manual,1,9.34,3
BMW X1,83660,Diesel,Auto,3,13.88,8
Audi Q3,120000,Diesel,Auto,2,8.5,11
Hyundai Creta,62600,Petrol,Manual,2,11.01,4
MG HECTOR PLUS,46260,Petrol,Manual,2,12.17,5
Nissan Terrano,170000,Diesel,Manual,1,3.7,8
KIA SONET,61480,Petrol,Auto,1,8.27,4
BMW X1,110000,Diesel,Auto,1,16.0,6
Maruti Celerio,10280,Petrol,Auto,1,6.11,2
Tata Hexa,150000,Diesel,Auto,1,6.75,8
Audi Q3,120000,Diesel,Auto,2,11.0,8
Audi Q7,61490,Diesel,Auto,1,16.0,11
MG HECTOR,72620,Diesel,Manual,2,12.0,4
Maruti Swift,91970,Diesel,Manual,1,3.5,11
Hyundai NEW I20 N LINE,11300,Petrol,Auto,1,10.64,2
Tata NEXON EV,28920,Electric,Auto,1,14.22,2
ISUZU D-Max V Cross,83560,Diesel,Manual,1,18.5,3
Hyundai VENUE,843,Petrol,Manual,1,5.5,5
Hyundai i10,100000,Petrol,Manual,2,1.89,13
Maruti Zen Estilo,38680,Petrol,Manual,1,1.41,15
Toyota Etios,38810,Petrol,Manual,2,2.0,14
Maruti Alto,36510,Petrol,Manual,1,3.5,4
Maruti Swift Dzire,130000,Diesel,Manual,1,3.55,13
Maruti Vitara Brezza,160000,Diesel,Manual,1,6.71,8
Renault TRIBER,37340,Petrol,Manual,2,6.27,2
Mahindra NUVOSPORT,170000,Diesel,Manual,2,3.8,9
Hyundai i10,35650,Petrol,Manual,2,2.79,12
Hyundai Elite i20,120000,Petrol,Manual,1,4.0,9
Maruti Baleno,26350,Diesel,Manual,1,5.25,9
Mahindra XUV500,180000,Diesel,Manual,2,5.5,9
Honda WR-V,100000,Diesel,Manual,2,5.5,7
Hyundai VENUE,120000,Petrol,Manual,1,6.5,6
KIA SELTOS,84500,Petrol,Manual,1,11.75,5
Maruti Swift,160000,Diesel,Manual,2,4.12,10
Tata Safari,75360,Diesel,Manual,1,15.44,4
Renault TRIBER,73840,Petrol,Manual,1,6.93,3
Toyota Etios,130000,Petrol,Manual,2,1.82,12
Hyundai i20,68000,Petrol,Manual,2,2.15,16
Hyundai i20,78840,Petrol,Manual,3,2.15,15
Maruti Ertiga,7890,Petrol,Manual,1,8.5,2
Honda City,110000,Diesel,Manual,2,2.69,10
Toyota Etios,48160,Petrol,Manual,3,2.0,12
Honda Amaze,61740,Petrol,Manual,3,2.31,11
Honda City,110000,Diesel,Manual,3,2.86,10
Hyundai Grand i10,33120,Petrol,Manual,2,2.5,9
Maruti Swift,35040,Petrol,Manual,2,4.0,5
Maruti Swift Dzire,17220,Petrol,Manual,1,5.25,10
Tata Zest,150000,Diesel,Manual,2,2.52,8
Chevrolet Beat,86450,Petrol,Manual,1,1.65,13
Maruti Swift Dzire,180000,Petrol,Manual,2,3.13,10
Maruti Swift Dzire,120000,Diesel,Manual,2,4.33,11
Maruti Swift Dzire,73200,Petrol,Manual,1,4.42,9
Hyundai Xcent,71560,Diesel,Manual,2,2.0,11
Maruti Alto 800,96590,Petrol,Manual,2,1.5,11
Maruti Wagon R 1.0,32080,Petrol,Manual,3,1.35,14
Hyundai i20,74990,Petrol,Manual,3,2.0,14
Chevrolet Spark,140000,Petrol,Manual,2,1.1,14
Tata Zest,72680,Diesel,Manual,3,2.0,10
Honda Brio,120000,Petrol,Manual,2,1.49,12
Nissan MAGNITE,5580,Petrol,Manual,1,5.82,2
Hyundai i20 Active,57850,Diesel,Manual,1,4.0,9
Hyundai Verna,86790,Petrol,Manual,1,4.04,9
Datsun Go Plus,47770,Petrol,Manual,1,2.0,10
Tata PUNCH,24770,Petrol,Manual,1,8.0,3
Hyundai Elite i20,190000,Petrol,Manual,2,3.6,9
Ford Figo,60080,Petrol,Manual,2,1.54,14
Honda City,37000,Petrol,Manual,2,5.8,8
Hyundai Verna,110000,Diesel,Manual,3,2.3,12
Hyundai i10,96650,Petrol,Manual,2,1.42,15
Tata NEXON,23790,Petrol,Manual,1,7.5,2
Ford FREESTYLE,110000,Petrol,Manual,1,2.5,7
Hyundai Eon,57060,Petrol,Manual,2,2.05,8
Maruti Wagon R 1.0,85990,Petrol,Manual,1,1.5,14
Honda City,51750,Petrol,Manual,1,2.0,13
Hyundai Grand i10,39070,Petrol,Manual,3,2.27,9
Maruti Swift,96610,Petrol,Manual,2,3.46,10
Hyundai i10,170000,Petrol,Manual,1,1.17,14
Hyundai Grand i10,32990,Petrol,Manual,1,2.8,9
Honda Jazz,79420,Diesel,Manual,2,2.5,10
Fiat Linea,52670,Petrol,Manual,2,1.85,14
Ford Ecosport,78610,Petrol,Manual,1,3.46,9
Hyundai i20,92440,Petrol,Manual,1,2.0,13
Hyundai Elite i20,37840,Petrol,Manual,1,5.01,7
Maruti Alto K10,4080,Petrol,Manual,1,4.6,1
Mahindra Scorpio,68780,Diesel,Manual,1,14.68,4
Volkswagen Polo,62010,Petrol,Manual,1,2.71,11
Maruti IGNIS,21150,Petrol,Manual,1,3.8,8
Tata PUNCH,4300,Petrol,Manual,1,8.0,1
Honda City,92930,Diesel,Manual,2,2.86,11
Maruti Alto K10,55630,Petrol,Manual,2,2.5,8
Maruti Wagon R 1.0,110000,Petrol,Manual,2,2.5,10
Maruti Alto K10,98670,Petrol,Manual,1,1.34,14
Maruti Swift,130000,Diesel,Manual,1,5.43,9
Volkswagen Vento,31000,Petrol,Manual,1,3.35,13
Tata Tiago,92140,Petrol,Manual,2,2.5,9
Maruti Alto,67730,Petrol,Manual,1,1.81,13
Maruti Dzire,37500,Petrol,Manual,1,6.2,2
Tata PUNCH,11250,Petrol,Auto,1,8.0,4
Hyundai Grand i10,42490,Diesel,Manual,2,2.5,10
Hyundai i10,44300,Petrol,Manual,1,1.37,15
Honda City,110000,Diesel,Manual,1,4.5,11
Tata PUNCH,26900,Petrol,Manual,1,6.36,1
Maruti Ritz,55290,Petrol,Manual,1,1.76,14
Ford Figo Aspire,28010,Petrol,Manual,1,4.18,5
Maruti Vitara Brezza,20980,Petrol,Manual,1,6.9,4
Renault TRIBER,34130,Petrol,Manual,1,5.0,6
Maruti A Star,67510,Petrol,Manual,1,1.25,15
Maruti Ertiga,78840,Diesel,Manual,2,6.5,9
Maruti Alto K10,68270,Petrol,Manual,2,1.28,12
Maruti Swift Dzire,47600,Petrol,Manual,1,4.18,9
Mahindra XUV500,85160,Diesel,Manual,4,2.62,13
Maruti Alto K10,46820,Petrol,Manual,2,1.42,13
Maruti Swift,200000,Petrol,Manual,1,1.9,14
Honda City,98130,Petrol,Manual,1,3.65,11
Maruti Swift,20200,Petrol,Manual,1,2.67,12
Maruti Vitara Brezza,82430,Diesel,Manual,1,5.34,7
Force Motors GURKHA,57400,Diesel,Manual,1,10.0,3
Maruti Alto K10,120000,Petrol,Manual,3,2.0,9
Tata ALTROZ,110000,Petrol,Manual,1,5.0,4
Tata TIGOR,69770,Diesel,Manual,1,5.5,5
Renault Duster,130000,Diesel,Manual,1,3.29,10
Maruti Swift,45430,Petrol,Manual,2,2.78,13
Hyundai Verna,63180,Petrol,Manual,1,7.48,7
Hyundai Grand i10,44080,Petrol,Manual,1,3.25,8
Hyundai Grand i10,46300,Petrol,Manual,2,3.51,10
Maruti Baleno,84860,Petrol,Manual,1,5.14,8
Mahindra XUV500,170000,Diesel,Manual,1,7.5,8
Honda Amaze,55990,Petrol,Manual,1,5.83,4
Toyota Etios,96990,Petrol,Manual,2,2.97,10
Hyundai Creta,45330,Petrol,Manual,1,8.5,6
Renault TRIBER,37860,Petrol,Manual,1,5.0,3
Mahindra XUV500,35000,Diesel,Manual,1,5.07,10
Maruti Dzire,51290,Petrol,Manual,1,4.5,7
Ford Figo Aspire,64000,Petrol,Manual,2,3.55,8
Maruti Alto,97590,Petrol,Manual,2,1.15,15
Tata NEXON,7320,Petrol,Manual,1,11.66,2
Maruti Swift,13290,Petrol,Manual,1,6.0,6
Hyundai Elite i20,11850,Petrol,Manual,1,6.52,6
Hyundai Grand i10,54500,Petrol,Manual,1,2.92,10
Hyundai Grand i10,44100,Petrol,Manual,3,3.0,8
Hyundai i10,25720,Petrol,Manual,2,1.39,14
Hyundai NEW I20,110000,Petrol,Manual,1,6.5,4
Mahindra TUV300,160000,Diesel,Manual,1,5.0,7
Mahindra Scorpio,99050,Diesel,Manual,1,12.0,4
Maruti Baleno,48640,Petrol,Manual,1,5.5,3
Hyundai Grand i10,570000,Petrol,Manual,1,3.5,9
Honda City,36500,Petrol,Manual,1,6.12,8
Maruti Baleno,83310,Petrol,Manual,1,4.75,8
Tata Harrier,12650,Diesel,Manual,1,13.0,4
Hyundai GRAND I10 NIOS,17410,Petrol,Manual,2,5.0,3
Maruti IGNIS,120000,Petrol,Manual,1,4.09,7
Maruti Wagon R 1.0,69890,Petrol,Auto,1,3.5,7
Honda City,59710,Petrol,Manual,2,4.73,11
Mahindra Bolero,160000,Diesel,Manual,1,4.5,6
Tata Indigo ECS,53250,Diesel,Manual,1,2.5,8
Hyundai NEW SANTRO,52690,Petrol,Manual,1,3.35,7
Maruti Ciaz,64400,Petrol,Manual,2,3.67,9
Mahindra Scorpio,280000,Diesel,Manual,1,11.5,7
Maruti Baleno,24030,Petrol,Manual,1,3.87,10
Mahindra XUV500,110000,Diesel,Manual,1,9.5,7
Maruti Vitara Brezza,98090,Diesel,Auto,1,6.48,6
Nissan Terrano,49220,Diesel,Manual,1,5.36,10
Maruti Wagon R 1.0,69210,Petrol,Manual,2,2.5,13
Tata ALTROZ,22870,Petrol,Manual,1,6.04,4
Chevrolet Cruze,72380,Diesel,Manual,2,3.12,12
Mahindra XUV500,85500,Diesel,Manual,2,8.0,7
Mahindra XUV500,100000,Diesel,Manual,1,7.5,10
Tata Hexa,50550,Diesel,Manual,1,7.0,7
Ford Ecosport,58840,Petrol,Manual,1,5.23,8
Renault Duster,19930,Petrol,Auto,2,5.88,7
Maruti S Cross,49760,Petrol,Manual,1,6.82,4
Tata Harrier,33840,Diesel,Manual,1,16.5,5
Tata Zest,97970,Diesel,Manual,2,3.44,7
Ford Ecosport,87800,Diesel,Manual,2,3.95,10
Renault TRIBER,67740,Petrol,Manual,1,5.5,3
Maruti Grand Vitara,8730,Petrol,Manual,1,10.5,1
Mahindra Xylo,240000,Diesel,Manual,1,1.62,13
Mahindra BOLERO NEO,11840,Diesel,Manual,1,8.8,1
Honda Amaze,120000,Petrol,Manual,1,4.57,6
Hyundai Grand i10,88220,Petrol,Manual,1,3.91,7
Tata NEXON,8119,Petrol,Auto,1,11.5,1
Hyundai Creta,44570,Petrol,Manual,1,6.5,8
Mahindra XUV500,59920,Diesel,Manual,2,3.67,11
Mahindra BOLERO NEO,59900,Diesel,Manual,1,8.3,2
KIA SONET,59060,Petrol,Manual,1,7.5,4
Hyundai Verna,59830,Diesel,Manual,2,11.31,3
Hyundai Creta,160000,Diesel,Manual,2,6.06,9
Toyota Corolla Altis,56780,Petrol,Manual,1,3.0,14
Hyundai Creta,83140,Diesel,Auto,2,8.29,7
Mahindra XUV500,79940,Diesel,Manual,1,6.85,9
Renault Duster,95780,Diesel,Manual,3,3.45,11
Skoda SLAVIA,41030,Petrol,Manual,1,11.5,3
Maruti S Cross,190000,Diesel,Manual,1,5.5,7
Maruti S Cross,97640,Diesel,Manual,1,4.5,8
Mahindra XUV700,72420,Petrol,Manual,2,13.99,3
Hyundai Creta,60010,Diesel,Manual,2,8.75,6
Jeep Compass,96180,Diesel,Manual,1,12.12,6
Force Motors GURKHA,32860,Diesel,Manual,1,12.0,3
Ford Ecosport,90790,Petrol,Manual,3,3.2,10
Ford Ecosport,87610,Diesel,Manual,2,5.0,8
Hyundai Creta,210000,Diesel,Manual,1,10.16,6
KIA SELTOS,65780,Diesel,Manual,1,10.0,5
Volkswagen Vento,45890,Diesel,Auto,1,8.81,7
Maruti BREZZA,25710,Petrol,Manual,1,11.0,2
Skoda Rapid,81970,Diesel,Manual,2,3.4,11
Skoda KUSHAQ,33400,Petrol,Manual,1,12.0,2
Toyota Innova,110000,Diesel,Manual,2,3.49,14
MG HECTOR,50890,Diesel,Manual,1,15.53,5
Skoda KUSHAQ,37180,Petrol,Manual,1,10.5,3
Maruti New Wagon-R,27660,Petrol,Manual,1,5.21,2
Maruti BREZZA,43180,Petrol,Manual,1,11.68,2
Hyundai Xcent,23180,Petrol,Manual,1,4.5,8
Hyundai AURA,95000,Petrol,Manual,1,6.44,4
Maruti Dzire,150000,Diesel,Manual,1,5.5,7
Maruti Dzire,71430,Petrol,Manual,1,5.44,8
Toyota URBAN CRUISER,68540,Petrol,Manual,1,7.42,4
Ford Ecosport,44750,Diesel,Manual,2,6.47,7
Ford FREESTYLE,98370,Diesel,Manual,1,6.84,4
Skoda KUSHAQ,13640,Petrol,Manual,1,12.8,2
Maruti Wagon R 1.0,87410,Petrol,Auto,2,3.25,7
Hyundai Creta,73390,Diesel,Auto,1,13.5,3
Toyota Innova,79470,Diesel,Manual,1,6.0,10
Maruti Swift Dzire,190000,Petrol,Manual,1,3.09,13
Maruti Swift Dzire,60600,Petrol,Manual,1,4.2,8
Mahindra Thar,24350,Diesel,Manual,1,13.5,2
Mahindra XUV500,84020,Diesel,Manual,2,5.0,12
Jeep Compass,51430,Diesel,Manual,1,12.5,6
Maruti Dzire,110000,Petrol,Manual,1,5.0,5
Nissan Terrano,190000,Diesel,Manual,1,3.5,11
Toyota Fortuner,150000,Diesel,Manual,2,9.5,12
Mahindra MARAZZO,190000,Diesel,Manual,2,6.5,6
Maruti XL6,28650,Petrol,Manual,1,8.5,6
Toyota Innova,140000,Diesel,Manual,2,6.25,12
Mahindra Scorpio,97660,Diesel,Manual,2,10.0,5
Hyundai Creta,35170,Diesel,Manual,1,14.5,3
Maruti IGNIS,45130,Petrol,Manual,1,5.0,4
KIA SELTOS,41530,Diesel,Auto,1,13.44,6
KIA SELTOS,67220,Petrol,Auto,2,10.5,6
MG HECTOR PLUS,72670,Petrol,Manual,1,15.3,3
Tata Harrier,42310,Diesel,Manual,1,13.0,5
Hyundai NEW I20,16260,Petrol,Manual,1,9.33,2
Hyundai ALCAZAR,36890,Petrol,Manual,1,15.3,4
MG HECTOR,130000,Diesel,Manual,1,13.37,6
Maruti Dzire,98470,Diesel,Manual,1,4.51,8
Volkswagen TAIGUN,50510,Petrol,Auto,1,11.3,3
Skoda SLAVIA,32720,Petrol,Manual,1,11.5,3
Hyundai XCENT PRIME,58400,Diesel,Manual,1,4.3,7
Maruti S Cross,180000,Diesel,Manual,1,4.0,9
Maruti Vitara Brezza,53100,Diesel,Manual,2,5.5,9
Mahindra Bolero,210000,Diesel,Manual,1,4.17,11
Jeep Compass,28270,Diesel,Manual,2,11.29,7
Maruti Celerio X,48770,Petrol,Auto,1,5.67,7
Tata Safari,73930,Diesel,Auto,1,18.0,3
Mahindra Bolero,120000,Diesel,Manual,1,5.64,9
MG HECTOR PLUS,100000,Diesel,Manual,1,13.0,4
KIA SONET,17950,Diesel,Manual,1,10.5,3
Toyota Innova,200000,Diesel,Manual,2,4.15,13
MG HECTOR,22220,Diesel,Manual,1,17.0,3
Honda City,79900,Petrol,Auto,1,9.0,5
Maruti BREZZA,14810,Petrol,Manual,1,11.0,1
MG HECTOR PLUS,100000,Diesel,Manual,1,12.0,4
Skoda Karoq,59620,Petrol,Auto,1,18.0,5
Jeep Compass,45840,Diesel,Manual,2,13.0,4
Maruti Eeco,63650,Petrol,Manual,1,5.08,4
Tata NEXON,110000,Diesel,Manual,1,6.0,6
Maruti Dzire,58100,Diesel,Manual,1,5.8,8
Jeep Compass,65500,Diesel,Manual,1,14.0,4
Tata Safari,110000,Diesel,Manual,2,2.49,11
Maruti Wagon R 1.0,89080,Petrol,Manual,1,1.89,9
Ford Figo,39680,Petrol,Manual,2,1.0,12
Mahindra XUV500,110000,Diesel,Manual,1,12.89,6
Audi A6,77030,Diesel,Auto,2,8.9,11
Maruti Baleno,220000,Petrol,Manual,1,4.52,7
Maruti Celerio,24770,Petrol,Manual,1,5.25,3
Tata PUNCH,14340,Petrol,Manual,1,6.0,1
Hyundai VENUE,69080,Diesel,Manual,1,7.9,3
Skoda Rapid,90020,Diesel,Manual,1,6.4,5
Volkswagen VIRTUS,35160,Petrol,Manual,1,12.15,3
Mahindra SCORPIO CLASSIC,30920,Diesel,Manual,1,18.0,1
KIA CARENS,21630,Diesel,Manual,1,9.75,3
Maruti Baleno,110000,Diesel,Manual,2,3.74,9
Hyundai i10,49990,Petrol,Manual,1,1.6,14
Hyundai i20,99100,Petrol,Auto,2,1.63,14
Maruti Baleno,140000,Petrol,Manual,1,3.8,7
Maruti Baleno,140000,Petrol,Manual,3,3.55,6
Mahindra Scorpio,79350,Diesel,Manual,3,15.01,4
Maruti Alto,46910,Petrol,Manual,1,3.32,3
Hyundai Verna,110000,Petrol,Manual,2,5.56,7
Ford Figo,74040,Diesel,Manual,1,1.42,12
Mahindra XUV300,130000,Diesel,Manual,2,5.0,5
Mahindra Thar,74910,Diesel,Manual,1,12.0,3
Honda City,190000,Petrol,Manual,2,4.96,8
Hyundai Santro Xing,99320,Petrol,Manual,2,1.37,13
Maruti Swift Dzire,79000,Petrol,Manual,2,2.49,12
Maruti Celerio,74420,Petrol,Manual,1,3.7,7
Ford Ecosport,27160,Petrol,Auto,1,5.57,7
Hyundai Elite i20,91210,Petrol,Manual,2,4.03,7
Maruti Swift Dzire,79600,Petrol,Manual,1,2.25,12
Ford Endeavour,160000,Diesel,Auto,4,18.28,7
Hyundai i20,87800,Diesel,Manual,2,2.1,11
Maruti Swift,94900,Petrol,Manual,1,4.39,6
Maruti Swift,180000,Petrol,Manual,1,2.75,12
Maruti Alto K10,59310,Petrol,Manual,4,1.85,10
Hyundai Grand i10,70570,Diesel,Manual,1,1.49,11
Renault Kwid,41170,Petrol,Manual,1,1.8,8
Tata Tiago,8760,Petrol,Manual,1,4.81,2
Maruti Wagon R 1.0,97930,Petrol,Manual,2,1.66,9
Nissan MAGNITE,36270,Petrol,Manual,1,5.42,3
Maruti Alto 800,62610,Petrol,Manual,1,2.45,7
Honda Amaze,260000,Petrol,Manual,1,2.0,9
Honda Amaze,91980,Diesel,Manual,4,2.19,9
Honda Amaze,180000,Diesel,Manual,1,2.1,11
Maruti Wagon R 1.0,53140,Petrol,Manual,2,2.28,10
Maruti Wagon R 1.0,78200,Petrol,Manual,3,1.78,10
Hyundai Grand i10,84440,Diesel,Manual,2,2.71,9
Hyundai Grand i10,92420,Diesel,Manual,3,2.23,10
Honda Amaze,29500,Petrol,Manual,1,4.18,6
Maruti Wagon R 1.0,83030,Petrol,Manual,2,1.44,11
Maruti Swift,130000,Diesel,Manual,1,4.41,8
Volkswagen Vento,350000,Diesel,Manual,1,4.62,10
Toyota Etios,94630,Petrol,Manual,2,1.3,14
Nissan MAGNITE,56570,Petrol,Manual,1,5.74,1
Volkswagen Polo,140000,Petrol,Manual,5,1.0,15
Maruti Eeco,170000,Petrol,Manual,1,2.99,6
Tata Tiago,36910,Petrol,Manual,2,3.9,4
Hyundai Santro Xing,110000,Petrol,Manual,4,1.0,13
Hyundai Creta,180000,Diesel,Manual,1,4.5,7
Hyundai Elite i20,83960,Diesel,Manual,2,3.38,8
Maruti Dzire,86490,Diesel,Manual,2,4.35,8
Volkswagen Vento,130000,Petrol,Manual,3,1.3,15
Maruti Swift Dzire,88900,Diesel,Manual,1,3.0,10
Toyota Etios,180000,Diesel,Manual,2,2.25,10
Maruti Swift Dzire,110000,Diesel,Manual,1,3.0,10
Maruti Alto 800,77190,Petrol,Manual,2,1.32,12
Tata Tiago,53050,Petrol,Auto,4,3.05,8
Hyundai Elite i20,120000,Diesel,Manual,1,4.79,8
Maruti Alto K10,50950,Petrol,Manual,2,1.35,14
Hyundai Eon,70000,Petrol,Manual,3,1.43,10
Maruti Alto K10,75660,Petrol,Manual,2,2.46,7
Tata TIGOR,39400,Petrol,Manual,2,5.33,3
Honda Amaze,130000,Diesel,Manual,1,2.85,10
Tata Zest,110000,Diesel,Manual,2,1.57,9
Hyundai i10,160000,Petrol,Manual,2,1.21,14
Tata Safari,170000,Diesel,Manual,2,1.28,15
Honda City,61510,Petrol,Manual,2,3.8,10
Volkswagen Polo,160000,Diesel,Manual,3,2.18,10
Hyundai i20,75520,Petrol,Manual,2,1.9,13
Tata Zest,140000,Diesel,Manual,3,1.46,10
Tata Tiago,130000,Diesel,Manual,2,3.44,6
Ford Ecosport,88750,Diesel,Manual,3,3.19,9
Volkswagen Polo,120000,Petrol,Manual,2,3.6,7
Maruti Wagon R 1.0,160000,Petrol,Manual,2,1.0,15
Maruti Celerio,180000,Petrol,Manual,1,2.27,10
Honda Amaze,180000,Diesel,Manual,2,1.58,12
Maruti Wagon R 1.0,84200,Petrol,Manual,1,2.33,10
Ford Ecosport,74520,Diesel,Manual,2,3.5,10
Maruti Swift Dzire,300000,Diesel,Manual,1,1.5,15
Mahindra Quanto,180000,Diesel,Manual,1,1.17,13
Honda Mobilio,220000,Diesel,Manual,3,2.1,11
Volkswagen Polo,67840,Petrol,Manual,2,1.32,14
Maruti Swift,56500,Diesel,Manual,1,3.55,10
Maruti Ritz,82320,Diesel,Manual,2,2.21,12
Tata PUNCH,13950,Petrol,Manual,1,7.5,4
Volkswagen Vento,91010,Petrol,Manual,3,1.28,15
Nissan MAGNITE,40240,Petrol,Manual,1,5.0,4
Maruti Alto K10,59210,Petrol,Manual,2,1.87,11
Hyundai Verna,120000,Diesel,Manual,1,4.65,9
Maruti Swift Dzire,130000,Petrol,Manual,1,1.5,13
Hyundai Elite i20,160000,Diesel,Manual,2,3.47,8
Hyundai Elite i20,100000,Petrol,Manual,2,4.39,8
MG ASTOR,70450,Petrol,Manual,1,9.0,3
Maruti Ciaz,170000,Diesel,Manual,1,5.42,8
Ford Ecosport,220000,Diesel,Manual,2,4.13,8
Hyundai Elite i20,100000,Diesel,Manual,1,4.92,7
Mahindra KUV 100 NXT,300000,Petrol,Manual,1,2.3,7
Volkswagen Polo,120000,Diesel,Manual,1,1.5,12
Volkswagen Polo,120000,Petrol,Manual,1,4.1,7
Tata Tiago,85870,Petrol,Manual,2,2.79,8
Maruti Swift,180000,Diesel,Manual,3,4.5,8
Tata TIGOR,61780,Petrol,Manual,1,5.1,3
Ford Ecosport,110000,Diesel,Manual,2,5.14,7
Maruti Vitara Brezza,59230,Diesel,Manual,1,5.0,8
Tata Safari,150000,Diesel,Manual,3,1.53,13
Tata NEXON,44450,Petrol,Manual,1,7.54,5
Hyundai Verna,85230,Diesel,Auto,1,7.08,7
Hyundai Santro Xing,100000,Petrol,Manual,2,1.36,13
Hyundai Elite i20,130000,Diesel,Manual,2,3.06,10
Tata NEXON,130000,Diesel,Manual,1,5.0,6
Tata NEXON,160000,Diesel,Manual,1,4.99,8
Maruti Vitara Brezza,97450,Diesel,Manual,1,4.0,7
Hyundai Verna,81560,Petrol,Manual,1,7.76,4
Hyundai i20,61980,Petrol,Manual,1,1.38,14
Volkswagen Polo,78350,Petrol,Manual,3,1.39,14
Maruti Wagon R 1.0,150000,Petrol,Manual,2,1.0,14
Maruti Swift,130000,Diesel,Manual,2,2.9,9
Volkswagen Polo,100000,Petrol,Manual,1,1.79,14
Maruti Swift,110000,Petrol,Manual,2,1.54,14
Renault Duster,130000,Diesel,Manual,2,2.6,10
Renault TRIBER,19470,Petrol,Manual,1,4.7,5
MG ASTOR,30770,Petrol,Manual,1,12.34,3
Renault Duster,75320,Diesel,Manual,1,2.25,11
Renault Kwid,14400,Petrol,Auto,2,5.14,3
Tata ALTROZ,75020,Petrol,Manual,1,5.8,4
Nissan MAGNITE,16930,Petrol,Manual,1,5.53,2
Volkswagen Polo,89610,Petrol,Manual,3,1.08,15
Maruti Baleno,110000,Petrol,Manual,2,4.28,8
Ford Figo Aspire,72910,Diesel,Manual,1,2.5,10
Maruti Alto,36990,Petrol,Manual,1,3.0,6
KIA SELTOS,110000,Diesel,Manual,1,7.5,5
Volkswagen Vento,95240,Diesel,Auto,1,3.0,10
Hyundai Grand i10,90480,Petrol,Manual,2,2.7,9
Renault Duster,170000,Diesel,Manual,1,2.82,12
Toyota Etios,160000,Diesel,Manual,1,2.6,10
Maruti Swift,18470,Petrol,Manual,1,4.5,6
Renault TRIBER,120000,Petrol,Manual,3,3.38,6
Tata NEXON,100000,Diesel,Auto,1,5.5,6
Skoda Rapid,88910,Diesel,Auto,2,4.75,8
Maruti Swift Dzire,110000,Diesel,Manual,3,2.5,8
Toyota URBAN CRUISER,68040,Petrol,Auto,2,6.5,4
Maruti Celerio,110000,Petrol,Auto,2,3.0,9
Tata NEXON,74440,Diesel,Manual,1,4.97,6
Honda Amaze,25920,Petrol,Manual,1,6.1,3
Hyundai Creta,120000,Diesel,Auto,2,6.0,9
Tata PUNCH,36330,Petrol,Manual,1,5.37,3
Honda City,58310,Petrol,Manual,1,8.0,4
Tata NEXON,160000,Diesel,Manual,1,5.29,6
Skoda Rapid,130000,Diesel,Manual,1,6.19,6
Tata Harrier,45220,Diesel,Manual,2,13.76,3
Hyundai Creta,130000,Diesel,Auto,2,8.92,6
Toyota Fortuner,240000,Diesel,Auto,2,8.1,12
Honda Mobilio,190000,Diesel,Manual,2,2.5,11
Audi A6,74620,Diesel,Auto,1,9.3,9
Hyundai Verna,190000,Petrol,Manual,2,2.42,11
Hyundai VENUE,46630,Petrol,Manual,2,5.99,6
Hyundai i20,130000,Diesel,Manual,1,2.36,13
Renault Kiger,22620,Petrol,Manual,1,5.25,2
Maruti Baleno,83510,Petrol,Manual,2,5.28,5
Tata NEXON,110000,Diesel,Auto,1,6.25,5
Mahindra XUV500,37340,Diesel,Manual,1,9.0,6
Hyundai Verna,20020,Petrol,Manual,1,11.94,1
Honda WR-V,48750,Diesel,Manual,1,6.0,6
Hyundai VENUE,20860,Petrol,Manual,1,7.5,3
Tata PUNCH,43820,Petrol,Manual,1,8.65,2
Mahindra Bolero,100000,Diesel,Manual,1,5.66,6
KIA SONET,26130,Petrol,Manual,1,9.58,2
Maruti Baleno,93500,Diesel,Manual,2,2.95,10
MG HECTOR,140000,Diesel,Manual,1,8.5,4
Tata Harrier,82120,Diesel,Manual,1,12.5,4
Maruti Grand Vitara,14740,Hybrid,Auto,1,15.5,1
Hyundai Verna,21320,Petrol,Manual,2,9.9,3
Hyundai Elite i20,130000,Diesel,Manual,2,5.38,8
Hyundai VENUE,58300,Petrol,Auto,1,10.0,3
Honda WR-V,54090,Petrol,Manual,1,4.5,7
Mahindra Scorpio,100000,Diesel,Manual,2,13.5,6
Hyundai Creta,8700,Petrol,Manual,1,13.64,1
Audi Q3,150000,Diesel,Auto,3,15.45,9
Audi A4,73070,Petrol,Auto,4,4.55,14
KIA SONET,63310,Diesel,Auto,1,9.0,4
Tata Safari Storme,46080,Diesel,Manual,1,5.41,9
KIA SELTOS,120000,Diesel,Auto,1,9.5,3
Jeep Compass,170000,Diesel,Manual,1,11.08,7
Ford Ecosport,100000,Diesel,Manual,2,4.99,7
Audi Q5,100000,Diesel,Auto,2,8.0,12
Maruti Swift,180000,Diesel,Manual,2,3.0,10
Mercedes Benz C Class,97350,Petrol,Auto,4,4.99,14
KIA SELTOS,80380,Diesel,Manual,1,11.29,5
Tata Safari Storme,110000,Diesel,Manual,1,3.6,12
Maruti Ciaz,58930,Petrol,Manual,1,7.18,3
Toyota Innova Crysta,170000,Diesel,Auto,1,12.5,8
Volvo XC 60,73100,Diesel,Auto,2,7.5,10
Tata Harrier,100000,Diesel,Manual,1,16.04,2
Ford Endeavour,160000,Diesel,Auto,1,11.45,9
Honda Amaze,38630,Petrol,Auto,1,7.65,3
Mahindra XUV500,79090,Diesel,Auto,3,4.99,9
MG HECTOR,26860,Diesel,Manual,1,14.5,4
Toyota Fortuner,100000,Diesel,Auto,2,12.97,10
MG HECTOR,97990,Diesel,Manual,2,9.0,6
Audi Q3,110000,Diesel,Auto,2,14.82,10
Mahindra XUV300,43050,Diesel,Manual,1,9.0,2
MG HECTOR,49040,Diesel,Manual,2,13.0,4
KIA SELTOS,40630,Petrol,Manual,1,10.69,3
Mahindra SCORPIO-N,63340,Diesel,Auto,1,18.0,1
Audi Q3,91640,Diesel,Auto,2,4.96,13
Mahindra Scorpio,74100,Diesel,Manual,1,9.0,9
KIA SELTOS,51680,Diesel,Auto,1,15.0,3
KIA SELTOS,110000,Diesel,Auto,1,10.5,6
Tata Safari Storme,110000,Diesel,Manual,2,4.28,10
Tata NEXON EV,89110,Electric,Auto,1,12.0,3
Volkswagen VIRTUS,63760,Petrol,Manual,1,11.5,2
Mercedes Benz Ml Class,170000,Diesel,Auto,5,10.83,11
Ford Endeavour,120000,Diesel,Auto,1,18.5,6
Chevrolet Beat,69310,Diesel,Manual,2,1.15,13
Maruti Vitara Brezza,200000,Diesel,Manual,1,4.0,8
Honda Amaze,29930,Diesel,Manual,1,6.0,4
Maruti Swift Dzire,160000,Diesel,Manual,2,3.6,11
KIA SELTOS,56820,Petrol,Auto,1,10.9,5
Mahindra Scorpio,200000,Diesel,Manual,2,3.0,14
Hyundai GRAND I10 NIOS,36850,Petrol,Auto,1,5.75,6
Maruti Baleno,52500,Petrol,Auto,2,5.5,8
Maruti Dzire,86230,Diesel,Manual,1,6.25,7
KIA SELTOS,28590,Diesel,Manual,1,13.24,1
Maruti New Wagon-R,64390,Petrol,Manual,1,4.0,5
Datsun Go Plus,58090,Petrol,Manual,1,1.95,9
Maruti Wagon R 1.0,58890,Petrol,Manual,1,3.65,9
Tata Tiago,94320,Petrol,Manual,1,3.59,6
Maruti Alto K10,140000,Petrol,Manual,2,1.22,10
Maruti Wagon R 1.0,85370,Petrol,Manual,2,2.53,8
KIA SELTOS,19390,Petrol,Manual,1,11.66,2
Hyundai Grand i10,110000,Petrol,Manual,2,3.8,8
Maruti Swift,190000,Diesel,Manual,3,1.86,12
Maruti Swift Dzire,140000,Diesel,Manual,5,2.09,13
Maruti Swift Dzire,40800,Diesel,Manual,1,4.05,11
Honda Amaze,150000,Diesel,Manual,1,1.77,12
Hyundai AURA,65540,Petrol,Manual,1,4.57,5
Maruti Wagon R 1.0,56100,Petrol,Manual,2,1.95,13
Ford Figo Aspire,54640,Petrol,Manual,1,3.5,8
Hyundai Eon,120000,Petrol,Manual,3,1.7,12
Maruti Celerio,100000,Petrol,Manual,1,3.05,7
Tata Indica Vista,77560,Diesel,Manual,2,1.4,12
Ford Figo,90920,Diesel,Manual,5,1.0,13
Hyundai i10,49600,Petrol,Manual,2,1.0,14
Hyundai i20 Active,150000,Petrol,Manual,1,3.6,9
Hyundai NEW SANTRO,100000,Petrol,Manual,1,3.99,4
Tata Zest,120000,Diesel,Manual,1,2.39,8
Maruti Celerio,110000,Petrol,Manual,2,1.7,10
Hyundai i20,130000,Petrol,Manual,3,1.84,15
Toyota Etios Liva,270000,Diesel,Manual,2,1.5,10
Maruti Alto K10,67250,Petrol,Manual,1,3.21,8
Tata NEXON,75220,Petrol,Manual,1,9.5,3
Nissan Terrano,100000,Diesel,Manual,2,2.91,11
Tata Tiago,91450,Petrol,Manual,1,3.31,8
Tata Indigo ECS,130000,Diesel,Manual,1,1.5,11
Maruti Ertiga,54000,Diesel,Manual,1,5.5,11
Hyundai Elite i20,120000,Petrol,Manual,1,4.96,7
Mahindra XUV500,130000,Diesel,Manual,2,6.5,10
Mahindra TUV300,31080,Diesel,Manual,2,5.82,7
Volkswagen Vento,140000,Petrol,Manual,3,3.0,10
Skoda Rapid,130000,Diesel,Auto,1,6.25,8
Mahindra Bolero,95130,Diesel,Manual,3,2.72,13
Mahindra XUV500,130000,Diesel,Manual,5,2.21,12
Skoda Rapid,150000,Diesel,Manual,1,5.0,8
Hyundai Verna,87690,Petrol,Manual,2,7.5,5
Mahindra XUV500,110000,Diesel,Manual,2,5.43,11
Hyundai NEW SANTRO,40630,Petrol,Manual,2,4.21,6
KIA SELTOS,72730,Diesel,Auto,2,13.0,3
Mahindra Thar,38750,Diesel,Manual,1,13.37,3
Tata NEXON,56680,Petrol,Manual,1,8.99,3
Maruti XL6,51880,Petrol,Manual,1,11.85,3
Maruti XL6,39850,Petrol,Auto,1,13.01,3
Hyundai AURA,45000,Petrol,Manual,2,6.25,4
Ford Ecosport,99550,Diesel,Manual,1,6.0,7
Mahindra XUV500,71380,Diesel,Manual,2,4.3,9
MG HECTOR PLUS,58570,Petrol,Manual,1,17.31,3
Hyundai Creta,210000,Diesel,Manual,1,7.0,8
Toyota Innova Crysta,120000,Diesel,Manual,2,17.61,9
Audi Q5,76040,Diesel,Auto,3,7.64,13
BMW 1 Series,42880,Diesel,Auto,2,7.58,12
Mahindra Thar,65010,Petrol,Auto,1,10.5,4
BMW X1,99780,Diesel,Auto,2,13.12,9
Toyota Fortuner,220000,Diesel,Manual,1,9.35,13
KIA SONET,61980,Petrol,Manual,2,9.99,3
MG HECTOR,40160,Diesel,Manual,1,15.0,3
Mahindra XUV500,110000,Diesel,Manual,3,5.12,9
Chevrolet Cruze,200000,Diesel,Auto,1,4.84,11
Tata Safari Storme,180000,Diesel,Manual,1,4.0,10
Toyota Innova Crysta,110000,Diesel,Manual,1,11.11,8
Tata NEXON EV,130000,Electric,Auto,1,11.5,2
Tata Safari,61320,Diesel,Auto,1,18.0,4
Hyundai Grand i10,57810,Petrol,Manual,1,3.4,8
Maruti S Cross,140000,Diesel,Manual,3,3.59,10
Hyundai EXTER,17260,Petrol,Manual,1,6.8,2
Hyundai i20,200000,Petrol,Manual,4,1.34,14
Hyundai GRAND I10 NIOS,14360,Petrol,Manual,1,6.28,3
Tata NEXON,30220,Petrol,Manual,1,8.94,2
MG HECTOR PLUS,52180,Diesel,Manual,2,15.92,4
Tata Tiago,46830,Petrol,Manual,2,4.08,7
Maruti Ciaz,190000,Diesel,Manual,1,5.59,10
Datsun Go,78960,Petrol,Manual,2,2.25,10
Renault Kiger,37900,Petrol,Manual,1,5.45,3
Hyundai i10,23170,Petrol,Manual,1,2.67,14
Renault Pulse,160000,Diesel,Manual,3,2.31,13
Hyundai Elite i20,170000,Diesel,Manual,1,5.04,10
Mahindra XUV500,50710,Diesel,Manual,1,13.29,8
Maruti Ritz,110000,Petrol,Manual,2,2.95,11
MG HECTOR,110000,Diesel,Manual,1,13.5,4
Hyundai Verna,130000,Diesel,Manual,2,3.45,13
Skoda Rapid,58070,Petrol,Auto,2,7.01,6
Maruti Ertiga,80740,Petrol,Manual,1,8.3,8
Honda City,120000,Petrol,Manual,1,8.6,7
Skoda Rapid,220000,Diesel,Auto,1,4.8,9
Renault Lodgy,190000,Diesel,Manual,1,4.5,7
Jeep Compass,140000,Diesel,Manual,1,9.5,7
KIA SELTOS,69950,Petrol,Auto,1,12.75,3
Maruti Wagon R 1.0,62480,Petrol,Manual,1,2.84,12
Hyundai Creta,130000,Diesel,Manual,1,6.5,9
Maruti Alto 800,120000,Petrol,Manual,1,2.2,8
Maruti Celerio,160000,Diesel,Manual,2,3.0,9
Skoda Rapid,89220,Petrol,Manual,3,1.99,12
Maruti Wagon R 1.0,110000,Petrol,Manual,1,2.2,12
Tata NEXON,120000,Diesel,Manual,3,6.0,8
Tata Safari,150000,Diesel,Manual,3,1.67,13
Hyundai i10,53220,Petrol,Auto,3,2.45,12
Volkswagen Polo,14000,Petrol,Manual,1,2.5,14
Maruti A Star,100000,Petrol,Manual,4,1.99,15
Honda City,70320,Petrol,Manual,2,11.65,4
Hyundai i10,78710,Petrol,Manual,1,2.48,14
Renault Duster,73540,Petrol,Manual,4,3.06,11
Maruti Ciaz,66370,Petrol,Manual,1,10.48,4
Ford Ecosport,160000,Diesel,Manual,4,4.0,12
BMW 5 Series,72270,Diesel,Auto,2,9.5,13
Hyundai VENUE,39950,Petrol,Manual,2,8.0,3
Maruti S Cross,140000,Diesel,Manual,2,4.83,10
Maruti Swift,130000,Diesel,Manual,5,1.83,15
Tata NEXON,20190,Diesel,Manual,1,9.3,1
Maruti Celerio,58870,Petrol,Auto,2,3.71,9
Maruti Alto,120000,Petrol,Manual,2,1.57,15
Renault TRIBER,130000,Petrol,Manual,1,8.0,4
Maruti Alto K10,23300,Petrol,Auto,1,4.07,7
Honda Jazz,78370,Petrol,Manual,1,4.87,10
Hyundai Creta,47340,Diesel,Manual,1,12.0,7
Hyundai Verna,18220,Petrol,Manual,1,10.99,2
MG HECTOR,43560,Petrol,Auto,1,17.0,3
Mahindra SCORPIO CLASSIC,36710,Diesel,Manual,1,12.5,2
Tata TIAGO EV,11570,Electric,Auto,1,10.39,2
KIA SELTOS,150000,Diesel,Manual,1,12.84,4
Maruti IGNIS,20750,Petrol,Manual,2,4.23,4
KIA SELTOS,62400,Petrol,Manual,2,10.5,6
Hyundai Elite i20,67790,Diesel,Manual,1,3.72,9
Renault Duster,93190,Diesel,Manual,2,2.53,12
Maruti Baleno,95700,Petrol,Manual,1,4.99,5
Skoda SLAVIA,27040,Petrol,Manual,1,13.49,1
Maruti New Wagon-R,54790,Petrol,Manual,1,6.29,2
Mahindra SCORPIO CLASSIC,23150,Diesel,Manual,1,18.0,1
MG HECTOR,46380,Petrol,Auto,1,11.06,6
Toyota Fortuner,130000,Diesel,Manual,1,12.0,10
Maruti Ertiga,250000,Diesel,Manual,5,2.87,13
Maruti Dzire,57780,Petrol,Auto,3,3.76,8
Renault TRIBER,120000,Petrol,Manual,1,5.5,3
Renault Duster,120000,Diesel,Manual,1,3.46,9
Renault Kwid,55740,Petrol,Manual,1,4.36,5
Maruti Ciaz,200000,Diesel,Manual,4,4.74,8
Volkswagen Ameo,45720,Petrol,Manual,1,5.0,8
Tata PUNCH,13020,Petrol,Manual,1,7.5,3
Hyundai Grand i10,63350,Diesel,Manual,1,3.11,11
Ford Ecosport,90900,Diesel,Manual,3,4.84,10
Skoda Rapid,120000,Diesel,Manual,3,3.3,12
Volkswagen Vento,100000,Diesel,Manual,1,4.95,11
Hyundai New Elantra,77260,Petrol,Auto,4,9.5,6
Mitsubishi Pajero Sport,140000,Diesel,Manual,5,7.0,10
MG HECTOR,25680,Petrol,Auto,1,18.55,2
KIA SONET,50640,Petrol,Manual,1,8.55,4
Hyundai i20,23760,Diesel,Manual,2,2.47,13
Tata Tiago,56940,Petrol,Manual,1,3.89,8
KIA CARENS,3820,Petrol,Manual,1,12.75,1
Volkswagen Polo,60190,Diesel,Manual,3,2.24,12
Datsun Redi Go,58100,Petrol,Manual,2,1.4,9
Hyundai Verna,74170,Petrol,Auto,2,2.77,12
KIA SONET,21670,Petrol,Manual,1,11.5,3
Maruti Wagon R 1.0,55760,Petrol,Manual,3,2.73,8
Ford Fiesta Classic,130000,Diesel,Manual,2,1.28,13
Datsun Redi Go,56370,Petrol,Manual,2,1.3,9
Renault Duster,2,Diesel,Manual,4,3.12,10
Hyundai NEW SANTRO,22510,Petrol,Manual,3,3.23,6
Hyundai Elite i20,85720,Petrol,Manual,2,5.01,8
Hyundai Elite i20,25230,Petrol,Manual,1,5.42,8
Renault Kwid,17670,Petrol,Auto,1,3.8,3
Mahindra Thar,12540,Petrol,Auto,1,14.94,3
Hyundai Grand i10,58750,Petrol,Manual,3,3.5,9
Honda BR-V,52440,Petrol,Manual,1,6.22,9
Mahindra Kuv100,69550,Petrol,Manual,2,3.18,9
Nissan MAGNITE,68040,Petrol,Manual,1,6.87,3
Mahindra Scorpio,78270,Diesel,Manual,1,13.0,7
Hyundai Creta,2920,Petrol,Manual,1,11.66,1
Skoda KUSHAQ,22840,Petrol,Auto,2,16.54,2
Renault Kwid,21830,Petrol,Manual,2,4.7,3
Maruti Vitara Brezza,53810,Diesel,Manual,2,5.0,7
Hyundai Grand i10,15380,Petrol,Manual,1,4.5,6
Mahindra XUV500,55500,Diesel,Manual,3,6.12,9
Maruti Baleno,45050,Petrol,Manual,1,5.99,5
Hyundai Elite i20,120000,Diesel,Manual,1,4.53,11
Tata NEXON,85460,Petrol,Auto,1,7.0,6
Mahindra XUV500,110000,Diesel,Manual,4,3.38,12
Tata NEXON,9630,Petrol,Manual,1,11.96,2
KIA SELTOS,41450,Diesel,Auto,2,11.5,3
Mahindra MARAZZO,52950,Diesel,Manual,1,7.18,6
Hyundai Grand i10,19720,Petrol,Manual,1,4.5,5
Renault Kwid,2670,Petrol,Manual,2,1.42,9
Hyundai i10,110000,Petrol,Manual,2,1.28,14
Maruti Swift,77220,Petrol,Manual,2,4.33,5
Maruti SX4,88970,Petrol,Manual,2,1.29,15
Hyundai Grand i10,96730,Petrol,Manual,2,2.95,11
Hyundai Creta,160000,Diesel,Manual,1,9.5,4
Hyundai i20,110000,Petrol,Manual,4,2.31,14
Tata Nano,58650,Petrol,Auto,2,1.94,10
Hyundai Eon,88300,Petrol,Manual,3,1.0,11
Maruti Swift,150000,Petrol,Manual,3,2.7,13
Maruti Zen Estilo,53130,Petrol,Manual,1,1.74,15
Skoda Rapid,94670,Diesel,Manual,3,1.5,14
Hyundai i10,26810,Petrol,Manual,1,2.0,14
Fiat Punto EVO,150000,Diesel,Manual,1,2.5,11
Honda Jazz,120000,Diesel,Manual,1,3.75,10
Maruti Ertiga,110000,Diesel,Manual,2,6.0,7
Maruti Eeco,94960,Petrol,Manual,1,2.35,12
Maruti Alto 800,180000,Petrol,Manual,2,2.5,7
Ford Fiesta,290000,Diesel,Manual,3,1.2,15
Tata Nano,74410,Petrol,Manual,1,1.87,8
Honda Amaze,84700,Petrol,Auto,2,4.0,9
Maruti Ciaz,180000,Diesel,Manual,1,5.84,9
Honda City,26390,Petrol,Manual,1,8.5,4
Tata Tiago,41390,Petrol,Manual,2,7.5,4
Tata Tiago,2170,Petrol,Manual,1,6.35,1
Maruti Ertiga,160000,Diesel,Manual,7,5.05,12
Renault TRIBER,30620,Petrol,Manual,2,5.17,6
Renault Duster,91600,Petrol,Auto,3,6.3,7
Maruti Wagon R 1.0,92240,Petrol,Manual,2,3.2,8
Chevrolet Sail,140000,Diesel,Manual,2,2.62,9
KIA SONET,10520,Diesel,Manual,1,12.0,1
Tata Tiago,47720,Petrol,Manual,1,6.0,3
Tata NEXON,16180,Petrol,Manual,1,9.4,2
Maruti Celerio,50000,Petrol,Manual,1,6.0,2
Maruti Ertiga,100000,Petrol,Manual,1,8.5,5
Maruti Baleno,12910,Petrol,Manual,1,7.09,1
Maruti Eeco,58750,Petrol,Manual,1,3.63,13
Ford FREESTYLE,83710,Petrol,Manual,1,6.0,5
Maruti S Cross,89760,Diesel,Manual,2,9.12,7
MG ASTOR,31150,Petrol,Manual,1,12.05,3
Toyota Corolla Altis,180000,Diesel,Manual,5,3.32,13
Maruti XL6,88700,Petrol,Manual,1,8.6,3
Toyota Innova,240000,Diesel,Manual,3,4.5,14
Hyundai Creta,150000,Diesel,Auto,1,11.03,5
Maruti Vitara Brezza,91800,Diesel,Manual,1,5.5,8
Honda City,160000,Petrol,Manual,3,1.09,15
Maruti Dzire,85030,Petrol,Manual,1,3.99,8
Maruti Vitara Brezza,28320,Petrol,Auto,2,8.5,5
Hyundai Santro Xing,190000,Petrol,Manual,1,1.21,13
Chevrolet Sail,130000,Diesel,Manual,1,1.65,11
Hyundai i10,91160,Petrol,Manual,1,1.32,14
Maruti XL6,180000,Petrol,Manual,1,7.0,6
Mahindra XUV300,100000,Diesel,Manual,1,6.73,6
Maruti Ertiga,89380,Petrol,Manual,1,11.01,3
Hyundai Xcent,120000,Diesel,Manual,2,1.69,10
Tata NEXON,190000,Diesel,Manual,1,4.11,7
Maruti IGNIS,23250,Petrol,Manual,1,4.85,3
Toyota Etios Liva,85340,Petrol,Manual,4,1.0,14
Mahindra Thar,20290,Diesel,Manual,1,16.4,1
Maruti Baleno,72220,Petrol,Manual,1,7.46,2
Honda City,110000,Petrol,Manual,2,1.48,14
KIA SELTOS,71710,Petrol,Auto,1,10.68,5
Tata Safari,58140,Diesel,Auto,2,17.83,3
Maruti Alto K10,170000,Petrol,Manual,2,1.9,9
Renault Kwid,24700,Petrol,Manual,2,2.5,4
Maruti Ciaz,130000,Diesel,Manual,1,4.54,8
Hyundai Grand i10,11250,Petrol,Manual,1,3.66,10
BMW X1,46600,Diesel,Auto,3,4.5,12
Tata Harrier,38840,Diesel,Manual,2,9.31,6
Honda City,110000,Petrol,Manual,2,1.78,13
Maruti Swift,140000,Diesel,Manual,1,3.63,9
KIA SONET,52570,Diesel,Manual,1,10.5,2
Maruti Baleno,64080,Petrol,Manual,1,4.56,7
Tata NEXON,13740,Petrol,Manual,1,12.37,2
Maruti Vitara Brezza,81070,Diesel,Manual,1,4.62,8
Maruti Baleno,49020,Petrol,Manual,1,4.72,5
Hyundai i10,110000,Petrol,Manual,1,1.94,11
Hyundai Elite i20,100000,Diesel,Manual,2,3.3,10
Tata NEXON EV,59560,Electric,Auto,2,11.85,4
Hyundai Creta,120000,Diesel,Manual,1,6.45,7
Maruti Ciaz,140000,Petrol,Manual,2,3.9,8
BMW X1,110000,Diesel,Auto,3,12.5,7
Hyundai Verna,52890,Petrol,Manual,2,6.44,7
Maruti IGNIS,29130,Petrol,Manual,1,4.97,3
Hyundai Creta,240000,Diesel,Manual,1,5.57,10
Maruti Ertiga,68930,Diesel,Manual,1,5.5,8
Maruti Wagon R 1.0,170000,Petrol,Manual,2,2.7,8
Maruti Alto,77070,Petrol,Manual,2,1.62,13
Hyundai i10,90630,Petrol,Manual,1,1.2,13
Hyundai Accent,60650,Petrol,Manual,2,1.21,14
Renault Duster,63940,Diesel,Auto,1,3.99,9
Mercedes Benz C Class,120000,Diesel,Auto,2,12.09,11
Renault TRIBER,50210,Petrol,Manual,1,5.28,2
Tata ALTROZ,34910,Petrol,Manual,2,4.29,4
Honda Amaze,140000,Petrol,Manual,3,2.63,9
Hyundai AURA,39810,Petrol,Manual,1,7.24,2
Maruti Ciaz,79510,Diesel,Manual,1,4.28,7
Hyundai Grand i10,98000,Diesel,Manual,1,2.74,9
Maruti Ciaz,100000,Diesel,Manual,1,3.6,11
Hyundai i20,54790,Petrol,Manual,1,1.7,15
Honda ELEVATE,8960,Petrol,Auto,1,14.76,1
Maruti Wagon R 1.0,95940,Petrol,Auto,2,2.95,7
Honda WR-V,170000,Diesel,Manual,1,4.66,8
Maruti Baleno,41060,Petrol,Manual,1,4.5,5
Maruti Swift Dzire,120000,Diesel,Manual,1,3.71,9
Maruti Wagon R 1.0,70710,Petrol,Manual,2,2.78,7
Tata Safari Storme,130000,Diesel,Manual,3,4.42,8
Maruti Ertiga,99710,Petrol,Manual,1,9.0,4
Mahindra XUV300,110000,Diesel,Auto,1,7.11,6
Volkswagen Polo,85140,Petrol,Manual,3,3.38,8
Hyundai Grand i10,150000,Diesel,Manual,1,2.3,9
Tata TIGOR,71260,Petrol,Manual,1,5.9,3
Honda City,140000,Petrol,Auto,3,2.26,13
Ford New Figo,83950,Diesel,Manual,2,2.25,10
MG HECTOR,41800,Petrol,Manual,2,8.0,6
Ford Ecosport,120000,Diesel,Manual,1,5.5,6
Maruti S Cross,160000,Diesel,Manual,1,4.5,8
Maruti Dzire,17490,Petrol,Auto,1,7.52,3
Toyota Innova Crysta,79210,Diesel,Auto,1,17.58,4
Hyundai i10,88130,Petrol,Auto,3,1.78,12
Maruti Vitara Brezza,76270,Petrol,Manual,1,5.36,4
Hyundai i20,54690,Petrol,Manual,1,1.3,15
Hyundai Creta,72620,Diesel,Manual,1,6.5,8
Maruti Wagon R 1.0,84270,Petrol,Manual,5,1.7,9
Hyundai Creta,150000,Diesel,Manual,2,5.0,8
Honda City,77160,Petrol,Auto,2,3.0,11
Hyundai Creta,68840,Diesel,Manual,1,6.97,8
Ford FREESTYLE,71990,Petrol,Manual,1,5.2,7
Landrover Discovery 4,160000,Diesel,Auto,3,14.57,13
Honda Jazz,89060,Petrol,Auto,1,6.0,5
Ford Figo,88650,Diesel,Manual,1,1.17,13
Toyota YARIS,31760,Petrol,Manual,2,7.05,4
MG HECTOR,100000,Diesel,Manual,2,8.17,6
Renault Kwid,43900,Petrol,Auto,1,4.29,4
MG ASTOR,12420,Petrol,Manual,1,14.83,2
Ford Ecosport,120000,Diesel,Manual,1,6.12,7
Honda Amaze,130000,Petrol,Manual,2,1.97,12
Nissan MAGNITE,38240,Petrol,Manual,1,5.45,2
Honda City,48610,Petrol,Manual,1,9.8,3
KIA SONET,22100,Petrol,Manual,1,9.53,1
Tata Tiago,19450,CNG,Manual,1,5.75,2
Hyundai Elite i20,93580,Petrol,Manual,1,4.64,8
Tata Harrier,43380,Diesel,Auto,1,12.87,4
Mahindra XUV500,64930,Diesel,Auto,1,10.75,7
Honda WR-V,66340,Petrol,Manual,1,5.5,7
Skoda Rapid,45050,Petrol,Manual,2,2.23,12
Hyundai Creta,27500,Petrol,Manual,1,16.7,1
Hyundai Creta,85300,Diesel,Manual,1,10.75,6
Mahindra XUV500,49230,Diesel,Auto,2,7.95,7
Tata Tiago,30160,Petrol,Manual,2,4.73,4
Maruti Ciaz,68180,Petrol,Auto,1,8.2,4
MG ASTOR,21510,Petrol,Manual,1,11.13,3
Nissan MAGNITE,35720,Petrol,Manual,1,4.82,2
Tata ALTROZ,4300,Petrol,Auto,1,8.49,1
KIA SELTOS,59280,Diesel,Auto,1,10.25,5
Hyundai Elite i20,73700,CNG,Manual,1,4.44,7
Maruti Alto K10,3420,Petrol,Manual,1,3.73,1
KIA CARENS,26950,Petrol,Manual,1,14.11,1
Mahindra XUV700,47600,Petrol,Manual,1,15.9,3
Toyota Glanza,54740,Petrol,Manual,1,5.59,5
Mahindra XUV700,67290,Diesel,Manual,1,15.0,3
Hyundai Creta,43010,Petrol,Manual,1,8.61,4
Honda Amaze,19960,Petrol,Auto,1,6.16,3
Honda City,69290,Petrol,Manual,1,6.85,7
MG HECTOR,18650,Petrol,Auto,1,17.95,2
Tata NEXON,100000,Diesel,Manual,1,6.51,5
Maruti Celerio,73410,Petrol,Manual,1,4.65,3
Hyundai Elite i20,41080,Petrol,Manual,2,3.55,8
Nissan MAGNITE,50440,CNG,Manual,1,5.75,2
Hyundai Elite i20,70310,Petrol,Manual,1,5.16,5
Maruti Swift,23930,Petrol,Auto,1,6.28,2
Mahindra XUV300,75360,Diesel,Manual,1,10.24,3
Hyundai Creta,69200,Petrol,Auto,1,7.58,8
Hyundai GRAND I10 NIOS,34680,Petrol,Manual,1,5.25,5
Maruti New Wagon-R,15950,Petrol,Manual,1,4.57,4
Maruti New Wagon-R,29110,CNG,Manual,1,5.35,3
Tata NEXON,17380,Petrol,Manual,1,6.13,6
Maruti Ciaz,56210,Petrol,Manual,1,5.18,7
Maruti Celerio,20910,Petrol,Auto,1,5.41,2
Maruti Baleno,24550,Petrol,Manual,1,5.6,2
Tata Tiago,78790,Petrol,Manual,1,3.54,5
Tata NEXON,35730,Petrol,Manual,1,6.84,5
Tata ALTROZ,73700,Diesel,Manual,1,6.8,4
Tata NEXON,73430,Petrol,Manual,1,6.64,5
Honda Amaze,69950,Petrol,Manual,2,3.09,7
Honda Amaze,22820,Petrol,Manual,1,5.65,4
Tata NEXON,33360,Petrol,Auto,1,9.1,2
Hyundai Verna,47530,Petrol,Manual,1,7.45,6
Hyundai Grand i10,11000,Petrol,Manual,1,3.55,9
Maruti Ertiga,65360,CNG,Manual,1,8.75,5
Maruti Swift,30680,Petrol,Manual,1,5.32,2
Volkswagen TAIGUN,23080,Petrol,Manual,1,9.2,1
Maruti Swift,32810,Petrol,Manual,1,3.5,10
Maruti Baleno,40210,Petrol,Auto,1,7.65,3
Ford Ecosport,15590,Petrol,Manual,1,8.83,4
Hyundai Creta,90950,Petrol,Manual,1,6.02,7
Hyundai Elite i20,42280,Petrol,Manual,1,4.16,7
Tata ALTROZ,34100,Petrol,Manual,1,4.67,4
Maruti Ertiga,55660,CNG,Manual,1,5.75,9
Hyundai GRAND I10 NIOS,12270,Petrol,Manual,1,5.82,2
Tata NEXON,48010,Petrol,Manual,1,5.87,3
Maruti New Wagon-R,22660,Petrol,Manual,1,4.98,2
Mahindra Thar,36180,Diesel,Auto,1,16.0,1
Toyota Etios,52150,Petrol,Manual,1,3.63,8
Hyundai Creta,28100,Petrol,Manual,1,16.7,1
Hyundai Creta,32990,Petrol,Manual,1,16.7,1
MG ASTOR,28990,Petrol,Manual,1,8.97,3
Maruti Wagon R 1.0,38890,Petrol,Manual,1,2.85,10
Tata PUNCH,17630,Petrol,Manual,1,5.44,3
Renault Kwid,62910,Petrol,Manual,2,1.87,9
Tata TIAGO NRG,38210,Petrol,Manual,1,4.51,4
MG HECTOR,38660,Petrol,Manual,1,9.68,4
Volkswagen TAIGUN,49170,Petrol,Auto,1,12.21,3
Maruti FRONX,23450,Petrol,Manual,1,8.4,2
Maruti Ciaz,87620,Petrol,Manual,2,3.23,10
Hyundai Elite i20,47280,Petrol,Manual,3,4.31,6
KIA SONET,15840,Petrol,Manual,1,6.21,4
Renault TRIBER,61630,Petrol,Manual,1,4.89,4
Tata Hexa,94870,Diesel,Manual,2,6.15,7
Honda Brio,36220,Petrol,Manual,2,1.81,12
Skoda SLAVIA,46260,Petrol,Manual,1,7.72,2
Hyundai Grand i10,110000,Petrol,Manual,1,3.16,9
Mahindra Thar,33160,Petrol,Manual,2,10.5,3
Toyota URBAN CRUISER,48980,Petrol,Manual,1,6.99,3
Maruti S PRESSO,15700,Petrol,Manual,1,3.73,5
Maruti Swift,63180,Petrol,Manual,1,5.15,6
Volkswagen VIRTUS,31790,Petrol,Auto,1,14.3,1
Tata NEXON,32870,Petrol,Manual,1,8.23,3
Mahindra Thar,18850,Petrol,Manual,2,10.95,2
Tata Curvv,2540,Petrol,Manual,1,10.51,1
Datsun Redi Go,37670,Petrol,Manual,2,1.75,7
Volkswagen VIRTUS,74820,Petrol,Manual,1,9.8,2
Maruti Swift,38360,Petrol,Manual,1,3.27,10
Maruti Wagon R 1.0,58140,Petrol,Manual,2,2.4,10
Hyundai Creta,80070,Petrol,Manual,1,8.33,4
Tata NEXON,74790,Petrol,Manual,1,6.02,4
Toyota YARIS,140000,Petrol,Auto,1,5.71,7
Maruti Vitara Brezza,43930,Petrol,Manual,1,5.63,5
MG HECTOR,82020,Petrol,Auto,1,8.12,6
KIA SONET,81090,Petrol,Manual,1,6.46,5
MG HECTOR,43050,Petrol,Manual,2,8.79,5
Tata TIGOR,2970,Petrol,Manual,1,5.33,1
Maruti Vitara Brezza,37110,Diesel,Manual,1,5.25,8
Hyundai NEW SANTRO,93240,CNG,Manual,1,3.54,6
Maruti Wagon R 1.0,55400,Petrol,Manual,1,2.77,10
Maruti Wagon R 1.0,17350,Petrol,Manual,1,1.97,11
Volkswagen TAIGUN,10000,Petrol,Manual,1,9.54,1
Honda Amaze,15580,Petrol,Manual,1,8.48,1
Maruti Swift,87940,Petrol,Manual,1,3.3,8
Maruti Celerio,35700,Petrol,Manual,1,2.18,11
KIA SONET,14020,Petrol,Manual,1,7.52,2
Tata ALTROZ,87080,Diesel,Manual,1,4.36,4
Toyota Corolla Altis,18380,Petrol,Manual,2,4.95,11
Maruti JIMNY,32820,CNG,Manual,1,10.8,2
Renault Kwid,41050,Petrol,Manual,1,1.85,9
Maruti BREZZA,41180,Petrol,Manual,1,9.55,2
KIA SONET,31000,Petrol,Auto,1,8.64,5
Hyundai EXTER,9910,Petrol,Manual,1,7.45,2
MG HECTOR,47690,Petrol,Auto,1,11.5,5
Tata Harrier,30110,Diesel,Auto,1,13.59,3
Ford Figo Aspire,88260,Diesel,Manual,1,3.87,6
Maruti Alto K10,52910,Petrol,Manual,1,3.5,3
Mahindra Thar,16880,Petrol,Auto,1,13.25,3
Mahindra XUV500,97260,Diesel,Manual,1,7.05,5
Hyundai AURA,78690,CNG,Manual,1,6.4,3
Hyundai Creta,3590,Diesel,Manual,1,15.75,1
Maruti Dzire,90990,Petrol,Manual,1,3.92,7
Honda Amaze,94640,Petrol,Manual,2,3.77,6
Maruti Celerio,25950,Petrol,Manual,1,4.9,3
Maruti Baleno,59150,Petrol,Auto,1,5.1,6
Volkswagen TAIGUN,58420,Petrol,Manual,2,9.5,4
Hyundai VENUE N LINE,17720,Petrol,Auto,1,9.21,3
Hyundai GRAND I10 NIOS,46140,Petrol,Auto,1,5.18,5
Honda City,70850,Petrol,Auto,1,6.56,8
Ford Ecosport,47890,Petrol,Manual,1,2.96,11
Hyundai VENUE,31540,Diesel,Manual,2,7.23,5
Hyundai Xcent,47490,Petrol,Manual,1,3.74,8
Toyota Etios,69670,Petrol,Manual,1,2.52,11
KIA SONET,43130,Petrol,Manual,1,7.1,4
Tata PUNCH,14010,Petrol,Manual,1,5.51,1
Volkswagen Polo,69240,Petrol,Manual,1,4.99,7
Toyota URBAN CRUISER,43660,Petrol,Manual,1,6.8,3
Honda Amaze,26070,Petrol,Auto,1,7.59,1
Maruti Vitara Brezza,51480,Diesel,Auto,1,6.5,6
Maruti Swift Dzire,98940,Petrol,Manual,1,2.53,10
Toyota Glanza,6300,Petrol,Manual,1,8.2,1
KIA SONET,76690,Petrol,Manual,1,7.4,5
Maruti Alto 800,63570,CNG,Manual,1,3.17,6
Tata ALTROZ,27640,CNG,Manual,1,6.7,1
Hyundai Grand i10,38690,Petrol,Manual,1,2.94,8
Datsun Go,99610,Petrol,Manual,2,2.15,7
Tata NEXON,52550,Petrol,Manual,1,6.09,4
Maruti Baleno,27860,Petrol,Manual,1,5.67,3
Renault Kiger,19490,Petrol,Auto,1,6.46,2
Tata Tiago,9360,Petrol,Auto,1,6.2,1
Hyundai Creta,29110,Petrol,Manual,1,11.3,4
Volkswagen Ameo,36630,Petrol,Manual,1,3.91,7
Hyundai Elite i20,27510,Petrol,Manual,1,5.45,9
Honda Amaze,74040,Petrol,Manual,1,2.98,10
Maruti Swift Dzire,63590,Petrol,Manual,1,2.09,12
Toyota URBAN CRUISER,31260,Petrol,Manual,2,6.99,3
Datsun Redi Go,50460,Petrol,Auto,1,3.16,4
Maruti New Wagon-R,59600,CNG,Manual,1,5.05,2
Maruti Baleno,9590,Petrol,Manual,1,5.55,4
Honda City,48290,Petrol,Auto,2,4.47,10
Hyundai Creta,80850,Diesel,Manual,2,5.47,7
Maruti Swift,90480,Petrol,Manual,2,4.19,6
Tata TIGOR,53240,Petrol,Auto,1,4.87,2
Mahindra Scorpio,35020,Diesel,Manual,1,10.6,6
Volkswagen Vento,55630,Petrol,Manual,2,3.66,10
Renault Kwid,38100,Petrol,Manual,1,2.98,4
Hyundai VENUE,26560,Petrol,Manual,1,8.8,3
Tata Safari,58290,Diesel,Manual,1,11.73,4
Ford Ecosport,39850,Diesel,Manual,1,6.71,4
Hyundai Eon,36920,Petrol,Manual,2,1.15,12
Mahindra XUV700,17270,Petrol,Auto,1,13.95,2
Maruti New Wagon-R,33370,Petrol,Manual,1,4.46,3
Renault Kiger,48040,Petrol,Manual,2,4.83,3
Hyundai i20,62860,Petrol,Manual,2,2.92,11
Maruti Dzire,47970,Petrol,Manual,2,3.73,8
Tata NEXON,11410,Petrol,Manual,1,7.25,2
Maruti Grand Vitara,16230,Petrol,Manual,1,11.75,2
Maruti Celerio,85780,Petrol,Manual,1,2.8,8
Nissan MAGNITE,29340,Petrol,Manual,1,5.58,2
Toyota Etios,44270,Petrol,Manual,1,2.29,12
Skoda Rapid,56750,Petrol,Manual,2,5.92,5
Tata NEXON,28970,Diesel,Auto,1,9.18,2
Hyundai Grand i10,31030,Petrol,Manual,1,3.19,8
Honda City,37600,Petrol,Manual,1,6.31,6
Hyundai Xcent,140000,Petrol,Manual,2,2.23,11
KIA SONET,7760,Petrol,Manual,1,7.59,1
KIA SONET,23220,Petrol,Manual,1,7.95,1
KIA CARENS,58170,Diesel,Manual,1,9.59,2
Mahindra XUV500,19610,Diesel,Manual,1,10.2,4
Renault Kiger,33670,Petrol,Auto,1,6.42,2
Tata Safari,37900,Diesel,Manual,1,16.72,2
Hyundai Verna,82590,Petrol,Manual,1,2.45,12
Maruti S PRESSO,43330,Petrol,Manual,1,2.89,6
MG ASTOR,50800,Petrol,Manual,1,8.59,3
Hyundai Elite i20,17260,Petrol,Manual,1,4.32,7
Hyundai Creta,59350,Petrol,Manual,1,4.29,9
Renault Kwid,49940,Petrol,Manual,1,3.14,5
Hyundai Grand i10,94550,CNG,Manual,2,3.88,6
MG HECTOR,65170,Petrol,Auto,1,10.2,6
Tata PUNCH,15940,Petrol,Auto,1,6.71,3
Hyundai GRAND I10 NIOS,54110,Diesel,Auto,2,5.78,3
Maruti Celerio,93520,Petrol,Manual,1,2.68,9
Hyundai Eon,14700,Petrol,Manual,1,2.33,8
Renault Kiger,14720,Petrol,Auto,2,5.52,4
KIA CARENS,48550,Diesel,Manual,1,11.7,2
Hyundai Elite i20,45970,Petrol,Manual,1,3.89,10
Skoda KUSHAQ,38310,Petrol,Manual,1,8.28,3
KIA SELTOS,17360,Petrol,Manual,1,10.09,3
Renault Kwid,37450,Petrol,Manual,1,2.57,7
Honda Amaze,54960,Diesel,Manual,1,5.62,4
Renault TRIBER,34450,Petrol,Manual,1,5.27,3
Volkswagen TAIGUN,15450,Petrol,Manual,1,9.98,2
Maruti Ertiga,65930,Petrol,Auto,2,7.63,6
Hyundai GRAND I10 NIOS,73640,CNG,Manual,1,5.73,3
Mahindra Bolero,78490,Diesel,Manual,1,7.3,4
Honda Amaze,39280,Petrol,Auto,1,5.83,5
Volkswagen Polo,77580,Petrol,Manual,1,2.72,11
Maruti Vitara Brezza,17320,Petrol,Manual,1,6.74,5
Tata NEXON,19100,Petrol,Manual,1,9.6,1
Tata ALTROZ,29430,Petrol,Manual,1,8.36,1
Maruti Dzire,49380,Petrol,Manual,1,4.99,7
Skoda SLAVIA,29320,Petrol,Auto,1,10.44,2
Maruti Baleno,79620,Petrol,Manual,1,3.55,8
Honda WR-V,55900,Petrol,Manual,1,4.21,7
Maruti Alto 800,27200,Petrol,Manual,2,2.14,9
Hyundai VENUE,38590,Petrol,Manual,1,5.76,5
Tata Harrier,83920,Diesel,Manual,1,8.63,5
Maruti IGNIS,31590,Petrol,Manual,1,4.21,2
Tata NEXON,90430,CNG,Manual,1,5.7,5
Jeep Compass,37350,Diesel,Manual,1,13.8,4
Hyundai Creta,36420,Petrol,Manual,1,11.6,2
Toyota Corolla Altis,60410,Petrol,Auto,1,6.2,10
KIA SONET,15630,Diesel,Manual,1,10.17,2
Mahindra BOLERO NEO,12130,Diesel,Manual,1,9.03,1
Mahindra XUV300,36410,Petrol,Manual,1,7.78,2
Maruti IGNIS,32290,Petrol,Manual,1,4.87,3
Honda City,71580,Petrol,Manual,2,4.41,8
Hyundai Elite i20,34590,Petrol,Manual,1,3.79,10
Hyundai Creta,36570,Petrol,Manual,1,6.6,9
Hyundai Elite i20,41350,Petrol,Manual,2,2.92,11
Maruti S PRESSO,28920,Petrol,Manual,1,3.33,4
Ford Ecosport,64360,Petrol,Manual,2,3.21,9
Honda WR-V,83280,Petrol,Manual,1,5.28,6
Maruti Dzire,48220,Petrol,Auto,1,5.28,4
Volkswagen Polo,82440,Petrol,Manual,1,2.81,10
Tata Harrier,20390,Diesel,Auto,1,15.22,3
Ford Ecosport,55490,Petrol,Auto,1,5.34,7
Renault TRIBER,30220,Petrol,Manual,1,4.29,5
Maruti New Wagon-R,58680,Petrol,Manual,1,3.83,6
Hyundai NEW I20,13310,Petrol,Auto,1,7.45,2
Nissan MAGNITE,25160,Petrol,Manual,1,4.8,4
Maruti Baleno,42610,Petrol,Manual,2,3.83,7
Renault Kwid,21090,Petrol,Manual,1,3.37,4
Tata Harrier,26780,Diesel,Auto,1,12.3,4
Maruti Ciaz,79860,Petrol,Manual,1,3.92,10
Renault Kwid,44990,Petrol,Manual,1,3.24,6
Maruti New Wagon-R,33830,Petrol,Manual,1,4.12,3
KIA SONET,37860,Petrol,Auto,1,8.61,4
Tata NEXON,73190,Petrol,Manual,1,6.4,4
Hyundai New Elantra,62900,Petrol,Manual,2,7.21,6
Datsun Redi Go,56400,CNG,Manual,1,2.15,7
Maruti S PRESSO,39990,Petrol,Manual,1,3.53,4
KIA SELTOS,33000,Petrol,Manual,2,9.4,5
Tata ALTROZ,7880,Petrol,Manual,1,6.71,1
Maruti Alto 800,18720,Petrol,Manual,2,1.64,12
Tata NEXON,58440,Petrol,Manual,2,5.11,7
Hyundai GRAND I10 NIOS,34800,Petrol,Manual,1,4.56,5
Maruti Baleno,75950,Petrol,Manual,1,4.6,5
Volkswagen TAIGUN,62950,Petrol,Auto,1,9.65,4
Maruti Swift,40780,Petrol,Manual,1,2.97,10
Nissan MAGNITE,42030,Petrol,Auto,1,6.15,4
Hyundai Verna,90340,Petrol,Manual,1,6.92,6
Ford Ecosport,97890,Petrol,Manual,1,6.21,5
Maruti Baleno,45260,Petrol,Auto,1,7.3,3
Hyundai i10,27080,Petrol,Manual,1,1.74,12
Maruti FRONX,2740,Petrol,Manual,1,9.5,2
Ford Figo Aspire,30430,Petrol,Manual,1,3.81,7
Tata Safari,55290,Diesel,Manual,1,15.11,3
MG ASTOR,34920,Petrol,Manual,1,8.32,3
Renault Kwid,17620,Petrol,Manual,1,3.58,4
Maruti Baleno,53870,CNG,Manual,2,3.88,9
Renault Kwid,4600,Petrol,Manual,1,2.99,5
Maruti Ertiga,38390,CNG,Manual,1,7.01,8
Mahindra XUV300,89440,Petrol,Manual,1,6.12,6
Maruti Ciaz,87580,Petrol,Manual,1,3.39,9
Toyota Innova Crysta,36280,Petrol,Auto,1,16.15,5
Volkswagen TAIGUN,65370,Petrol,Manual,2,9.95,3
Honda City,70940,Petrol,Manual,1,5.18,8
Honda WR-V,26610,Petrol,Manual,1,5.58,6
Hyundai i10,57360,Petrol,Manual,1,1.51,12
Toyota Innova Crysta,85160,Diesel,Manual,1,12.0,7
Maruti Ciaz,47020,Petrol,Auto,1,7.2,4
Hyundai Creta,55070,Petrol,Manual,1,5.7,9
Nissan MAGNITE,63510,Petrol,Manual,1,5.08,4
Maruti Baleno,57010,Petrol,Manual,1,4.45,7
Ford Ecosport,48960,Petrol,Manual,2,3.17,11
Maruti Ciaz,65810,Petrol,Manual,1,4.37,10
Hyundai VENUE,57130,Petrol,Manual,2,5.95,5
Hyundai Elite i20,90650,Petrol,Manual,1,3.44,10
KIA SONET,38640,Petrol,Manual,1,7.6,3
Hyundai Grand i10,63340,Petrol,Manual,1,2.55,10
Renault Kiger,27290,Petrol,Auto,1,7.13,3
Maruti Wagon R 1.0,81410,CNG,Manual,1,1.73,12
KIA SONET,6980,Petrol,Auto,1,11.67,1
Honda WR-V,36420,Petrol,Manual,1,6.7,5
Renault Kwid,28250,Petrol,Manual,1,4.39,2
Tata NEXON,18290,Petrol,Manual,1,6.98,5
Maruti Ritz,56430,Petrol,Manual,1,1.52,13
Jeep Compass,65670,Petrol,Auto,1,11.6,5
Maruti Baleno,58250,Petrol,Manual,1,4.61,5
Renault Kwid,63040,Petrol,Manual,1,2.93,3
Ford Ecosport,77230,Petrol,Manual,1,4.61,7
Maruti Swift,53950,Petrol,Manual,1,3.07,10
Honda Amaze,77740,Petrol,Manual,1,4.69,5
Nissan MAGNITE,44930,Petrol,Manual,1,6.92,3
Tata ALTROZ,64769,Petrol,Manual,1,4.5,5
Maruti Celerio,73850,CNG,Manual,1,3.63,7
Renault Kwid,67080,Petrol,Manual,1,2.56,5
Maruti Wagon R 1.0,91010,Petrol,Manual,1,2.33,9
MG HECTOR,15990,Petrol,Manual,1,10.5,4
MG ASTOR,17370,Petrol,Manual,1,10.79,1
Honda Amaze,36960,Petrol,Manual,1,2.32,12
Mahindra Thar,60960,Petrol,Auto,2,10.25,4
Maruti Swift,95910,Petrol,Manual,2,3.18,9
Tata NEXON,26540,Petrol,Auto,1,8.7,2
Hyundai i10,94780,Petrol,Manual,1,1.54,12
Hyundai Creta,70280,Petrol,Manual,2,5.57,7
Mahindra XUV500,20940,Diesel,Manual,1,6.17,7
Hyundai Verna,63690,Petrol,Manual,1,6.0,7
Tata NEXON,42680,Petrol,Auto,1,9.1,2
Honda City,45660,Petrol,Manual,1,4.11,10
Hyundai Grand i10,53370,Petrol,Manual,1,3.2,11
Ford Ecosport,83970,Petrol,Manual,1,5.79,6
Maruti Baleno,77860,Petrol,Manual,1,4.78,4
Maruti Celerio,64220,Petrol,Manual,2,2.7,8
Tata Harrier,89580,Diesel,Manual,1,10.22,4
Maruti Alto K10,34450,Petrol,Manual,1,2.86,7
Maruti Eeco,38570,CNG,Manual,1,5.06,3
Ford Ecosport,84980,Petrol,Auto,1,4.24,9
Ford Ecosport,94900,Petrol,Auto,2,4.81,7
Honda City,59340,Petrol,Manual,1,6.41,6
Hyundai GRAND I10 NIOS,64040,CNG,Manual,1,5.25,4
Tata ALTROZ,68420,CNG,Manual,1,5.82,5
Mahindra XUV300,69400,Petrol,Manual,1,5.51,6
Tata Harrier,50400,Diesel,Manual,1,9.99,4
Tata NEXON,31900,Diesel,Auto,1,8.52,2
Hyundai Grand i10,29540,Petrol,Manual,2,2.74,10
Hyundai GRAND I10 NIOS,11900,Petrol,Manual,1,4.72,3
Maruti Swift,130000,Diesel,Manual,2,3.39,8
Maruti Swift Dzire,28930,Petrol,Manual,1,3.05,10
Hyundai i20 Active,30250,Petrol,Manual,1,4.53,8
Maruti Celerio,61810,CNG,Manual,1,3.93,6
Maruti Swift,48450,Petrol,Manual,1,3.12,9
Maruti New Wagon-R,29540,CNG,Manual,1,5.87,1
Renault Kwid,62640,Petrol,Auto,1,2.38,8
Renault TRIBER,24590,Petrol,Auto,2,4.34,5
Tata NEXON,45710,Diesel,Auto,1,8.93,2
Maruti Swift,90680,Petrol,Auto,1,4.21,7
Hyundai AURA,51530,Petrol,Manual,1,5.7,3
Tata TIGOR,15080,CNG,Auto,1,8.06,1
Honda City,65860,Petrol,Auto,1,7.19,6
Mahindra XUV500,59480,Diesel,Manual,1,6.56,6
Renault Kiger,54200,Petrol,Auto,1,5.04,4
Renault Duster,75790,Diesel,Manual,1,5.31,6
Hyundai Creta,43590,Petrol,Manual,1,6.05,6
Tata NEXON,48340,Petrol,Manual,1,7.64,3
Datsun Redi Go,64970,Petrol,Manual,1,1.88,8
Tata ALTROZ,15960,CNG,Manual,1,7.37,1
Honda Brio,28570,Petrol,Manual,1,1.8,12
Hyundai Elite i20,68440,Petrol,Manual,1,4.79,7
Nissan MAGNITE,24280,Petrol,Manual,2,6.57,3
Maruti Dzire,72420,Petrol,Auto,1,5.16,6
Tata NEXON,11930,Petrol,Manual,1,9.2,2
Honda Jazz,54910,Petrol,Auto,1,3.73,9
Hyundai Xcent,95020,CNG,Manual,1,3.45,7
Ford Ecosport,57200,Petrol,Auto,1,4.61,9
Skoda KUSHAQ,96070,Petrol,Auto,1,8.2,4
Toyota Fortuner,90910,Diesel,Auto,2,18.3,8
Hyundai Verna,83080,Petrol,Manual,1,2.91,12
Maruti Alto K10,23150,Petrol,Manual,1,1.59,12
Hyundai Grand i10,93430,Petrol,Manual,1,2.75,10
Renault Kwid,73520,Petrol,Manual,1,2.36,6
Tata NEXON,60170,Diesel,Manual,1,5.58,4
Maruti Celerio,80340,Petrol,Manual,1,3.2,8
Hyundai Elite i20,59310,Petrol,Manual,2,4.15,9
MG HECTOR,38710,Petrol,Auto,1,11.9,3
Honda Jazz,39240,Petrol,Manual,1,3.63,8
Hyundai Verna,18360,Petrol,Manual,1,4.82,10
Mahindra XUV500,56690,Diesel,Manual,1,6.97,6
Maruti Alto,74360,Petrol,Manual,1,2.71,5
Hyundai Grand i10,47550,Petrol,Manual,1,2.72,10
Honda Amaze,70470,Petrol,Manual,1,3.96,7
Tata NEXON,87680,Petrol,Auto,1,7.27,4
Renault Kwid,23130,Petrol,Manual,1,2.36,9
Tata PUNCH,64830,Petrol,Manual,2,5.91,4
Maruti Swift,52240,Petrol,Manual,2,5.11,5
KIA SONET,97890,Diesel,Auto,1,6.59,5
Hyundai Elite i20,71320,Petrol,Manual,2,3.77,9
Hyundai Grand i10,57790,Petrol,Manual,1,2.85,9
MG ASTOR,58640,Petrol,Manual,1,8.62,3
Honda Amaze,34450,Petrol,Auto,1,6.1,4
Maruti Swift Dzire,89040,Petrol,Manual,1,2.19,12
Mahindra XUV300,16470,Petrol,Manual,2,8.11,4
Tata Tiago,43350,CNG,Manual,1,5.56,3
MG ASTOR,76320,Petrol,Auto,1,10.9,3
Toyota YARIS,40420,Petrol,Auto,1,7.3,5
Datsun Redi Go,23550,Petrol,Manual,1,1.87,7
Maruti Celerio,58920,Petrol,Auto,1,3.83,7
Renault Captur,62460,Petrol,Manual,1,4.91,7
Tata TIGOR,78690,Petrol,Auto,1,4.95,4
MG HECTOR,88750,Petrol,Auto,2,9.99,5
Hyundai i10,75930,Petrol,Manual,1,1.85,11
Skoda SLAVIA,62330,Petrol,Manual,1,7.89,3
Hyundai Verna,45750,Petrol,Auto,2,6.02,8
Ford Figo Aspire,74830,CNG,Manual,2,2.99,8
Honda Amaze,70640,Petrol,Manual,1,3.61,9
Hyundai Elite i20,40570,Petrol,Manual,1,3.49,10
Ford Ecosport,72020,Petrol,Manual,2,3.51,9
Nissan MAGNITE,63120,Petrol,Manual,1,5.29,3
MG ASTOR,18060,Petrol,Manual,1,10.7,2
Maruti Wagon R 1.0,46550,Petrol,Manual,2,1.93,11
Renault Duster,51010,Petrol,Manual,1,4.94,6
Honda City,25780,Petrol,Manual,1,6.07,8
Hyundai Creta,45350,Petrol,Auto,1,8.69,6
Hyundai Elite i20,47520,Petrol,Manual,1,5.73,7
KIA SONET,48290,Diesel,Manual,1,8.14,5
Maruti Celerio,43320,CNG,Manual,1,3.65,8
Hyundai Elite i20,73130,Petrol,Manual,1,3.24,11
Maruti S PRESSO,8560,Petrol,Manual,1,3.85,1
KIA SONET,25440,Diesel,Manual,1,9.56,2
Honda Amaze,62050,Petrol,Manual,1,2.89,9
Renault Kiger,25240,Petrol,Manual,1,6.9,3
Volkswagen Polo,30690,Petrol,Manual,1,3.15,10
Renault TRIBER,26470,Petrol,Manual,1,4.65,4
Hyundai Grand i10,130000,Petrol,Manual,1,3.65,7
Tata ALTROZ,37000,Diesel,Manual,1,6.0,4
Hyundai Grand i10,55430,CNG,Manual,2,3.46,8
Hyundai i10,53370,Petrol,Manual,1,1.97,11
Hyundai Grand i10,46710,Petrol,Manual,1,3.75,10
Tata TIGOR,55900,Petrol,Manual,1,3.43,8
Maruti Celerio,71280,Petrol,Auto,2,2.62,10
Hyundai Elite i20,24380,Petrol,Manual,1,4.09,10
MG ASTOR,36700,Petrol,Manual,1,10.1,3
Ford New Figo,52280,Petrol,Manual,1,4.39,6
Mahindra XUV700,29390,Petrol,Manual,1,11.6,3
Hyundai Elite i20,76360,Petrol,Manual,1,5.2,6
Tata Safari,12890,Diesel,Manual,1,13.21,3
Honda Amaze,30350,Petrol,Auto,1,5.64,4
Skoda KUSHAQ,28980,Petrol,Auto,1,10.87,2
Maruti Swift Dzire,53830,Petrol,Manual,1,3.57,9
Honda Brio,54530,Petrol,Manual,2,1.51,13
Maruti Swift,9380,Petrol,Manual,1,3.81,8
Maruti Celerio,18430,Petrol,Manual,1,4.65,2
Renault Kwid,31910,Petrol,Manual,1,3.22,4
Maruti Wagon R 1.0,51550,Petrol,Manual,2,1.79,13
Maruti Wagon R 1.0,36410,Petrol,Manual,1,2.05,11
Ford Ecosport,81230,Petrol,Manual,1,6.8,5
Maruti Swift Dzire,59320,Petrol,Manual,2,3.71,9
KIA SELTOS,45670,Petrol,Manual,1,11.3,4
Hyundai i10,53210,Petrol,Manual,2,1.96,12
Maruti Baleno,40520,Petrol,Manual,1,6.73,3
Tata Harrier,70950,Diesel,Auto,1,11.8,4
Renault Duster,87400,Petrol,Auto,1,4.45,7
Maruti Ciaz,30560,Petrol,Manual,1,3.99,10
Toyota Corolla Altis,94470,Petrol,Auto,2,3.72,12
Honda City,25270,Petrol,Auto,1,10.95,3
Maruti Swift Dzire,110000,Petrol,Manual,1,2.52,12
Hyundai VENUE N LINE,51750,Petrol,Auto,1,9.39,2
Maruti Celerio,42120,Petrol,Manual,1,3.36,8
Toyota Corolla Altis,59580,Petrol,Manual,1,7.7,7
Hyundai Grand i10,49140,Petrol,Manual,2,2.81,11
Hyundai i10,52980,Petrol,Manual,1,2.31,10
Honda Amaze,70200,CNG,Manual,2,3.1,9
Tata NEXON,81190,Petrol,Auto,1,6.23,5
Ford Ecosport,70330,Petrol,Manual,1,5.18,6
Maruti Swift,60570,Petrol,Manual,1,2.89,10
Tata Tiago,34770,CNG,Manual,1,5.16,2
Tata NEXON,38210,Petrol,Manual,1,5.59,6
Honda Amaze,43220,Petrol,Manual,1,6.51,5
Hyundai Grand i10,71660,Petrol,Manual,1,1.88,12
Hyundai Grand i10,34420,Petrol,Manual,2,2.89,10
Maruti Alto 800,25260,Petrol,Manual,1,1.5,12
Hyundai Creta,7830,Petrol,Manual,1,9.5,6
Maruti Dzire,74220,Petrol,Auto,1,5.04,7
Tata NEXON,75640,Petrol,Manual,1,6.17,6
Hyundai i20,29500,Petrol,Manual,1,2.24,13
Hyundai i10,59010,Petrol,Manual,1,1.34,13
Honda Amaze,49020,CNG,Manual,1,2.23,12
KIA SELTOS,93140,Diesel,Manual,2,8.54,5
Honda WR-V,24360,Petrol,Manual,1,6.56,4
Maruti New Wagon-R,27910,CNG,Manual,1,4.25,6
Maruti Swift,54000,Petrol,Manual,1,2.35,12
Maruti Baleno,63510,Petrol,Manual,1,3.68,8
KIA CARENS,46970,Diesel,Manual,1,10.75,3
Honda City,70830,Petrol,Manual,2,3.21,11
Maruti Dzire,76800,Petrol,Auto,1,4.2,8
Hyundai Xcent,75610,Petrol,Manual,1,3.03,10
Renault Kwid,50690,Petrol,Manual,2,2.42,6
Maruti BREZZA,39760,Petrol,Auto,1,8.94,3
Maruti Baleno,92570,Petrol,Manual,1,4.01,6
Honda WR-V,33790,CNG,Manual,2,5.91,6
Maruti Baleno,69160,Petrol,Manual,1,3.74,9
Tata Tiago,49320,CNG,Manual,1,5.64,3
Volkswagen Vento,72750,Petrol,Auto,2,5.71,6
Maruti Wagon R 1.0,53950,CNG,Manual,1,1.88,12
Maruti Alto,35770,Petrol,Manual,1,3.5,3
Maruti Wagon R 1.0,17400,Petrol,Manual,1,2.65,10
Hyundai GRAND I10 NIOS,63020,Petrol,Manual,1,5.17,5
Maruti Baleno,34050,CNG,Manual,2,5.05,4
KIA SONET,14790,Diesel,Manual,1,10.35,2
Tata Harrier,52090,Diesel,Manual,1,9.84,5
Hyundai Creta,53710,Petrol,Auto,2,7.31,7
Maruti Celerio,44770,Petrol,Manual,1,4.03,4
MG HECTOR PLUS,79070,Petrol,Auto,1,15.3,4
Hyundai i20,65340,Petrol,Manual,2,2.13,12
Maruti Baleno,48620,Petrol,Manual,1,5.65,6
Hyundai Grand i10,85510,CNG,Manual,2,3.14,8
Renault TRIBER,59480,Petrol,Manual,1,4.99,2
Renault Duster,83800,Petrol,Auto,1,4.21,8
Honda BR-V,51420,Petrol,Manual,2,4.95,8
Maruti XL6,22210,Petrol,Auto,1,10.61,3
Honda WR-V,88700,Petrol,Manual,2,3.92,8
Honda Amaze,4900,Petrol,Manual,1,7.16,2
Hyundai Elite i20,51210,Petrol,Manual,1,5.97,5
Hyundai Grand i10,47700,Petrol,Manual,1,2.79,11
Mahindra XUV300,60940,Diesel,Manual,1,8.89,2
Honda Amaze,99880,CNG,Manual,1,4.2,7
Renault TRIBER,13210,Petrol,Manual,1,4.33,5
Hyundai Grand i10,34130,Petrol,Manual,1,2.78,12
Toyota Glanza,57420,Petrol,Manual,1,5.91,5
Maruti New Wagon-R,63640,Petrol,Manual,1,3.85,6
Hyundai i10,50290,CNG,Manual,1,1.49,13
Tata Tiago,58560,CNG,Manual,1,4.58,3
Maruti Swift,48180,Petrol,Manual,1,3.47,9
Honda Amaze,51590,Petrol,Manual,1,3.15,9
Maruti Dzire,74170,Petrol,Auto,1,5.25,6
Hyundai Elite i20,79860,Petrol,Manual,1,3.91,7
MG HECTOR,96290,Petrol,Auto,1,10.75,4
Maruti Wagon R 1.0,53620,Petrol,Auto,1,3.18,9
Maruti Swift Dzire,75900,Petrol,Manual,1,2.89,12
Renault Kwid,49720,Petrol,Auto,2,2.38,8
Tata NEXON,18800,Diesel,Auto,1,7.99,3
Maruti Swift,50020,Petrol,Manual,1,2.45,12
Maruti Baleno,76220,Petrol,Auto,1,4.88,7
Maruti Baleno,34270,Petrol,Manual,1,4.25,6
Hyundai Grand i10,42850,Petrol,Manual,1,3.08,10
Hyundai i10,63950,Petrol,Manual,1,1.59,12
Honda City,39900,Petrol,Manual,1,3.51,11
Hyundai i10,32030,Petrol,Manual,1,2.18,11
Maruti Wagon R 1.0,82250,CNG,Manual,2,2.13,11
Maruti Baleno,43300,Petrol,Manual,1,4.48,9
Hyundai Elite i20,39200,Petrol,Manual,2,3.74,10
Maruti Ciaz,25180,Petrol,Manual,1,5.26,7
Mahindra XUV300,61190,Petrol,Manual,1,5.61,5
KIA SONET,75800,Petrol,Auto,2,6.8,4
Maruti New Wagon-R,26950,Petrol,Manual,1,4.2,4
Maruti Wagon R 1.0,63460,CNG,Manual,1,1.99,12
Renault Kwid,32259,Petrol,Auto,2,3.67,4
Maruti Baleno,62680,Petrol,Manual,1,4.41,7
Renault Kwid,53960,Petrol,Manual,1,2.23,7
Hyundai NEW I20,33490,Petrol,Auto,1,7.41,4
Hyundai Verna,46260,Petrol,Auto,1,7.38,7
Maruti Baleno,53650,Petrol,Auto,1,5.6,5
MG HECTOR,73030,Petrol,Auto,1,12.37,4
Maruti Baleno,48590,Petrol,Auto,1,5.25,7
Maruti Baleno,52160,Petrol,Manual,1,4.26,8
Hyundai Creta,44310,Petrol,Manual,2,5.27,9
Renault Kwid,33400,Petrol,Manual,1,1.95,9
Tata Harrier,64970,Diesel,Manual,1,12.9,2
Maruti Ertiga,78490,CNG,Manual,1,3.85,12
Honda Brio,30240,Petrol,Manual,2,1.7,13
Tata NEXON,75700,Diesel,Auto,1,6.51,4
Hyundai Creta,61360,Petrol,Manual,1,5.79,9
Maruti S PRESSO,4270,Petrol,Auto,1,4.99,1
Maruti Baleno,99260,Petrol,Manual,1,4.46,7
Hyundai Grand i10,68020,Petrol,Manual,1,2.25,11
Hyundai i10,34900,Petrol,Manual,1,1.48,13
Maruti Swift Dzire,61500,Petrol,Manual,1,2.72,12
MG HECTOR,68810,Petrol,Auto,1,11.77,4
Maruti Ertiga,78450,Petrol,Manual,1,4.66,10
Honda Amaze,54690,CNG,Manual,1,2.15,12
Maruti Baleno,74460,Petrol,Manual,1,5.63,3
Maruti Ciaz,61390,Petrol,Manual,1,4.23,9
Hyundai i10,25310,Petrol,Manual,1,2.09,11
Hyundai Xcent,72070,Petrol,Manual,1,3.15,10
Renault TRIBER,68990,Petrol,Auto,1,4.13,5
Maruti Dzire,25620,Petrol,Auto,1,5.44,7
Maruti Ciaz,59160,Petrol,Manual,2,5.15,7
Maruti Celerio,50630,Petrol,Manual,1,4.74,3
Hyundai i20,34310,Petrol,Manual,1,2.2,12
Mahindra Bolero,36600,Diesel,Manual,1,8.3,3
Hyundai i10,59060,Petrol,Manual,1,1.39,13
Honda Amaze,24940,Petrol,Manual,1,5.28,5
Hyundai Grand i10,11320,Petrol,Manual,1,3.8,7
Hyundai Grand i10,44810,Petrol,Manual,1,2.17,12
Maruti Ertiga,37760,Petrol,Manual,2,3.47,12
Tata Tiago,39390,CNG,Manual,1,6.41,2
Maruti Swift,55160,Petrol,Manual,1,3.31,8
Honda City,79090,Petrol,Manual,1,6.65,7
Honda Amaze,33180,Petrol,Manual,2,2.95,11
Maruti Swift,97930,Petrol,Manual,1,4.7,4
Maruti Baleno,84980,Petrol,Manual,1,5.19,7
Maruti Alto 800,13920,Petrol,Manual,1,3.2,7
Ford Ecosport,69470,Petrol,Auto,2,4.16,9
Maruti Ciaz,82750,Petrol,Auto,2,6.76,4
Renault TRIBER,96150,Petrol,Manual,1,3.99,5
Hyundai Grand i10,68390,Petrol,Manual,2,2.9,9
Skoda Rapid,97740,Petrol,Manual,1,6.22,6
Tata Tiago,60800,CNG,Manual,1,5.3,3
Tata NEXON,32130,Diesel,Auto,1,9.4,3
Honda Mobilio,63640,Petrol,Manual,2,3.56,10
Honda Amaze,74390,CNG,Manual,1,4.85,6
Hyundai NEW I20,37200,Petrol,Auto,1,6.6,3
Hyundai Grand i10,62840,Petrol,Manual,2,2.7,11
Honda Brio,67770,Petrol,Manual,2,2.03,12
Maruti Baleno,45950,Petrol,Auto,1,4.58,7
Tata ALTROZ,61080,CNG,Manual,1,7.75,2
Renault TRIBER,35070,Petrol,Manual,1,4.27,6
Hyundai Grand i10,67190,CNG,Manual,1,3.65,8
Maruti Swift,37740,Petrol,Manual,1,2.22,13
Maruti Wagon R 1.0,39910,Petrol,Manual,1,2.35,11
Renault Kwid,56360,Petrol,Manual,1,2.26,9
Honda Amaze,86590,Petrol,Manual,2,4.28,6
Maruti Swift Dzire,64569,Petrol,Manual,1,3.22,10
Datsun Redi Go,38660,Petrol,Manual,2,2.14,6
Hyundai Grand i10,56820,Petrol,Manual,1,3.49,7
Tata Harrier,66640,Diesel,Auto,1,10.6,4
Renault TRIBER,17340,Petrol,Manual,1,5.35,4
Renault Kwid,70190,Petrol,Manual,1,2.08,7
Tata Harrier,72450,Diesel,Auto,1,11.76,4
Tata Safari,23720,Diesel,Manual,1,15.5,3
Maruti Dzire,67410,Petrol,Manual,1,4.39,8
Renault Kwid,62510,Petrol,Manual,1,2.3,6
Hyundai Creta,74460,Petrol,Manual,1,6.62,8
Maruti New Wagon-R,41300,CNG,Manual,1,5.26,3
Maruti Ertiga,53230,Petrol,Manual,1,4.06,11
Honda City,68720,Petrol,Manual,1,4.26,10
Ford Ecosport,98540,Petrol,Auto,1,3.65,10
KIA SONET,86250,Diesel,Manual,1,7.15,4
Hyundai Verna,58280,Petrol,Auto,1,8.56,6
Renault TRIBER,46050,Petrol,Manual,2,4.15,6
Honda City,61270,Petrol,Manual,1,2.65,13
Honda WR-V,35140,Petrol,Manual,1,6.21,6
Maruti Wagon R 1.0,40380,Petrol,Manual,2,3.06,8
Maruti Baleno,19550,Petrol,Manual,1,4.47,8
Hyundai Grand i10,39820,Petrol,Manual,2,2.25,11
Hyundai Creta,100000,Petrol,Manual,1,6.59,8
KIA SELTOS,59900,Diesel,Auto,1,10.54,5
Maruti Baleno,98680,Petrol,Manual,1,4.38,9
Maruti Baleno,65030,Petrol,Manual,1,3.61,8
Renault TRIBER,81840,Petrol,Manual,2,4.43,3
Maruti Baleno,72230,Petrol,Manual,1,5.84,5
Hyundai Grand i10,75780,CNG,Manual,1,3.24,10
Maruti Baleno,64410,Petrol,Manual,2,3.8,8
Hyundai Creta,46470,Petrol,Manual,1,6.53,7
Hyundai Grand i10,44430,CNG,Manual,1,2.91,10
Tata TIGOR,68410,CNG,Manual,1,5.35,3
Hyundai Creta,82490,Petrol,Auto,1,7.18,7
Maruti Alto K10,18650,Petrol,Manual,1,3.26,6
Hyundai Grand i10,72660,Petrol,Manual,2,3.27,9
Hyundai VENUE,71310,Petrol,Manual,1,7.22,3
Skoda Rapid,28000,Petrol,Auto,1,8.25,4
Maruti Swift Dzire,65519,CNG,Manual,1,2.99,12
Maruti Wagon R 1.0,33360,Petrol,Manual,1,3.4,7
Hyundai Creta,67120,Petrol,Manual,2,5.74,8
Maruti Celerio,53590,Petrol,Auto,1,4.53,6
Honda Amaze,51450,Petrol,Manual,2,2.33,12
Maruti Alto K10,50810,Petrol,Manual,2,2.33,9
Maruti Ertiga,37190,Petrol,Manual,1,3.91,11
Maruti Baleno,39160,Petrol,Manual,1,4.61,7
Mahindra XUV500,41870,Diesel,Manual,1,6.48,6
Hyundai Grand i10,48390,Petrol,Manual,1,3.16,11
Maruti Ciaz,93280,Petrol,Manual,1,5.87,7
Hyundai Grand i10,58040,Petrol,Manual,2,2.28,11
Hyundai Grand i10,58460,Petrol,Manual,1,3.09,10
Hyundai Grand i10,50140,Petrol,Manual,2,2.79,11
Tata Harrier,62470,Diesel,Manual,1,10.6,4
Renault TRIBER,33200,Petrol,Manual,1,3.94,6
Honda City,56800,Petrol,Auto,1,5.78,10
Ford Ecosport,71660,Petrol,Auto,2,3.97,10
Tata NEXON,50450,Petrol,Manual,1,7.29,3
Maruti Wagon R 1.0,34060,Petrol,Manual,1,2.12,11
Renault Kiger,59990,Petrol,Auto,1,6.23,4
Hyundai Grand i10,42110,Petrol,Manual,2,3.02,11
Honda City,24680,Petrol,Manual,1,4.4,10
Hyundai Elite i20,54670,Petrol,Manual,2,3.05,10
Maruti BREZZA,12290,Petrol,Manual,1,9.87,2
Honda Amaze,52850,Petrol,Manual,1,5.3,3
Hyundai Grand i10,87120,CNG,Manual,1,3.38,9
BMW 3 Series,88240,Diesel,Auto,1,7.25,12
Mercedes Benz E Class,95400,Diesel,Auto,2,10.75,10
Volvo S60,52790,Diesel,Auto,1,13.0,8
Mercedes Benz C Class,36500,Petrol,Auto,2,6.5,14
Mercedes Benz CLA Class,97380,Diesel,Auto,1,12.95,10
BMW X1,82850,Diesel,Auto,2,11.75,9
BMW 3 Series,61200,Diesel,Auto,2,14.95,7
BMW 3 Series,65890,Diesel,Auto,1,16.95,7
BMW 3 Series,68270,Diesel,Auto,1,13.95,9
Audi Q7,75200,Diesel,Auto,2,12.5,10
Mercedes Benz CLA Class,69250,Diesel,Auto,1,13.75,9
Audi A6,30000,Diesel,Auto,2,17.5,8
Volkswagen Polo,57790,Petrol,Manual,1,4.7,7
Maruti Swift,65069,CNG,Manual,1,5.0,8
Hyundai Xcent,32770,Petrol,Manual,1,3.14,10
Hyundai Creta,55020,Petrol,Manual,1,5.8,10
Renault Kwid,50230,Petrol,Manual,2,1.98,8
Tata PUNCH,8920,Petrol,Manual,1,5.5,1
KIA SELTOS,65230,Petrol,Manual,2,8.55,2
Maruti Swift,28860,Petrol,Manual,1,5.23,4
Tata Tiago,40860,Petrol,Manual,1,3.74,5
Toyota URBAN CRUISER,36980,Petrol,Manual,1,6.65,4
Mahindra Scorpio,49780,Diesel,Manual,1,13.71,4
Maruti Alto,4790,Petrol,Manual,1,3.45,3
Maruti Swift,55570,Petrol,Manual,1,5.25,3
Hyundai EXTER,16740,Petrol,Auto,1,7.8,2
Hyundai VENUE,31500,Petrol,Manual,2,6.4,4
Hyundai VENUE,35260,Petrol,Manual,1,6.33,4
Maruti New Wagon-R,35970,Petrol,Manual,1,3.97,4
Hyundai VENUE,33140,Petrol,Manual,1,6.02,4
Hyundai GRAND I10 NIOS,82250,CNG,Manual,1,5.15,4
Maruti New Wagon-R,12520,Petrol,Manual,1,5.1,1
Maruti Ciaz,95050,Petrol,Manual,1,3.38,10
Tata NEXON,28430,Petrol,Auto,1,6.79,4
Honda WR-V,56990,Petrol,Manual,1,3.96,8
Honda City,31200,Petrol,Auto,1,9.51,4
Renault Kiger,24190,Petrol,Auto,1,5.96,4
Skoda Superb,87280,Petrol,Auto,1,11.95,8
Maruti Swift,18070,Petrol,Manual,1,5.68,1
Maruti Baleno,21410,Petrol,Auto,1,7.17,1
Mahindra XUV300,56930,Diesel,Manual,1,4.61,6
Maruti Baleno,2220,Petrol,Auto,1,7.5,2
Tata Tiago,20790,Petrol,Manual,1,3.96,4
Maruti Swift,25650,Petrol,Manual,1,5.5,3
Skoda KUSHAQ,52660,Petrol,Manual,1,8.06,3
Hyundai Grand i10,80240,Petrol,Auto,2,3.33,10
Tata NEXON,72670,Petrol,Manual,1,5.18,5
Hyundai VENUE,82880,Petrol,Auto,1,5.63,6
Maruti Swift Dzire,22960,Petrol,Manual,1,2.95,12
Hyundai EXTER,11950,CNG,Manual,1,7.7,2
Honda WR-V,37110,Petrol,Manual,1,4.55,6
Tata TIGOR,31430,CNG,Manual,1,5.93,1
Maruti New Wagon-R,22260,Petrol,Auto,2,3.9,6
Hyundai Creta,38350,Petrol,Manual,1,10.27,4
Hyundai Verna,15920,Petrol,Manual,1,11.89,1
Hyundai Creta,57880,Petrol,Manual,1,7.25,6
Mahindra XUV300,44660,Petrol,Manual,2,7.24,3
Maruti Ciaz,66590,Petrol,Manual,1,6.2,5
Maruti S PRESSO,5120,Petrol,Auto,1,4.68,1
Renault Duster,52940,Petrol,Manual,2,3.87,7
Maruti Baleno,150000,Petrol,Manual,1,4.62,4
Tata ALTROZ,18230,Petrol,Manual,1,5.97,3
KIA SONET,22540,Petrol,Manual,1,8.48,4
Hyundai Elite i20,36010,Petrol,Manual,1,4.12,8
KIA SONET,20780,Petrol,Manual,1,7.65,2
Tata NEXON,32830,Petrol,Manual,1,6.75,4
Renault Kwid,32150,Petrol,Manual,2,2.03,9
Hyundai VENUE,22930,Petrol,Manual,1,8.15,3
Hyundai Creta,40700,Petrol,Auto,2,7.32,7
Ford Ecosport,51390,Diesel,Manual,1,5.8,6
Tata NEXON,23120,Petrol,Auto,1,8.51,3
Maruti Celerio,3390,Petrol,Auto,1,4.79,4
MG HECTOR,63570,Petrol,Auto,1,11.44,4
Hyundai Creta,30570,Diesel,Manual,1,9.45,3
Ford Ecosport,62640,Petrol,Auto,2,4.8,6
Maruti Alto K10,37960,Petrol,Manual,1,2.93,7
Tata Harrier,44380,Diesel,Auto,1,12.6,4
Hyundai Creta,72450,Petrol,Manual,1,4.72,9
Renault Kwid,28280,Petrol,Auto,1,3.62,3
Tata Tiago,42060,Petrol,Auto,1,4.86,4
Maruti Alto K10,20980,Petrol,Auto,1,3.08,8
Hyundai Elite i20,21650,Petrol,Manual,1,3.42,11
Mahindra SCORPIO-N,33080,Diesel,Manual,1,13.63,2
Tata NEXON,33420,Petrol,Manual,1,4.55,7
Hyundai Creta,98090,Petrol,Auto,1,5.77,8
Tata Harrier,67120,Diesel,Manual,1,9.49,5
Tata Tiago,48600,Petrol,Manual,1,3.78,6
Renault Kiger,15910,Petrol,Manual,1,5.79,1
Tata NEXON,31620,Petrol,Auto,2,7.46,3
Honda Mobilio,40890,Petrol,Manual,1,3.63,11
Maruti Baleno,67660,Petrol,Manual,1,5.13,5
Honda City,52960,Petrol,Manual,1,5.8,6
Maruti Alto,51180,CNG,Manual,1,3.71,3
Maruti Dzire,79830,Petrol,Auto,1,4.43,7
Honda Amaze,16200,Petrol,Manual,1,2.76,10
Hyundai GRAND I10 NIOS,27410,Petrol,Auto,1,5.55,5
Hyundai Creta,38890,Petrol,Manual,1,5.18,9
Hyundai Grand i10,54640,Petrol,Manual,1,3.75,9
Maruti Swift,74070,Petrol,Auto,1,4.37,7
MG ASTOR,67280,Petrol,Auto,1,10.39,2
Mahindra SCORPIO-N,12340,Diesel,Auto,1,15.93,2
Maruti S PRESSO,48660,Petrol,Manual,1,3.47,3
Maruti Ciaz,72440,Petrol,Auto,1,4.66,7
Tata TIGOR,8090,CNG,Manual,1,6.85,2
Maruti Ertiga,19650,Petrol,Manual,1,5.96,8
Maruti Swift Dzire,89250,Petrol,Manual,1,3.46,9
Maruti Dzire,13480,Petrol,Manual,1,4.65,8
Hyundai Creta,44440,Petrol,Auto,1,8.47,7
Tata Harrier,52600,Diesel,Manual,1,11.5,3
Maruti New Wagon-R,38010,Petrol,Manual,1,4.15,4
Ford Ecosport,73030,Petrol,Manual,2,4.76,6
Maruti Baleno,95430,Petrol,Manual,2,3.59,7
MG ASTOR,70230,Petrol,Manual,1,10.99,3
Maruti Baleno,64410,Petrol,Manual,1,3.29,9
Hyundai VENUE,57780,Petrol,Auto,1,6.8,6
Hyundai Elite i20,48870,Petrol,Manual,1,3.42,10
Hyundai Grand i10,74520,Petrol,Manual,1,3.0,9
Renault Kwid,58670,Petrol,Auto,1,3.16,5
Honda Amaze,41250,CNG,Auto,2,5.74,6
Maruti IGNIS,32090,Petrol,Auto,1,4.01,8
Mahindra XUV300,38270,Petrol,Auto,1,8.48,2
Ford Ecosport,74990,Petrol,Auto,1,6.32,7
Maruti Baleno,32229,Petrol,Manual,1,4.0,8
Maruti Baleno,44920,Petrol,Manual,1,3.28,9
Honda Amaze,40850,Petrol,Manual,1,3.14,9
Maruti Celerio,28230,Petrol,Manual,1,4.1,4
Maruti Celerio,40540,CNG,Manual,1,3.91,7
Honda WR-V,65870,Petrol,Manual,1,4.6,7
Hyundai Grand i10,47910,CNG,Auto,1,4.25,7
Skoda Rapid,69770,Petrol,Manual,2,3.19,11
Honda City,60990,Petrol,Auto,1,8.5,4
Maruti Wagon R 1.0,51030,Petrol,Manual,1,2.18,11
Maruti Wagon R 1.0,31980,Petrol,Manual,1,2.32,11
Hyundai Verna,40410,Petrol,Manual,1,7.73,6
Tata NEXON,88250,Diesel,Manual,1,5.53,6
Maruti Baleno,75140,Petrol,Manual,2,4.95,4
Maruti Wagon R 1.0,61670,Petrol,Auto,2,2.62,9
Maruti Wagon R 1.0,8260,Petrol,Manual,2,2.03,11
Hyundai Creta,120000,CNG,Manual,1,5.06,9
Maruti S PRESSO,64450,CNG,Manual,1,3.7,4
Hyundai i20,33180,Petrol,Manual,1,2.35,12
Tata NEXON,80900,Petrol,Auto,1,5.08,5
Renault Kwid,38030,Petrol,Manual,2,2.31,6
Maruti Wagon R 1.0,53080,CNG,Manual,1,3.3,8
Renault Kiger,74640,CNG,Manual,1,4.51,4
Skoda KUSHAQ,54780,Petrol,Auto,1,9.65,4
Maruti Baleno,62900,Petrol,Manual,1,4.43,7
Tata NEXON,25790,Petrol,Auto,1,6.44,6
Renault Duster,49640,Petrol,Auto,1,5.28,7
MG ASTOR,57080,Petrol,Auto,2,9.47,4
Maruti New Wagon-R,54130,Petrol,Auto,1,4.54,3
Ford Ecosport,63690,Petrol,Manual,1,3.36,11
Maruti Wagon R 1.0,63390,CNG,Manual,1,1.78,12
Tata TIGOR,44470,Petrol,Manual,1,4.11,7
Hyundai Elite i20,79170,Diesel,Manual,2,3.39,10
Maruti Celerio,85230,Petrol,Manual,1,3.3,9
Maruti New Wagon-R,75470,Petrol,Manual,2,3.5,5
Ford Ecosport,130000,Diesel,Manual,3,3.36,12
Maruti Ciaz,120000,Diesel,Manual,3,4.08,8
Toyota Etios,100000,Diesel,Manual,1,3.38,12
Hyundai Grand i10,140000,Diesel,Manual,1,2.36,11
Hyundai Verna,170000,Diesel,Manual,3,3.0,13
Tata Harrier,98200,Diesel,Manual,1,13.9,4
Maruti Zen Estilo,79780,Petrol,Manual,2,1.23,15
Hyundai Sonata,88640,Petrol,Manual,2,5.42,11
Maruti Alto K10,140000,Petrol,Manual,3,1.26,15
Hyundai i10,100000,Petrol,Manual,1,2.73,13
Tata Tiago,5370,Petrol,Manual,1,6.89,2
Hyundai i10,35560,Petrol,Manual,2,1.0,14
Toyota Fortuner,190000,Diesel,Manual,4,8.99,11
Skoda Yeti,130000,Diesel,Manual,3,2.22,13
Maruti Alto,160000,Petrol,Manual,2,2.5,6
Hyundai GRAND I10 NIOS,29280,Petrol,Manual,1,6.2,2
Maruti Swift,92500,Diesel,Manual,1,2.5,11
Maruti Ertiga,160000,Diesel,Manual,2,5.42,11
Renault TRIBER,76610,Petrol,Manual,1,4.45,3
Renault TRIBER,1230,Petrol,Manual,1,8.65,1
Ford FREESTYLE,110000,Diesel,Manual,1,4.41,7
Toyota Corolla Altis,85330,Diesel,Manual,3,5.14,11
Nissan Terrano,79830,Diesel,Manual,3,2.5,12
Ford Endeavour,250000,Diesel,Auto,2,16.95,9
Tata ALTROZ,55250,Petrol,Auto,1,6.5,4
Honda City,140000,Diesel,Manual,3,3.89,11
Hyundai Creta,150000,Diesel,Auto,1,10.97,7
Mahindra XUV300,63480,Diesel,Auto,1,11.0,4
Maruti BREZZA,18810,Petrol,Manual,1,9.81,3
Hyundai NEW I20,37250,Petrol,Manual,1,9.1,2
Mahindra XUV500,82000,Diesel,Manual,3,2.43,13
Maruti Ertiga,86530,Petrol,Manual,1,9.05,4
Maruti Alto 800,200000,Petrol,Manual,2,1.58,10
Volkswagen Polo,97640,Diesel,Manual,3,1.0,13
MG ASTOR,30000,Petrol,Auto,3,9.0,2
Hyundai Verna,120000,Diesel,Manual,1,3.81,13
Hyundai VENUE,72540,Diesel,Manual,1,8.9,4
Tata Nano,52820,Petrol,Manual,3,1.1,11
Toyota Etios,100000,Diesel,Manual,4,2.23,14
Honda City,79470,Petrol,Manual,2,5.5,8
Tata ALTROZ,29210,Petrol,Manual,1,7.0,3
Maruti Swift,68890,Petrol,Manual,1,6.61,3
Hyundai Creta,250000,Diesel,Manual,1,7.0,9
Maruti Celerio X,20450,Petrol,Manual,1,5.42,5
Skoda Rapid,180000,Diesel,Auto,2,8.78,7
KIA SONET,63080,Diesel,Manual,1,11.41,4
Maruti Vitara Brezza,77860,Petrol,Manual,1,6.11,4
Maruti Swift,170000,Diesel,Manual,2,2.55,13
Toyota Innova,270000,Diesel,Manual,2,4.25,14
Volkswagen Polo,200000,Diesel,Manual,3,3.8,12
Hyundai Creta,94710,Petrol,Auto,1,14.0,4
Volkswagen Ameo,86220,Diesel,Manual,2,5.94,6
Maruti New Wagon-R,6250,Petrol,Manual,1,6.5,0
Volkswagen Vento,100000,Petrol,Manual,1,6.02,7
Hyundai VENUE,17910,Petrol,Auto,1,11.5,3
MG HECTOR PLUS,24650,Petrol,Manual,1,14.75,5
Audi Q5,100000,Diesel,Auto,1,16.47,12
Nissan Terrano,160000,Diesel,Manual,4,3.0,11
Maruti Alto 800,130000,Petrol,Manual,2,2.54,9
Maruti Baleno,31710,Petrol,Manual,2,6.3,7
Maruti Wagon R 1.0,73030,Petrol,Manual,3,2.14,14
Mahindra XUV300,13090,Petrol,Auto,1,13.75,3
Ford Figo Aspire,65620,Petrol,Manual,3,2.95,8
Tata Tiago,43510,Petrol,Manual,1,4.18,5
Skoda Rapid,130000,Diesel,Manual,4,2.23,13
Tata ALTROZ,39570,Petrol,Manual,1,5.35,5
Hyundai Eon,56650,Petrol,Manual,3,1.33,13
Tata TIGOR,36500,Petrol,Auto,1,5.2,5
Tata Safari,110000,Diesel,Manual,2,1.1,15
Hyundai Elite i20,58920,Petrol,Manual,1,5.5,6
Mahindra Xylo,160000,Diesel,Manual,2,2.35,13
Maruti Alto,78480,Petrol,Manual,2,1.25,14
Honda BR-V,28510,Petrol,Manual,1,7.5,8
Hyundai Elite i20,69620,Petrol,Manual,2,6.38,8
Maruti Ertiga,50920,Petrol,Manual,2,8.1,6
Maruti Ciaz,95010,Diesel,Manual,1,7.57,8
Tata ALTROZ,23770,Petrol,Manual,2,6.37,5
Maruti Alto,53180,Petrol,Manual,3,1.45,15
Maruti Eeco,62520,Petrol,Manual,1,1.2,14
Maruti Swift,94900,Diesel,Manual,2,4.3,10
Maruti S PRESSO,54780,Petrol,Manual,2,3.74,4
Maruti Baleno,70460,Petrol,Manual,1,5.56,6
Honda Amaze,100000,Petrol,Manual,2,6.59,6
Honda Jazz,56070,Petrol,Manual,1,4.75,8
Maruti Alto K10,36810,Petrol,Auto,2,3.6,7
Maruti Alto K10,37030,Petrol,Auto,3,3.2,10
Hyundai Verna,120000,Diesel,Manual,3,3.12,13
Maruti Baleno,110000,Petrol,Manual,1,4.99,9
Chevrolet Beat,190000,Diesel,Manual,1,1.18,14
Hyundai Verna,36870,Petrol,Manual,1,8.0,6
Hyundai Verna,61670,Petrol,Auto,3,5.0,9
Hyundai Verna,7940,Petrol,Manual,1,16.0,1
Tata NEXON,100000,Diesel,Auto,1,6.0,7
Tata ALTROZ,36200,Petrol,Manual,2,6.0,5
Tata Harrier,39240,Diesel,Auto,1,16.6,4
Nissan Sunny,61600,Petrol,Manual,1,3.49,13
Mahindra Bolero,69050,Diesel,Manual,1,3.35,13
Ford Ecosport,120000,Diesel,Manual,2,4.9,10
Tata NEXON,89710,Diesel,Manual,1,7.5,5
Maruti S PRESSO,30270,Petrol,Manual,1,5.54,3
Toyota YARIS,62810,Petrol,Auto,1,8.69,7
Skoda Rapid,150000,Diesel,Manual,2,2.98,11
Ford New Figo,120000,Petrol,Manual,1,3.63,9
Toyota Etios,94740,Diesel,Manual,1,4.5,10
Toyota Etios,40030,Petrol,Manual,2,6.0,8
Honda City,9770,Petrol,Auto,1,13.5,2
Maruti Vitara Brezza,59550,Diesel,Manual,1,7.5,8
Hyundai ALCAZAR,11280,Petrol,Auto,1,18.3,4
Maruti XL6,47270,Petrol,Auto,1,14.0,2
Maruti Ertiga,54400,Petrol,Auto,1,9.5,4
Hyundai VENUE,32119,Petrol,Manual,1,8.3,4
Maruti BREZZA,7370,Petrol,Manual,1,10.69,1
Volkswagen TAIGUN,22670,Petrol,Manual,1,15.08,2
Maruti Swift,120000,Petrol,Manual,4,3.5,9
Maruti Ritz,78440,Diesel,Manual,6,2.07,15
Mahindra Kuv100,61990,Petrol,Manual,1,3.92,9
Honda Jazz,59740,Petrol,Manual,2,4.49,9
Mahindra XUV500,110000,Diesel,Manual,1,9.33,8
Mahindra XUV300,180000,Diesel,Auto,1,10.8,5
Maruti Alto,44420,Petrol,Manual,2,3.6,5
Hyundai Creta,38870,Petrol,Manual,1,11.0,5
Renault Lodgy,160000,Diesel,Manual,1,6.24,10
Renault Kiger,5180,Petrol,Manual,1,6.0,1
Mahindra Thar,24180,Petrol,Auto,1,12.8,2
Maruti Dzire,27830,Petrol,Manual,1,5.25,4
Hyundai Elite i20,71300,Petrol,Manual,2,4.25,9
Mahindra SCORPIO-N,15470,Petrol,Manual,1,17.0,3
Hyundai Xcent,100000,Diesel,Manual,2,3.1,7
Hyundai Creta,170000,Diesel,Manual,1,7.44,7
Maruti Wagon R 1.0,110000,Petrol,Manual,2,1.25,15
Volkswagen Polo,88740,Petrol,Manual,3,3.58,9
Hyundai Grand i10,280000,Diesel,Manual,1,2.67,9
Tata TIAGO NRG,43470,Petrol,Auto,1,6.0,2
Chevrolet Optra Magnum,170000,Diesel,Manual,2,1.27,15
Maruti Swift,100000,Diesel,Manual,2,3.38,10
Skoda Rapid,140000,Diesel,Manual,3,2.66,10
Chevrolet Beat,100000,Diesel,Manual,2,1.28,11
Volkswagen Vento,87470,Diesel,Manual,3,2.46,12
Ford Ecosport,130000,Petrol,Auto,2,3.75,8
Hyundai Verna,170000,Diesel,Manual,1,7.0,8
Maruti Eeco,76450,Petrol,Manual,1,2.52,14
Tata NEXON,2570,Petrol,Manual,1,8.25,2
Maruti OMNI E,110000,Petrol,Manual,2,1.7,7
BMW 5 Series,160000,Diesel,Auto,2,11.11,13
Hyundai Elite i20,68570,Petrol,Manual,2,5.53,6
Nissan Terrano,160000,Diesel,Manual,2,2.0,12
Maruti Baleno,79020,Petrol,Auto,2,5.81,6
Tata Tiago,50480,Petrol,Manual,2,4.86,4
MG ASTOR,62340,Petrol,Manual,3,11.36,3
Honda City,23510,Petrol,Auto,1,6.5,8
Maruti Swift Dzire,170000,Diesel,Manual,2,3.2,13
Hyundai GRAND I10 NIOS,45890,Petrol,Manual,3,5.14,4
Tata Zest,200000,Diesel,Manual,3,3.5,7
Ford Ecosport,89320,Diesel,Manual,2,5.46,8
Volkswagen Polo,140000,Petrol,Manual,1,5.73,4
Tata Harrier,130000,Diesel,Auto,1,14.0,4
Tata PUNCH EV,6920,Electric,Auto,1,9.5,1
Renault Kwid,88760,Petrol,Auto,1,3.64,6
Jeep Compass,58800,Diesel,Manual,2,7.95,8
Honda City,77960,Petrol,Manual,1,9.52,5
Maruti Celerio,92430,Petrol,Manual,1,5.5,3
Hyundai VENUE,71500,Petrol,Auto,2,7.0,6
Mahindra SCORPIO-N,14760,Petrol,Manual,1,17.5,3
Mahindra MARAZZO,220000,Diesel,Manual,3,6.2,6
Hyundai Creta,130000,Diesel,Auto,1,7.0,9
Volkswagen Polo,88970,Petrol,Auto,1,8.88,3
Jeep Compass,110000,Petrol,Auto,2,13.76,6
Toyota Urban Cruiser Taisor,7880,Petrol,Manual,1,11.47,1
KIA SONET,87440,Diesel,Auto,1,12.0,4
Hyundai Xcent,120000,Diesel,Manual,1,4.38,7
Volkswagen TAIGUN,32100,Petrol,Auto,1,12.0,4
Hyundai Santa Fe,200000,Diesel,Manual,2,3.72,13
Mahindra Thar,82970,Diesel,Manual,1,12.0,4
Maruti Eeco,29900,Petrol,Manual,1,6.26,2
Jeep Compass,72910,Diesel,Manual,2,9.0,7
Mahindra Thar,140000,Diesel,Manual,1,11.0,5
Maruti Dzire,49910,CNG,Manual,1,7.55,3
Ford Ecosport,22120,Diesel,Manual,1,3.0,11
Hyundai NEW I20,27260,Diesel,Manual,1,7.0,4
Skoda Rapid,81790,Diesel,Manual,3,1.83,13
Hyundai i20,120000,Diesel,Manual,4,1.17,14
Maruti Wagon R 1.0,83790,Petrol,Manual,3,2.6,10
Ford Figo Aspire,120000,Diesel,Manual,1,3.0,8
Ford Ecosport,58450,Diesel,Manual,2,5.5,6
Tata Safari Storme,130000,Diesel,Manual,1,5.32,8
Maruti Vitara Brezza,39720,Petrol,Manual,2,7.43,5
Ford Ecosport,78590,Diesel,Manual,2,3.99,11
KIA SONET,92830,Petrol,Manual,2,8.02,3
ISUZU D-Max V Cross,95010,Diesel,Manual,1,13.75,7
Hyundai Eon,72280,Petrol,Manual,3,1.65,9
Renault Kwid,52160,Petrol,Manual,2,2.63,9
Maruti Swift,120000,Diesel,Manual,4,2.5,13
Renault Kwid,140000,Petrol,Manual,2,1.8,7
Hyundai Verna,78100,Petrol,Manual,4,2.06,13
MG ASTOR,31170,Petrol,Manual,1,9.5,3
Ford New Figo,110000,Diesel,Manual,1,4.75,5
Mahindra XUV 3XO,11500,Petrol,Auto,1,11.75,1
Hyundai Creta,43120,Petrol,Manual,3,5.55,8
Ford Figo Aspire,67880,Petrol,Manual,1,2.86,8
Maruti Ciaz,70390,Petrol,Manual,1,6.57,6
Hyundai i10,33710,Petrol,Manual,2,3.09,9
Maruti Swift Dzire,150000,Petrol,Manual,1,3.15,9
Hyundai Santro Xing,58960,Petrol,Manual,1,1.92,12
Hyundai Grand i10,100000,Diesel,Manual,1,3.6,8
Maruti Alto 800,150000,Petrol,Manual,2,1.42,12
Hyundai Verna,110000,Petrol,Manual,2,2.2,13
Maruti Ertiga,95060,Petrol,Manual,1,10.16,4
Hyundai Santro Xing,73260,Petrol,Manual,2,1.42,14
Maruti Ritz,150000,Petrol,Manual,1,1.71,14
Honda City,120000,Petrol,Manual,2,2.0,13
Mahindra Kuv100,48510,Petrol,Manual,1,2.0,8
Maruti New Wagon-R,49770,Petrol,Manual,1,4.47,6
Maruti Vitara Brezza,65560,Petrol,Manual,2,6.5,4
Toyota Corolla Altis,130000,Petrol,Auto,2,2.0,13
Maruti XL6,59590,Petrol,Manual,1,6.33,6
Hyundai Verna,37650,Petrol,Manual,2,3.3,12
Tata NEXON,40290,Petrol,Manual,1,4.97,8
Honda Jazz,120000,Petrol,Manual,1,3.19,9
Maruti Wagon R 1.0,75850,Petrol,Manual,1,1.88,13
Hyundai Creta,41350,Petrol,Auto,1,14.01,4
Toyota Etios,120000,Diesel,Manual,2,2.97,9
Hyundai Creta,160000,Diesel,Manual,2,7.7,9
Honda Jazz,150000,Diesel,Manual,2,3.0,9
Maruti Swift Dzire,86500,Diesel,Manual,2,4.57,8
Maruti Swift Dzire,300000,Diesel,Manual,1,1.5,14
Hyundai Xcent,130000,Diesel,Manual,2,3.58,8
Renault Kwid,11710,Petrol,Auto,1,5.0,3
Maruti Eeco,34460,Petrol,Manual,1,5.14,2
Maruti Baleno,12800,Petrol,Auto,1,8.51,1
Volkswagen Jetta,300000,Diesel,Auto,1,6.39,9
Mahindra Scorpio,150000,Diesel,Manual,1,14.77,6
Volkswagen TIGUAN,210000,Diesel,Auto,1,15.62,7
Hyundai Santa Fe,91770,Diesel,Auto,2,6.99,9
BMW 3 Series,71840,Diesel,Auto,2,8.78,11
Mahindra TUV 300 PLUS,66380,Diesel,Manual,1,7.49,6
Volkswagen Vento,160000,Diesel,Manual,4,3.19,12
Audi A4,110000,Diesel,Auto,1,4.75,15
Hyundai Elite i20,43670,Diesel,Manual,2,6.8,7
Maruti Swift Dzire,100000,Petrol,Manual,2,4.0,10
Tata NEXON,41120,Diesel,Manual,2,13.75,3
Maruti Ritz,150000,Diesel,Manual,2,2.99,13
Maruti Baleno,40190,Petrol,Manual,1,6.65,2
Nissan Micra,68440,Diesel,Manual,2,1.83,13
Hyundai Grand i10,110000,Diesel,Manual,1,3.0,9
Toyota YARIS,43650,Petrol,Manual,1,6.65,7
Nissan MAGNITE,23880,Petrol,Manual,1,6.75,2
Ford Fiesta,150000,Diesel,Manual,2,1.42,15
Maruti Celerio,87830,Petrol,Manual,2,3.27,9
Tata Indigo ECS,85390,Diesel,Manual,1,1.4,14
Hyundai Elite i20,130000,Diesel,Manual,1,4.11,10
Hyundai i10,90390,Petrol,Manual,2,2.19,13
Chevrolet Beat,43410,Petrol,Manual,1,1.0,15
Volkswagen Vento,140000,Diesel,Auto,3,5.75,9
Maruti Wagon R 1.0,120000,Petrol,Manual,1,3.43,8
MG ASTOR,14000,Petrol,Manual,1,13.75,2
Hyundai Creta,190000,Diesel,Manual,2,6.5,9
Skoda Rapid,160000,Diesel,Manual,2,6.0,8
Maruti Baleno,61900,Petrol,Manual,2,4.25,9
Maruti Vitara Brezza,120000,Diesel,Manual,1,7.26,8
Maruti Dzire,72280,Petrol,Manual,1,6.25,3
Maruti Vitara Brezza,83630,Diesel,Manual,1,7.03,6
Maruti S PRESSO,26380,Petrol,Manual,1,5.28,3
Maruti Vitara Brezza,130000,Diesel,Manual,2,6.5,8
MG HECTOR PLUS,50610,Petrol,Auto,2,13.9,3
Maruti Dzire,71250,Petrol,Manual,2,6.25,3
Maruti Ertiga,38520,Petrol,Manual,1,6.92,6
Maruti Swift Dzire,47200,Diesel,Manual,1,5.74,8
Renault Duster,250000,Diesel,Manual,2,3.0,12
Ford Ecosport,64519,Petrol,Auto,2,9.23,7
Tata NEXON,68420,Petrol,Manual,3,8.48,5
Hyundai Creta,130000,Diesel,Manual,1,10.13,9
Honda Jazz,72710,Petrol,Manual,1,5.3,8
Mahindra XUV500,140000,Diesel,Auto,1,11.0,6
MG ASTOR,17730,Petrol,Auto,1,12.0,4
Renault Koleos,200000,Diesel,Manual,2,3.15,12
Honda City,59370,Petrol,Auto,1,9.11,6
Datsun Redi Go,22340,Petrol,Manual,1,3.5,5
MG HECTOR,95320,Diesel,Manual,1,12.0,4
Tata Hexa,140000,Diesel,Manual,2,7.13,7
Honda City,110000,Petrol,Auto,1,8.47,7
Tata NEXON EV,1450,Electric,Auto,1,17.44,1
Maruti Dzire,83370,Petrol,Manual,1,7.4,5
Hyundai Elite i20,46340,Petrol,Manual,1,2.55,11
Mercedes Benz C Class,99370,Diesel,Auto,3,6.0,14
Tata NEXON,6170,Petrol,Manual,1,7.75,2
Maruti Baleno,170000,Petrol,Manual,1,4.5,7
Maruti Alto 800,61370,Petrol,Manual,2,1.97,11
Hyundai i10,86480,Petrol,Manual,3,2.08,13
Maruti Alto 800,120000,Petrol,Manual,2,1.45,12
Tata ALTROZ,64790,Petrol,Manual,1,5.84,5
Maruti Celerio,70310,Petrol,Manual,2,3.0,9
Maruti Swift Dzire,180000,Diesel,Manual,3,1.7,15
Maruti Wagon R 1.0,110000,Petrol,Manual,3,2.31,12
Maruti Ciaz,110000,Petrol,Manual,2,6.25,10
Maruti IGNIS,76220,Petrol,Manual,1,4.1,8
Tata ALTROZ,35160,Petrol,Manual,1,6.57,3
Hyundai Eon,43290,Petrol,Manual,3,2.2,8
Renault TRIBER,37960,Petrol,Auto,2,5.39,5
Maruti Ciaz,55770,Petrol,Manual,1,4.36,8
Maruti Vitara Brezza,7360,Petrol,Manual,1,6.92,4
Maruti S Cross,95630,Diesel,Manual,2,3.88,9
Volkswagen Vento,160000,Diesel,Manual,2,1.71,14
Volkswagen Vento,100000,Petrol,Manual,1,4.66,9
Honda City,87380,Petrol,Manual,1,3.0,14
Audi A4,120000,Diesel,Auto,3,7.14,11
Honda Amaze,120000,Diesel,Manual,2,3.1,12
Honda City,91700,Petrol,Manual,1,1.85,15
Hyundai i20,78870,Petrol,Manual,2,1.31,15
Maruti Wagon R 1.0,20370,Petrol,Manual,1,3.35,11
Maruti Wagon R 1.0,80450,Petrol,Auto,2,3.63,7
Maruti Alto K10,81610,Petrol,Manual,2,1.44,14
Maruti Ciaz,54430,Petrol,Manual,1,5.83,5
Maruti Baleno,8250,Petrol,Manual,1,6.66,3
Hyundai Xcent,73760,Diesel,Manual,1,4.56,7
Skoda Octavia,130000,Diesel,Manual,2,4.9,10
Maruti Dzire,59280,Diesel,Auto,1,6.0,8
Mahindra Thar,25510,Petrol,Manual,1,11.36,3
Toyota Etios,220000,Petrol,Manual,1,2.57,14
Hyundai Grand i10,71250,Diesel,Manual,1,3.17,11
Maruti Wagon R 1.0,120000,Petrol,Manual,1,1.88,14
KIA SONET,42800,Petrol,Manual,1,6.66,5
Honda City,62100,Petrol,Manual,2,3.7,11
Maruti Swift,17100,Petrol,Auto,1,7.64,1
Maruti Swift Dzire,170000,Diesel,Manual,2,4.65,10
Maruti Alto,89100,Petrol,Manual,2,1.21,15
Mahindra XUV500,85440,Diesel,Manual,3,7.57,10
Maruti Ertiga,210000,Diesel,Manual,2,3.0,13
Hyundai Grand i10,66160,Petrol,Manual,1,4.0,9
Maruti Baleno,15630,Petrol,Auto,1,6.84,6
Tata NEXON,13790,Petrol,Auto,1,11.83,2
Tata Harrier,76270,Diesel,Auto,1,15.51,3
Ford Ecosport,75240,Petrol,Manual,2,4.25,11
Ford Ecosport,67280,Diesel,Manual,1,5.5,11
Maruti Celerio,62500,Petrol,Auto,2,3.41,8
Honda City,120000,Petrol,Manual,2,2.1,14
Hyundai Creta,220000,Diesel,Manual,1,7.44,8
Skoda SLAVIA,19380,Petrol,Auto,1,11.58,3
Ford Ecosport,160000,Diesel,Manual,2,3.71,12
Maruti Vitara Brezza,120000,Diesel,Auto,1,7.57,7
Maruti Alto K10,40830,Petrol,Auto,2,3.1,8
KIA CARENS,39470,Diesel,Auto,1,17.73,1
KIA CARENS,96410,Diesel,Manual,1,12.85,3
Tata NEXON,23240,Petrol,Manual,1,7.98,4
Tata TIGOR EV,100000,Electric,Auto,1,5.8,3
Skoda Rapid,200000,Diesel,Manual,1,3.25,11
Toyota Innova Crysta,140000,Diesel,Manual,2,10.5,9
Tata Hexa,160000,Diesel,Auto,2,7.3,8
KIA SELTOS,32189,Diesel,Auto,2,16.0,3
KIA SONET,19150,Petrol,Manual,1,9.22,2
Mahindra Thar,44690,Diesel,Manual,1,12.7,3
Maruti Ertiga,76360,Petrol,Manual,2,8.19,5
Honda Mobilio,93140,Diesel,Manual,1,4.51,10
Skoda Superb,110000,Diesel,Auto,2,8.39,11
Honda ELEVATE,10680,Petrol,Auto,1,15.5,1
CITROEN E C3,41190,Electric,Auto,1,10.39,2
Maruti Ertiga,67550,Petrol,Manual,1,10.69,2
Audi Q7,95610,Diesel,Auto,2,10.5,13
Maruti BREZZA,19810,Petrol,Auto,1,9.8,3
Mahindra ALTURAS G4,160000,Diesel,Auto,1,14.99,6
Maruti Swift Dzire,150000,Diesel,Manual,4,1.44,14
Honda Amaze,59310,Petrol,Manual,2,5.51,3
Tata Zest,110000,Diesel,Manual,2,1.49,10
Maruti Swift,140000,Diesel,Manual,4,1.59,13
Maruti Wagon R 1.0,89400,Petrol,Manual,3,1.21,13
Hyundai Verna,72960,Petrol,Auto,3,2.6,12
Hyundai Creta,88910,Diesel,Auto,1,6.52,10
Hyundai Verna,120000,Diesel,Manual,3,1.8,14
Chevrolet Beat,110000,Diesel,Manual,3,1.28,13
Honda City,120000,Petrol,Auto,3,1.42,15
Hyundai Elite i20,89490,Diesel,Manual,1,3.92,11
Renault Kwid,9760,Petrol,Manual,1,4.07,7
Fiat Grand Punto,100000,Diesel,Manual,2,1.67,12
Tata NEXON,8260,Petrol,Manual,1,9.5,1
Toyota Etios Liva,270000,Diesel,Manual,1,2.82,12
Hyundai Creta,74340,Diesel,Manual,1,8.14,7
Mahindra Thar,23910,Petrol,Auto,2,12.0,2
Renault Duster,93910,Diesel,Manual,2,3.28,11
Maruti Vitara Brezza,30860,Petrol,Manual,2,6.26,4
Renault Kiger,96190,Petrol,Manual,2,5.3,3
Toyota Innova,150000,Diesel,Manual,2,6.13,11
Maruti S Cross,82130,Diesel,Manual,3,4.22,10
Maruti New Wagon-R,66240,Petrol,Manual,2,4.35,4
Mahindra XUV500,1140000,Diesel,Manual,2,3.0,13
MG HECTOR,37210,Petrol,Manual,1,14.55,4
Tata Safari,36980,Diesel,Manual,1,14.0,3
Hyundai ALCAZAR,130000,Diesel,Auto,1,12.94,4
Honda Amaze,92310,Petrol,Manual,1,4.69,6
Maruti Celerio,11110,Petrol,Manual,1,4.89,1
Maruti Alto K10,84390,Petrol,Manual,1,2.28,10
Volkswagen Polo,75390,Petrol,Manual,2,3.99,6
Honda Amaze,35950,Petrol,Manual,1,6.4,2
Tata Tiago,66060,Petrol,Manual,1,3.09,7
Tata NEXON,20370,CNG,Manual,1,7.61,2
Hyundai VENUE,36180,Petrol,Manual,1,6.86,3
Jeep Compass,95730,Diesel,Manual,1,6.93,8
Hyundai Elite i20,32600,Petrol,Manual,2,4.25,9
Tata ALTROZ,19330,Petrol,Manual,1,6.01,4
Hyundai Grand i10,96570,Diesel,Manual,2,2.81,9
Maruti Alto,72000,Petrol,Manual,1,3.23,3
Maruti Grand Vitara,22520,Petrol,Manual,1,10.8,1
Skoda Rapid,71510,Diesel,Manual,2,4.01,8
Maruti Swift Dzire,54930,Petrol,Manual,1,3.15,11
Maruti Baleno,69580,Petrol,Manual,2,4.8,6
Tata PUNCH,24840,Petrol,Auto,2,5.01,3
Renault Kwid,50740,Petrol,Manual,1,3.18,4
Hyundai NEW I20,52360,Petrol,Manual,2,5.78,5
Tata ALTROZ,69810,Petrol,Manual,1,4.79,5
Maruti Vitara Brezza,36970,Petrol,Manual,1,7.65,3
Hyundai Grand i10,25800,Petrol,Manual,2,3.09,9
Renault Kwid,54590,Petrol,Auto,1,2.63,8
Volkswagen Polo,73780,Petrol,Manual,1,5.13,5
Maruti Alto K10,2740,Petrol,Manual,1,4.13,1
Mahindra XUV500,99990,Diesel,Manual,1,7.7,6
Hyundai i20 Active,78980,Petrol,Manual,2,3.89,9
Maruti Ciaz,96690,Diesel,Manual,1,4.59,8
Hyundai NEW I20,15760,Petrol,Manual,1,6.79,2
Toyota Glanza,79830,Petrol,Manual,1,5.39,5
Hyundai GRAND I10 NIOS,7680,CNG,Manual,1,6.0,2
KIA CARENS,11590,Petrol,Manual,1,10.58,3
Tata NEXON,92050,Diesel,Manual,1,4.31,8
Maruti Ertiga,74320,Petrol,Manual,1,7.25,5
Maruti Alto,33980,CNG,Manual,1,3.87,2
Maruti Alto 800,67010,Petrol,Manual,1,2.37,9
Skoda SLAVIA,5330,Petrol,Auto,1,12.46,3
Hyundai Grand i10,24900,Petrol,Manual,1,3.6,8
Hyundai i10,43820,Petrol,Manual,1,2.21,12
Honda City,59300,Petrol,Auto,2,8.29,4
Renault Kwid,32560,Petrol,Manual,1,3.33,4
Hyundai Grand i10,48260,Petrol,Manual,1,3.19,9
Renault Kwid,52140,Petrol,Manual,1,3.39,3
Honda Amaze,24470,Petrol,Manual,1,6.96,1
Toyota Innova,91010,Diesel,Manual,3,6.69,10
Maruti Baleno,59970,Petrol,Manual,1,5.06,7
Honda City,86860,Petrol,Manual,2,6.3,6
Maruti Baleno,23400,Petrol,Auto,1,7.55,2
Hyundai NEW I20,11900,Petrol,Auto,1,8.45,1
MG HECTOR,33890,Diesel,Manual,1,12.29,5
Tata ALTROZ,73240,Diesel,Manual,1,5.99,4
Renault TRIBER,41180,Petrol,Manual,2,4.68,4
Tata PUNCH,15590,Petrol,Manual,1,6.76,2
Hyundai VENUE,41660,Petrol,Auto,1,8.79,3
Hyundai Creta,58330,Petrol,Auto,1,12.8,5
Hyundai Creta,85020,Diesel,Manual,1,5.95,10
Hyundai VENUE,65660,Petrol,Manual,1,6.25,5
Maruti Vitara Brezza,58340,Petrol,Manual,1,6.91,5
Jeep Compass,33400,Petrol,Manual,2,9.08,5
Maruti Ertiga,89350,Diesel,Manual,1,4.96,9
Tata NEXON,36490,Petrol,Manual,1,8.46,2
Honda City,78180,Petrol,Auto,2,8.08,5
Tata NEXON,35940,Petrol,Manual,1,7.6,3
Mahindra XUV300,17790,Petrol,Auto,1,8.7,4
KIA SONET,35840,Petrol,Manual,2,6.8,5
Toyota Glanza,10660,Petrol,Manual,1,6.36,2
Hyundai NEW SANTRO,65489,CNG,Manual,1,3.98,4
Hyundai Elite i20,65430,Petrol,Manual,1,4.49,8
Maruti New Wagon-R,21740,CNG,Manual,1,4.93,3
Honda City,120000,Petrol,Manual,3,4.5,9
Honda City,130000,Diesel,Manual,4,3.53,10
Hyundai Verna,130000,Diesel,Auto,3,3.05,10
Maruti Baleno,210000,Petrol,Manual,1,3.4,8
Tata PUNCH,3760,Petrol,Manual,1,7.55,0
Hyundai Creta,110000,Petrol,Manual,2,7.0,9
Hyundai i20,100000,Diesel,Manual,3,2.57,11
Honda Amaze,110000,Diesel,Manual,3,1.5,12
KIA SONET,25490,Diesel,Auto,1,12.73,1
Maruti Swift,88050,Petrol,Manual,1,4.26,5
Honda Amaze,200000,Diesel,Manual,2,1.94,11
KIA SONET,75300,Diesel,Manual,1,11.08,4
Volkswagen Polo,100000,Diesel,Manual,2,2.47,10
Hyundai Eon,51650,Petrol,Manual,3,1.55,11
Maruti Swift,150000,Diesel,Manual,1,2.25,13
Maruti Baleno,16720,Petrol,Manual,1,6.99,2
Maruti Ciaz,150000,Petrol,Manual,1,4.25,8
Skoda Rapid,210000,Diesel,Manual,4,2.31,12
Maruti Alto 800,68940,Petrol,Manual,2,1.97,10
Maruti Swift,71610,Petrol,Manual,2,1.21,15
